hmode,h,axis,aoa,mach0,mach1,n_cells,drift,gamma,n_stages,BaryCDI_l2_mean,Linear_l2_mean,FFD_l2_mean,BaryCDI_linf_max,Linear_linf_max,FFD_linf_max,BaryCDI_w2_mean,Linear_w2_mean,FFD_w2_mean,BaryCDI_cd_err_mean,Linear_cd_err_mean,FFD_cd_err_mean,BaryCDI_cl_err_mean,Linear_cl_err_mean,FFD_cl_err_mean,BaryCDI_cl_abs_max,Linear_cl_abs_max,FFD_cl_abs_max,cd_ref_mean,cl_ref_mean,ffd_backfilled,BaryCDI_l2band_mean,Linear_l2band_mean,FFD_l2band_mean,BaryCDI_dbeta_mean,Linear_dbeta_mean,FFD_dbeta_mean,BaryCDI_sharpness,Linear_sharpness,FFD_sharpness,BaryCDI_rh_mean,Linear_rh_mean,FFD_rh_mean,BaryCDI_offline_s,BaryCDI_recon_s,BaryCDI_total_s,FFD_offline_s,FFD_recon_s,FFD_total_s,Linear_recon_s,interp_setup_s,interp_s,ipfp_res,ipfp_res_l2,ipfp_converged,ipfp_iters,ipfp_time_s,gate_T,gate_S,disp_T,den_T_max,path
eig,0.025,mach,0.0,0.8,0.9,23548,SBsquared_exact+ffd,0.0001,8,0.019553850488380767,0.023340495322464398,0.02069282244865053,0.4322006453086753,0.4341567218303679,0.4704005302783578,nan,nan,nan,0.0025176515070893667,0.002194889800959858,0.01973424185390393,0.0006318171475551155,0.0011406771668571467,0.001350625787537862,0.002962620208444898,0.003472331325497623,0.002286360029693496,0.04602296675976563,0.0012042733848182956,,0.0499389560942678,0.05436803577402452,0.012110735794983169,nan,nan,nan,0.6899729003990911,0.9997669412075901,0.6635320822720236,nan,nan,nan,1354.4790348233655,0.4764990359544754,1354.95553385932,0.011028365232050419,0.40979744866490364,0.42082581389695406,0.0011482909321784973,0.019131435081362724,0.9065798558294773,8.86731186255929e-08,5.4707098872382314e-08,True,2001,1354.4790348233655,0,0,0.024158408456409586,13941336141.688002,outputs/Mach_interpolation/naca0012/iso/hessian/eig/h0.025/M0.80-0.90/drift_SBsquared_exact+ffd/gmin0.0001
eig,0.025,mach,0.0,0.9,1.0,23548,SBsquared_exact+ffd,0.0001,8,0.018370507745417486,0.029057661532371486,0.008961569703089157,0.3574736778081946,0.5637418031692505,0.5628250155941315,nan,nan,nan,0.0033654067390063666,0.0015857134560530004,0.005942805751220651,0.002146821834262394,0.0009921530728408884,0.002316764082295173,0.004406053380330564,0.003231997929473239,0.003808174161249631,0.08889940095738784,0.0019486100606276799,,0.033984709800364776,0.06616363696814194,0.02493817669636522,nan,nan,nan,0.9790417936758185,1.0416204936663231,0.7581852751325331,nan,nan,nan,1366.779633487924,0.5040063429623842,1367.2836398308864,0.00962804292794317,0.43568092701025307,0.44530896993819624,0.0011168689234182239,0.018810629029758275,0.9596168809803203,9.364112507626032e-08,2.5294035867612962e-08,True,1945,1366.779633487924,0,0,0.06563133315851016,3.066807966964451e+17,outputs/Mach_interpolation/naca0012/iso/hessian/eig/h0.025/M0.90-1.00/drift_SBsquared_exact+ffd/gmin0.0001
eig,0.025,mach,0.0,1.0,1.1,23548,SBsquared_exact+ffd,0.0001,8,0.023909155484884655,0.029569762679791278,0.011086574479924859,0.5889707659299965,0.5999207735061646,0.4968964909632104,nan,nan,nan,0.008248235849469255,0.0009745000508351448,0.011104575930622465,0.0029536128519414896,0.0007717009289351178,0.0009127803807398247,0.005345553098238343,0.0008484240233315544,0.001081227576858565,0.10355119820397703,0.0006436220963663847,,0.0695379204840367,0.06157419357666578,0.03628074639075437,nan,nan,nan,0.7443615563545533,1.1066384017070223,0.9016028041612637,nan,nan,nan,1521.4019848639728,0.4760587479977403,1521.8780436119705,0.009487311996053904,0.4081749760080129,0.4176622880040668,0.00107989099342376,0.018583976983791217,0.9038996059971396,9.140608625557434e-08,3.071852710961522e-08,True,2146,1521.4019848639728,0,0,0.05322631775446415,1.0997046646941639e+19,outputs/Mach_interpolation/naca0012/iso/hessian/eig/h0.025/M1.00-1.10/drift_SBsquared_exact+ffd/gmin0.0001
eig,0.025,mach,0.0,1.1,1.2,23548,SBsquared_exact+ffd,0.0001,8,0.016247576736567015,0.026410086575178234,0.010495363346332252,0.4014862180059605,0.3402608156204223,0.5422775297720983,nan,nan,nan,0.005130682639878651,0.00026728502066358643,0.007726646682431189,0.002452545521897235,0.0005891711850093081,0.00105075867351521,0.003334820263398929,0.0007910481083013683,0.0016217930722943435,0.10104820265022862,0.00045845497549726593,,0.01773640912781732,0.0354588181357687,0.021100298309219147,nan,nan,nan,0.8946234899928429,1.0078254631224361,0.5779668500669793,nan,nan,nan,1570.3438295740634,0.4750417299801484,1570.8188713040436,0.009238732047379017,0.40796781389508396,0.417206545942463,0.0011000909144058824,0.018734736018814147,0.9028484990121797,9.681017942853032e-08,5.7058697817805765e-08,True,2397,1570.3438295740634,0,0,0.026580350120136105,66251121161168.266,outputs/Mach_interpolation/naca0012/iso/hessian/eig/h0.025/M1.10-1.20/drift_SBsquared_exact+ffd/gmin0.0001
eig,0.025,mach,0.0,1.2,1.3,23548,SBsquared_exact+ffd,0.0001,8,0.013098107733561742,0.022609540629959877,0.010132801448620783,0.6369612513360102,0.37157476544380197,0.5695160227155324,nan,nan,nan,0.013705714536390167,0.00019071674470029962,0.007243331273346527,0.005525911111398095,0.0007552199556830961,0.0017237489987364336,0.008053712282089854,0.00041841563996105073,0.00206300392274726,0.09896135502438419,0.0006784077242135195,,0.02992644672797599,0.08188345061228061,0.02777749305203963,nan,nan,nan,1.0315900416966473,1.0318707990445084,0.6535207456763091,nan,nan,nan,1809.6119070379937,0.4749982889916282,1810.0869053269853,0.009180850989650935,0.4050464090250898,0.41422726001474075,0.0010802350006997585,0.01885750101064332,0.899984679010231,7.782253774735182e-08,4.135532673118351e-08,True,2663,1809.6119070379937,0,0,0.07953340921318434,1667660899338244.5,outputs/Mach_interpolation/naca0012/iso/hessian/eig/h0.025/M1.20-1.30/drift_SBsquared_exact+ffd/gmin0.0001
eig,0.025,mach,0.0,1.3,1.4,23548,SBsquared_exact+ffd,0.0001,8,0.011631453934045922,0.018135030815605028,0.007322013576182788,0.5792225040079193,0.42035608887672415,0.548182528534186,nan,nan,nan,0.00932040663549701,0.00013126764113339303,0.007358189181217746,0.004710833302219278,0.00046834239629559054,0.0018246382303452487,0.006727922543205531,0.00041768455964338614,0.0029010597002998386,0.09743348305194131,0.0003854535664023596,,0.02636655975710912,0.07992817366683808,0.02506155670191128,nan,nan,nan,0.8471384281415475,1.0007382264342448,0.6842479324212751,nan,nan,nan,1975.097037116997,0.4766624942421913,1975.5736996112391,0.01078533474355936,0.40909395460039377,0.41987928934395313,0.001579267904162407,0.018998926505446434,0.9063372975215316,1.9072934200892178e-06,8.416679784989963e-07,False,3399,1975.097037116997,0,0,0.0697873380077519,35777025976.25608,outputs/Mach_interpolation/naca0012/iso/hessian/eig/h0.025/M1.30-1.40/drift_SBsquared_exact+ffd/gmin0.0001
eig,0.025,mach,0.0,1.4,1.5,23548,SBsquared_exact+ffd,0.0001,8,0.008696878209222037,0.013551469054970653,0.005388262043534889,0.4311859581676273,0.5202486753463746,0.4408702648962266,nan,nan,nan,0.005724319787901248,0.00011433794153664943,0.004891709136308851,0.0004475904394685931,0.00028875417339903787,0.0003746355628278199,0.000606402340731741,0.00010989380886875516,0.0005518772509699541,0.09638692132673897,0.00028859082353992926,,0.024428637703363756,0.06513321512364202,0.02374204122367489,nan,nan,nan,0.676147213825052,0.9130213919572806,0.7277954816172043,nan,nan,nan,1473.7506043690373,0.4745380590320565,1474.2251424280694,0.009361112024635077,0.4085958450450562,0.41795695706969127,0.001117555017117411,0.018567432009149343,0.9028213970013894,9.78688987629539e-08,5.989126832073638e-08,True,2421,1473.7506043690373,0,0,0.04262299242834879,73511979549.62808,outputs/Mach_interpolation/naca0012/iso/hessian/eig/h0.025/M1.40-1.50/drift_SBsquared_exact+ffd/gmin0.0001
eig,0.025,mach,0.0,1.5,1.6,23548,SBsquared_exact+ffd,0.0001,8,0.008279899893764712,0.010434668505040013,0.004539862950201494,0.3904192251300339,0.4329843521118164,0.42276427994719956,nan,nan,nan,0.003330955269492169,0.00023711260078121565,0.0029923030880684275,0.0014900054524154406,0.00032683943141845293,0.0015924887245473349,0.0022134913240267136,0.0007535096770369227,0.0017194992272335182,0.09540550706252164,0.00037712346087783984,,0.02160340315118145,0.048759325881880505,0.02258485503388226,nan,nan,nan,0.6913081139927585,0.7426430993755051,0.7632549235605837,nan,nan,nan,745.713322382886,0.4422109769657254,746.1555333598517,0.00816718116402626,0.38730387995019555,0.3954710611142218,0.000438041053712368,0.017512638121843338,0.8474708232097328,9.896677255483155e-08,2.8703561316263546e-08,True,2178,745.713322382886,0,0,0.02938796334464027,1.1031287216801749e+17,outputs/Mach_interpolation/naca0012/iso/hessian/eig/h0.025/M1.50-1.60/drift_SBsquared_exact+ffd/gmin0.0001
eig,0.025,mach,0.0,1.6,1.7,23548,SBsquared_exact+ffd,0.0001,8,0.008888792071212267,0.00903601512107888,0.006620129002678064,1.0399636902649378,1.0806956678628923,1.0873955183483368,nan,nan,nan,0.001994935424448868,0.0028420745649762246,0.0033577244334882317,0.0022849835980890787,0.0030582568376252197,0.0038806681177405693,0.0019022428627595116,0.0007963798214780307,0.0005751199392542251,0.09110144393464797,0.003606047375843329,,0.035477790123666406,0.03830452694661601,0.036488025598228606,nan,nan,nan,0.7423196730382347,0.7474808539121909,0.7460983382738776,nan,nan,nan,784.7637074477971,0.43968723621219397,785.2033946840093,0.01028727786615491,0.3869016417302191,0.39718891959637403,0.0010205800645053387,0.018531263805925846,0.846143826842308,8.97108876074526e-08,3.062786560059704e-08,True,1972,784.7637074477971,0,0,0.015551547320815946,64342994430.124245,outputs/Mach_interpolation/naca0012/iso/hessian/eig/h0.025/M1.60-1.70/drift_SBsquared_exact+ffd/gmin0.0001
eig,0.025,mach,0.0,1.7,1.8,23548,SBsquared_exact+ffd,0.0001,8,0.0067644847615731234,0.00790744464315251,0.004461160087830223,0.5722595883402797,0.4973820686340332,0.48970526022759087,nan,nan,nan,0.008451063050003788,0.0015946961794066658,0.0026572402386247484,0.0006176222236191882,0.0005846794062010577,0.0017926861625036585,0.0016354136691003112,0.0011723014067434414,0.002907907475676049,0.09321922992576821,0.0008472606640478158,,0.026829521490302086,0.03865786459642868,0.024780551143726286,nan,nan,nan,0.7435184040392057,0.9263115998807491,0.7361596831490019,nan,nan,nan,1420.2612553989748,0.4736320760566741,1420.7348874750314,0.010135611984878778,0.40898261207621545,0.4191182240610942,0.0010587199358269572,0.018707275041379035,0.9023827470373362,9.59643315923131e-08,2.6900278826979262e-08,True,2318,1420.2612553989748,0,0,0.039554837942715755,94340441476181.4,outputs/Mach_interpolation/naca0012/iso/hessian/eig/h0.025/M1.70-1.80/drift_SBsquared_exact+ffd/gmin0.0001
eig,0.025,mach,0.0,1.8,1.9,23548,SBsquared_exact+ffd,0.0001,8,0.005483099469759523,0.006111940380036422,0.0034085003268596965,0.40608151648923085,0.3959732532501221,0.4064901934255087,nan,nan,nan,0.0009350599956829255,0.000723007261232026,0.0012275738846598118,0.0005368094296048166,0.00027057334630694306,0.0006593129108660113,0.003438476635009411,0.0037104519301695087,0.003318696372891031,0.08537450839473235,0.0025772976030083946,,0.018790696017921972,0.02392847807161358,0.016705395333208917,nan,nan,nan,0.7356198566253156,0.9473895826249251,0.7533351215952694,nan,nan,nan,1859.7110661219922,0.5110145809594542,1860.2220807029516,0.010748723987489939,0.4378092940314673,0.4485580180189572,0.0010920180357061327,0.018758716993033886,0.9686768330284394,1.550617884760186e-06,5.643519145150177e-07,False,3235,1859.7110661219922,0,0,0.024286841025629592,8208431496005.45,outputs/Mach_interpolation/naca0012/iso/hessian/eig/h0.025/M1.80-1.90/drift_SBsquared_exact+ffd/gmin0.0001
eig,0.025,mach,0.0,1.9,2.0,23548,SBsquared_exact+ffd,0.0001,8,0.004018840815222387,0.004777764488118775,0.0029552558560744517,0.37199022139621407,0.3449802517890932,0.4448948178002695,nan,nan,nan,0.0006870054199965712,0.0002781203042832288,0.000569818352582944,0.0007237399363653902,0.00022942479697547362,0.0012362022216639112,0.0053262083224036244,0.005530893423178863,0.005126661289227454,0.07863133521688818,0.005018376648966553,,0.013923997953299547,0.015972340615512743,0.013383734081342545,nan,nan,nan,0.8248245892823081,1.0005664357969053,0.7292128053676212,nan,nan,nan,796.2539582112804,0.44943022076040506,796.7033884320408,0.008856098167598248,0.3942130245268345,0.40306912269443274,0.0010159006342291832,0.019151792861521244,0.8638132931664586,2.0311291031305245e-06,5.971927397894177e-07,False,3202,796.2539582112804,0,0,0.008621094286711393,2292620.9631717154,outputs/Mach_interpolation/naca0012/iso/hessian/eig/h0.025/M1.90-2.00/drift_SBsquared_exact+ffd/gmin0.0001
eig,0.025,mach,0.0,2.0,2.1,23548,SBsquared_exact+ffd,0.0001,8,0.0063981706434017155,0.0054225308689139625,0.00648855649736984,1.402233194753036,0.6713736489415169,1.012003886236983,nan,nan,nan,0.013640824787049734,0.003969712926709291,0.003713337151868575,0.0026994988628477553,0.0015768844119595613,0.0019609734298914566,0.005214701141865601,0.005530940431691921,0.005079423475840697,0.08404322062889444,0.00430398665330389,,0.030625689115493612,0.02964305529111307,0.03704934302637167,nan,nan,nan,0.5701681155815388,0.7730521928332327,0.6747769983829787,nan,nan,nan,874.8510708222166,0.4406566210091114,875.2917274432257,0.010188932064920664,0.38847959600389004,0.3986685280688107,0.0006242007948458195,0.017488008830696344,0.8472514096647501,1.322250398061442e-07,3.582588998789758e-08,False,3086,874.8510708222166,0,0,0.05036786048314448,1.7679805542428288e+28,outputs/Mach_interpolation/naca0012/iso/hessian/eig/h0.025/M2.00-2.10/drift_SBsquared_exact+ffd/gmin0.0001
eig,0.025,mach,0.0,2.1,2.2,23548,SBsquared_exact+ffd,0.0001,8,0.0040579123078591205,0.0037368970013583764,0.0029594571066217145,0.9933730720615919,0.8750494778156281,0.8540023765583962,nan,nan,nan,0.011034432164665483,0.0004691653697344311,0.0004978366193309784,0.0033404323155681722,0.0016521043121605272,0.002230273083165716,0.0052901558292321234,0.006517725092787959,0.006154509546872214,0.08670235177132207,0.006969910914451998,,0.021537698212625276,0.018983298846759884,0.017964008721896844,nan,nan,nan,0.6775959575249461,0.8633783628645161,0.8492344722684776,nan,nan,nan,969.1007527783513,0.43754824390634894,969.5383010222577,27.284378682728857,0.3823709390126169,27.666749621741474,0.0002457411028444767,0.018435182981193066,0.8386025698855519,5.382807975351511e-06,1.921846660533512e-06,False,3674,969.1007527783513,0,0,0.040709868097985547,266722.63408002426,outputs/Mach_interpolation/naca0012/iso/hessian/eig/h0.025/M2.10-2.20/drift_SBsquared_exact+ffd/gmin0.0001
eig,0.025,mach,0.0,2.2,2.3,23548,SBsquared_exact+ffd,0.0001,8,0.004846001266993944,0.002605523954210225,0.0028319564118908878,1.3183230439063136,0.40266804695129377,0.5157102464503314,nan,nan,nan,0.012272827580652871,0.00014648248240959092,0.00045478367065041357,0.002777006329609251,0.0004187146507091942,0.0016875653094655658,0.005031429699275548,0.007457386512014414,0.006291157376525679,0.08362252712638468,0.0069628282429214355,,0.026821806823421574,0.006594855496488351,0.012364601307054766,nan,nan,nan,0.6338883599161214,0.9932496330870492,0.7136231847325407,nan,nan,nan,798.9516685362905,0.44181390199810266,799.3934824382886,30.180109253618866,0.3858089982531965,30.565918251872063,0.0010003498755395412,0.017635345924645662,0.8462634729221463,9.728933036967646e-08,3.713882034223908e-08,True,3126,798.9516685362905,0,0,0.06034045890546504,2990664.9616360264,outputs/Mach_interpolation/naca0012/iso/hessian/eig/h0.025/M2.20-2.30/drift_SBsquared_exact+ffd/gmin0.0001
eig,0.025,mach,0.0,2.3,2.4,23548,SBsquared_exact+ffd,0.0001,8,0.0026662232131149013,0.0018929661707917439,0.0018111706042854446,0.6422210678819005,0.09980418682098424,0.16243405080452522,nan,nan,nan,0.0006294022356690318,9.085157435999303e-05,0.0007117000311400877,0.0014282242857118189,0.0001066260988286508,0.0011545309516809924,0.007953339328530488,0.00876171863955074,0.008260534314927646,0.08106893552139874,0.008387899900902305,,0.011971850919009049,0.004184887059432906,0.0066745849045416715,nan,nan,nan,0.8832989744421247,0.9951755272529581,0.970675329452795,nan,nan,nan,1538.7869140260154,0.47455681301653385,1539.261470839032,36.567985164991114,0.41143745597219095,36.979422620963305,0.0003722169785760343,0.019711031985934824,0.9060793810058385,2.5748364617328434e-05,7.0668583018783066e-06,False,3176,1538.7869140260154,0,0,0.003583822530845325,7716.47986536907,outputs/Mach_interpolation/naca0012/iso/hessian/eig/h0.025/M2.30-2.40/drift_SBsquared_exact+ffd/gmin0.0001
eig,0.025,mach,0.0,2.4,2.5,23548,SBsquared_exact+ffd,0.0001,8,0.002842968569107668,0.001440097699525693,0.0016184212894700001,0.9702550880569714,0.153633713722229,0.21979098986325818,nan,nan,nan,0.0009879045225075597,0.0003315946024186796,0.0002454264131031913,0.0032319985791015456,0.0004011595603640153,0.0017309640343625464,0.008260777902420685,0.009678528660855695,0.00900347428728603,0.07950355921433928,0.009732829617564685,,0.01449220316069861,0.0037174710797485016,0.0055774207713309145,nan,nan,nan,0.8004468400966078,1.0464977138967224,0.9255227108392846,nan,nan,nan,1547.892642681487,0.48599463887512684,1548.378637320362,39.732208428904414,0.422830487601459,40.15503891650587,0.0004707826301455498,0.01969816256314516,0.9289999725297093,8.432111452449931e-05,2.814496958839122e-05,False,3387,1547.892642681487,0,0,0.014786862097074796,1604.2399299125723,outputs/Mach_interpolation/naca0012/iso/hessian/eig/h0.025/M2.40-2.50/drift_SBsquared_exact+ffd/gmin0.0001
eig,0.025,mach,0.0,2.5,2.6,23548,SBsquared_exact+ffd,0.0001,8,0.003068822089125547,0.001327092010334764,0.00153529727012844,1.6727866973724483,0.13075394630432124,0.3542543373145719,nan,nan,nan,0.0029195876396240633,0.00023016241640120652,0.00047699277800119296,0.0026835574423315794,0.0004022947341235444,0.001253907411518831,0.008169285446940119,0.00954584087264791,0.008714705718529722,0.07849810795467219,0.008328256821915243,,0.01702411771038574,0.0031531496666385036,0.0059777900204535375,nan,nan,nan,0.5688877290687554,0.9973900450641393,0.85649294116464,nan,nan,nan,840.4248209521174,0.43462470918893814,840.8594456613064,29.1200630068779,0.38294294010847807,29.503005946986377,0.0010316572152078152,0.01847323076799512,0.8370749107562006,2.4202115405103086e-06,7.852941598141414e-07,False,3787,840.4248209521174,0,0,0.022362640961040972,1888.636747080697,outputs/Mach_interpolation/naca0012/iso/hessian/eig/h0.025/M2.50-2.60/drift_SBsquared_exact+ffd/gmin0.0001
eig,0.025,mach,0.0,2.6,2.7,23548,SBsquared_exact+ffd,0.0001,8,0.0025889767794515187,0.0011827071554286006,0.001776440233557941,0.8644318053575715,0.137337017059326,0.6118797774809024,nan,nan,nan,0.0016972840236494924,7.904633389177617e-05,0.0011179931038266349,0.0027845207649595375,0.00012958774378914339,0.0008982996274185845,0.0075017059524899,0.009035537572645679,0.008380301676338962,0.07695680231117681,0.008352429290458012,,0.013798290797329948,0.00211248338829067,0.009820792787929947,nan,nan,nan,0.6973713151786219,0.9961751366067619,0.6916827571881513,nan,nan,nan,857.8800247181207,0.4362774407491088,858.3163021588698,27.961481851991266,0.3844167487695813,28.345898600760847,0.00030817463994026184,0.017634364776313305,0.8386392728425562,7.857976892822194e-05,2.4610202145709344e-05,False,3808,857.8800247181207,0,0,0.007195318874173276,1541.7130420797985,outputs/Mach_interpolation/naca0012/iso/hessian/eig/h0.025/M2.60-2.70/drift_SBsquared_exact+ffd/gmin0.0001
eig,0.025,mach,0.0,2.7,2.8,23548,SBsquared_exact+ffd,0.0001,8,0.007422537620754029,0.005920947177049742,0.006154985946095711,2.199010811943274,2.0625467598438267,2.2954989934173304,nan,nan,nan,0.005582552722593759,0.002935581070613583,0.006179780882266734,0.01139512379526235,0.005766623451982331,0.005640508505206464,0.00409282948229019,0.00818762129727204,0.008505037288739086,0.07619629039920942,0.010222442158535218,,0.03522484337899107,0.02768547012560233,0.03565749161674555,nan,nan,nan,0.4967648433729819,0.8397993726170435,0.7010005100656226,nan,nan,nan,770.8811463946477,0.6885467311367393,771.5696931257844,28.574536940082908,0.6371353715658188,29.211672311648726,0.0009644338861107826,0.03213409800082445,1.3587843794375658,2.3115555794817055e-05,8.292759402696466e-06,False,3991,770.8811463946477,0,0,0.04440305463480958,3875125.312938358,outputs/Mach_interpolation/naca0012/iso/hessian/eig/h0.025/M2.70-2.80/drift_SBsquared_exact+ffd/gmin0.0001
eig,0.025,mach,0.0,2.8,2.9,23548,SBsquared_exact+ffd,0.0001,8,0.002882863318186018,0.0011401969079288044,0.0011402004896989336,1.3590256035765758,0.15338668823242152,0.1533859952399088,nan,nan,nan,0.006168644365960029,0.00021030966516705373,0.00021031460665605104,0.001171985113348987,0.0002895254210978,0.0002895226204764625,0.001007194242685038,0.0006285290856446224,0.0006284875561276886,0.08017598229587561,0.0006272627035634155,,0.011853785511693046,0.0021178539458038535,0.0021178474944549093,nan,nan,nan,0.7072494270500853,0.9976829462038905,0.9976797369584408,nan,nan,nan,985.5618242481723,0.436628770083189,985.9984530182555,28.451377097517252,0.38966698572039604,28.841044083237648,0.0002485457807779312,0.018115209415555,0.8446616334840655,1.85451135585879e-05,5.1129763597260295e-06,False,3543,985.5618242481723,0,0,0.014142050097920893,773.8260266560947,outputs/Mach_interpolation/naca0012/iso/hessian/eig/h0.025/M2.80-2.90/drift_SBsquared_exact+ffd/gmin0.0001
eig,0.025,mach,0.0,2.9,3.0,23548,SBsquared_exact+ffd,0.0001,8,0.0027506107610195045,0.0010260359102995922,0.001026040049640052,1.2976110793647464,0.1009523868560791,0.1009523868560791,nan,nan,nan,0.005763566847859261,0.00011604677142271357,0.00011605595089468007,0.00034941148783243986,0.00012861765654282253,0.00012860706172382078,0.0013820772663131608,0.0020612118462765166,0.002061165670074375,0.07778761795800776,0.0013492652731903064,,0.01161642271014836,0.001838788359388349,0.00183879322737745,nan,nan,nan,0.7620105715957441,0.9982885972984042,0.9982848150190339,nan,nan,nan,1475.7281198960263,0.4727207589894533,1476.2008406550158,36.35529660002794,0.6188227270031348,36.974119327031076,0.001113662961870432,0.01912362198345363,1.1117828839924186,5.8441526551433753e-05,1.8859912752322146e-05,False,3771,1475.7281198960263,0,0,0.009213513836568168,965.7230227940233,outputs/Mach_interpolation/naca0012/iso/hessian/eig/h0.025/M2.90-3.00/drift_SBsquared_exact+ffd/gmin0.0001
eig,0.025,mach,2.0,0.8,0.9,23548,SBsquared_exact+ffd,0.0001,8,0.020465077280787215,0.02487542138029235,0.022217160158254902,0.7598350791215929,0.5464495897293091,0.5948146712423183,nan,nan,nan,0.020430139958676916,0.002176073245361046,0.03079049344649395,0.026932299931958073,0.002849561204956904,0.00910784063184903,0.24113706280370645,0.25399410931522715,0.2526220659499447,0.046312903564739286,0.2535516525864444,,0.05270964410947794,0.06248535257348246,0.018863924984519432,nan,nan,nan,0.8770219773682262,1.0028023593842412,0.5161213919606473,nan,nan,nan,1341.8569402690046,0.47748372703790665,1342.3344239960425,35.13923942600377,0.4084908809745684,35.54773030697834,0.001147446921095252,0.01892087794840336,0.9060452079866081,9.654658583713172e-08,4.339696060480715e-08,True,2027,1341.8569402690046,0,0,0.06461507325353542,152836383844830.8,outputs/Mach_interpolation/naca0012/iso/hessian/eig/h0.025/aoa2.00/M0.80-0.90/drift_SBsquared_exact+ffd/gmin0.0001
eig,0.025,mach,2.0,0.9,1.0,23548,SBsquared_exact+ffd,0.0001,8,0.020139760996682705,0.02932747431243988,0.009217256754255903,0.6189361153346346,0.5190495610237122,0.7435315747268186,nan,nan,nan,0.0029361625558917276,0.0014281042338068176,0.009092208524780288,0.02567818274863722,0.012242044752471688,0.03144160100402002,0.23141372909641444,0.23871986441730053,0.23123790201215866,0.08851231921516327,0.22379281903556875,,0.042870501716917656,0.06599485057223593,0.028916808102322254,nan,nan,nan,0.782275524034467,1.0409545619726022,0.7309695974689783,nan,nan,nan,778.1022643772885,0.44070180831477046,778.5429661856033,26.565289681777358,0.3903775969520211,26.95566727872938,0.0002629058435559273,0.01780792372301221,0.8491586889140308,9.530549505143426e-08,4.782221430005136e-08,True,2383,778.1022643772885,0,0,0.06136043696978309,33430721456459.33,outputs/Mach_interpolation/naca0012/iso/hessian/eig/h0.025/aoa2.00/M0.90-1.00/drift_SBsquared_exact+ffd/gmin0.0001
eig,0.025,mach,2.0,1.0,1.1,23548,SBsquared_exact+ffd,0.0001,8,0.023490796567434927,0.02952512893783962,0.010854379502364002,0.6320337821908275,0.7138084471225739,0.5930076957626014,nan,nan,nan,0.013645847239385799,0.0009183565878316489,0.01132947353622903,0.004737879482184583,0.0009430008845788386,0.016057808322681236,0.1747900586556849,0.1782330045549274,0.1688463281271151,0.10307138012644176,0.1685281076065708,,0.05617367892877692,0.05719874050729459,0.029277940882757383,nan,nan,nan,1.1212409152643705,1.2129613781011988,0.8031082356128274,nan,nan,nan,1487.7380831399933,0.4784910073503852,1488.2165741473436,36.09397460706532,0.41380895115435123,36.50778355821967,0.0009968476369976997,0.01906050182878971,0.9123648228123784,9.527557764954508e-08,3.941649751150846e-08,True,2227,1487.7380831399933,0,0,0.041280425721646696,1.7928214493963236e+18,outputs/Mach_interpolation/naca0012/iso/hessian/eig/h0.025/aoa2.00/M1.00-1.10/drift_SBsquared_exact+ffd/gmin0.0001
eig,0.025,mach,2.0,1.1,1.2,23548,SBsquared_exact+ffd,0.0001,8,0.016692363059820033,0.026401132497099238,0.010702456670214825,0.4859967043524178,0.3718847751617431,0.6033768939749393,nan,nan,nan,0.00720595606749761,0.00010529726270250746,0.007461739242423378,0.008286700913193834,0.0008710418694749687,0.010843154482691415,0.14965782337042244,0.15505916724897983,0.148179259248721,0.10074978110746907,0.147850451261338,,0.021630131886482766,0.03637980814104801,0.022454613510098906,nan,nan,nan,0.9937512549067553,1.008742853023684,0.653388195725846,nan,nan,nan,890.6767386910506,0.7034414261579514,891.3801801172085,26.42721275705844,0.6508092880249023,27.078022045083344,0.0002618851140141487,0.03328011417761445,1.387795186135918,9.302388548348972e-08,5.197145557770518e-08,True,3056,890.6767386910506,0,0,0.03416025452318074,7933310231210875.0,outputs/Mach_interpolation/naca0012/iso/hessian/eig/h0.025/aoa2.00/M1.10-1.20/drift_SBsquared_exact+ffd/gmin0.0001
eig,0.025,mach,2.0,1.2,1.3,23548,SBsquared_exact+ffd,0.0001,8,0.013236339048044063,0.022672782106855773,0.010085507926687639,0.5351118178355483,0.36341125965118426,0.6292061209377828,nan,nan,nan,0.006349024245691522,0.0001508515897616975,0.007607074993598171,0.014513862075928132,0.00033612007623798964,0.009584431759801178,0.13290086067416929,0.1395486612424047,0.13628730688469212,0.09869635447253826,0.13454213046727162,,0.022041090340796075,0.06889668394924245,0.025445853626629888,nan,nan,nan,0.7789524102358223,0.9981536605338279,0.6750076381869835,nan,nan,nan,965.0434961095452,0.49454751517623663,965.5380436247215,26.093811101280153,0.38539992552250624,26.47921102680266,0.0002569267526268959,0.017820038832724094,0.8980308966711164,9.779555831812559e-08,4.59204948281414e-08,True,2189,965.0434961095452,0,0,0.04656694808052192,457346818535228.25,outputs/Mach_interpolation/naca0012/iso/hessian/eig/h0.025/aoa2.00/M1.20-1.30/drift_SBsquared_exact+ffd/gmin0.0001
eig,0.025,mach,2.0,1.3,1.4,23548,SBsquared_exact+ffd,0.0001,8,0.012761410673012605,0.018310647129712396,0.0073633455985833325,0.6724806278977529,0.4423632025718689,0.5721847672609653,nan,nan,nan,0.015260309460409318,9.083434584757077e-05,0.007495308255776289,0.00941118060989711,0.0003036951612451951,0.007679744669713585,0.12195543265471474,0.1275779680415231,0.12490831219835109,0.09721338762878678,0.1237618771482562,,0.03041181436535576,0.07970310819460054,0.025391393782031053,nan,nan,nan,0.9402586206405827,0.9320298622364944,0.69754911069938,nan,nan,nan,2022.339794553991,0.48392623203108087,2022.823720786022,33.05338098597713,0.41480750002665445,33.46818848600378,0.0012037880369462073,0.019356282020453364,0.9192976190242916,7.544093350020376e-08,1.3290718794319581e-08,True,3051,2022.339794553991,0,0,0.08728728964906572,1105786711646.428,outputs/Mach_interpolation/naca0012/iso/hessian/eig/h0.025/aoa2.00/M1.30-1.40/drift_SBsquared_exact+ffd/gmin0.0001
eig,0.025,mach,2.0,1.4,1.5,23548,SBsquared_exact+ffd,0.0001,8,0.009078380444032683,0.013694445765742247,0.00536994663641343,0.6552156347210816,0.5337103366851808,0.45325476272204424,nan,nan,nan,0.013657045127136367,7.14801789675155e-05,0.004148457057072298,0.00488031602284605,0.0002338716901804233,0.006733202680380694,0.11463510957340624,0.11816051544607961,0.1143363243501695,0.09620202198594992,0.11415620227264779,,0.028501101777081275,0.06649721837118795,0.02388430965154865,nan,nan,nan,0.8788980024293853,0.8524743193756179,0.7587563395753506,nan,nan,nan,1501.436830312945,0.48603636701591313,1501.9228666799609,35.900912320939824,0.4173259859671816,36.318238306907006,0.0011520349653437734,0.02029712894000113,0.9248134319204837,8.827146302792244e-08,3.9808843574919837e-08,True,2123,1501.436830312945,0,0,0.07064879954336258,2.366112100541234e+19,outputs/Mach_interpolation/naca0012/iso/hessian/eig/h0.025/aoa2.00/M1.40-1.50/drift_SBsquared_exact+ffd/gmin0.0001
eig,0.025,mach,2.0,1.5,1.6,23548,SBsquared_exact+ffd,0.0001,8,0.008466469405988239,0.010459993010820902,0.004712323566029307,0.6003095189456472,0.42330573797225934,0.48977313491404717,nan,nan,nan,0.007508290066564631,0.00010734423831164507,0.003594809038616753,0.004908250803458713,0.000362136971465256,0.005252841015466957,0.10674065537086494,0.10887631079472557,0.10684733981810288,0.094986439350618,0.10566167711961695,,0.02318115921960595,0.04789191682569834,0.023795533334182134,nan,nan,nan,0.7496467568848574,1.031739010111765,0.7739071713730512,nan,nan,nan,1732.5091552070226,0.4815127809997648,1732.9906679880223,40.307291775010526,0.4193872989853844,40.72667907399591,0.0011052180198021233,0.019869537034537643,0.9218766370322555,9.767575193109224e-08,2.3994207240392503e-08,True,2164,1732.5091552070226,0,0,0.04204198778236847,1.2654692270420734e+19,outputs/Mach_interpolation/naca0012/iso/hessian/eig/h0.025/aoa2.00/M1.50-1.60/drift_SBsquared_exact+ffd/gmin0.0001
eig,0.025,mach,2.0,1.6,1.7,23548,SBsquared_exact+ffd,0.0001,8,0.009786973027607252,0.009962466455761113,0.0074454718264235185,1.094143275327987,1.1230003595352172,1.1427355290536654,nan,nan,nan,0.003804830150161138,0.003241356236484879,0.0031285527999026785,0.012255816150277593,0.005158476458906214,0.01000847083807463,0.09773500176171307,0.1013250669012484,0.09872131855570015,0.09042447682030753,0.10222952064712422,,0.04091104612867345,0.04593297796584159,0.04074744427310084,nan,nan,nan,0.7122440388014151,0.8977220933440156,0.7371069338633138,nan,nan,nan,804.4573489082977,0.43890413362532854,804.896253041923,27.662954714149237,0.38661854714155197,28.04957326129079,0.0009999964386224747,0.018105406314134598,0.8446310590952635,9.307728632279577e-08,2.678324466626223e-08,True,1993,804.4573489082977,0,0,0.024108709429832485,124040830760.44812,outputs/Mach_interpolation/naca0012/iso/hessian/eig/h0.025/aoa2.00/M1.60-1.70/drift_SBsquared_exact+ffd/gmin0.0001
eig,0.025,mach,2.0,1.7,1.8,23548,SBsquared_exact+ffd,0.0001,8,0.006878534852586645,0.0077349693027059675,0.0045184254230070725,0.5171571617688047,0.48794112391769884,0.4509769116004808,nan,nan,nan,0.006233819542610137,0.0018236928894858092,0.001560846933461239,0.007907014434538015,0.0010598630260169944,0.008738171193244375,0.08697204962824322,0.09142931771713046,0.08593932771153596,0.0929698445212187,0.08947056866533067,,0.025939639420627787,0.03475205390788943,0.023358626514205418,nan,nan,nan,0.735108527678596,0.9003384059121554,0.7433844023072167,nan,nan,nan,781.9976912951097,0.4356300672516227,782.4333213623613,28.055633992888033,0.3844849690794945,28.440118961967528,0.00025429297238588333,0.018561779521405697,0.8389358446002007,9.935320122167468e-08,2.6152566219835583e-08,True,2290,781.9976912951097,0,0,0.036196036396634226,1325388336001002.8,outputs/Mach_interpolation/naca0012/iso/hessian/eig/h0.025/aoa2.00/M1.70-1.80/drift_SBsquared_exact+ffd/gmin0.0001
eig,0.025,mach,2.0,1.8,1.9,23548,SBsquared_exact+ffd,0.0001,8,0.006107337312001474,0.006665719217986872,0.0038434308910855397,0.46705303871775916,0.48552650213241577,0.5894487167131586,nan,nan,nan,0.0004927088106596234,0.0004758522250022394,0.0014147510893132292,0.005717484381634648,0.001277736290961713,0.003544787045584744,0.08337154336656838,0.08590677515330031,0.08495206550144041,0.08523648122131047,0.08523146861963012,,0.01987820430436787,0.02521792321512362,0.019320297426795464,nan,nan,nan,0.644352415302384,0.8834556490707701,0.6508915615753733,nan,nan,nan,864.5212295008823,0.44165536714717746,864.9628848680295,27.19452846283093,0.38732550479471684,27.581853967625648,0.0003083948977291584,0.017499058973044157,0.8467909302562475,5.530392641617254e-07,1.8831948972606966e-07,False,3195,864.5212295008823,0,0,0.017224707372649303,287845717555.0457,outputs/Mach_interpolation/naca0012/iso/hessian/eig/h0.025/aoa2.00/M1.80-1.90/drift_SBsquared_exact+ffd/gmin0.0001
eig,0.025,mach,2.0,1.9,2.0,23548,SBsquared_exact+ffd,0.0001,8,0.0039159787891795035,0.004786139168248332,0.0028654767923014207,0.2925735184978324,0.31333452463150024,0.4578018379465105,nan,nan,nan,0.0004054537939265927,8.197371771751566e-05,0.00017819489779809393,0.002812532037404561,0.0002192487407567035,0.0012790120527456743,0.07950585674928262,0.08100056813855426,0.08030647062517267,0.07871285541311167,0.07858738516796132,,0.01318295364034932,0.016443951542314702,0.012637693861224342,nan,nan,nan,0.8748969932911689,0.9947981682973318,0.727230962184135,nan,nan,nan,988.2686542840675,0.43742361292243004,988.7060778969899,28.10801111534238,0.3847126215696335,28.492723736912012,0.0009745191782712936,0.01812434196472168,0.841240705922246,2.9533618324251165e-06,1.2884078368951487e-06,False,3251,988.2686542840675,0,0,0.007164327662559212,1368585.431739254,outputs/Mach_interpolation/naca0012/iso/hessian/eig/h0.025/aoa2.00/M1.90-2.00/drift_SBsquared_exact+ffd/gmin0.0001
eig,0.025,mach,2.0,2.0,2.1,23548,SBsquared_exact+ffd,0.0001,8,0.007538460265512854,0.005973948565935676,0.006499941634738358,1.0306467356709164,0.9754075706005099,1.0737055283572752,nan,nan,nan,0.0043093468816147295,0.004887494475107884,0.00525532089850692,0.0050002275715334875,0.0015070894829231568,0.0015043924103561373,0.07381648810984018,0.07660609283179425,0.07570543658754028,0.07884709744016573,0.07486050414206043,,0.029594674838746195,0.025196223659989466,0.026749938107829732,nan,nan,nan,0.7361472534671013,0.838543741720407,0.7143431315150421,nan,nan,nan,792.7276695463806,0.4945583213120699,793.2222278676927,27.25590749643743,0.38564361073076725,27.641551107168198,0.0009899809956550598,0.017651580274105072,0.8988461885601282,1.2790566472631326e-07,3.964594181567736e-08,False,2999,792.7276695463806,0,0,0.017692299306936974,1.5757112858199332e+29,outputs/Mach_interpolation/naca0012/iso/hessian/eig/h0.025/aoa2.00/M2.00-2.10/drift_SBsquared_exact+ffd/gmin0.0001
eig,0.025,mach,2.0,2.1,2.2,23548,SBsquared_exact+ffd,0.0001,8,0.004103827532861427,0.0040856466500802085,0.0032184518395016798,1.0058123822998462,0.9986584067344666,1.0670182420743393,nan,nan,nan,0.008371927839043008,0.0002753656253236382,0.0013931010322274738,0.007352272689759059,0.0015295927208643428,0.0032846562391240677,0.07350115600603785,0.07639497992885894,0.07554106835856678,0.08696294973568151,0.07654752399747672,,0.021484453962503286,0.020614104376690687,0.019275452921957533,nan,nan,nan,0.7019927710302044,0.8752829194343847,0.8126296989390535,nan,nan,nan,1698.0779578390066,0.4681668089469895,1698.5461246479535,35.6960414070636,0.4031132450327277,36.09915465209633,0.0003688629949465394,0.018504902953282,0.8901556339114904,1.7344693823417856e-06,5.051966859119786e-07,False,3706,1698.0779578390066,0,0,0.033290337153954935,33525.22280348102,outputs/Mach_interpolation/naca0012/iso/hessian/eig/h0.025/aoa2.00/M2.10-2.20/drift_SBsquared_exact+ffd/gmin0.0001
eig,0.025,mach,2.0,2.2,2.3,23548,SBsquared_exact+ffd,0.0001,8,0.0032817475212817155,0.0025692155808657567,0.002494668817436931,0.6830157922687232,0.39345353841781616,0.3467769989164676,nan,nan,nan,0.0008417273256853001,0.0002149731936574923,0.0008137737243009131,0.003604369624024347,0.0006874211033934741,0.0029080302218943343,0.0729177108945219,0.07428250446437734,0.07309467081329561,0.08463860310257505,0.0749362753259302,,0.01236961415241139,0.006178707874263622,0.010133958414833074,nan,nan,nan,0.8508263167016296,0.9822961354230941,0.8087413074707395,nan,nan,nan,1727.9748760189977,0.48151161102578044,1728.4563876300235,36.82913027598988,0.4170286650187336,37.246158941008616,0.001174657023511827,0.019833174999803305,0.9195500010391697,2.1216409432867067e-05,7.905921708065262e-06,False,3602,1727.9748760189977,0,0,0.010500115537806765,537531076.0772859,outputs/Mach_interpolation/naca0012/iso/hessian/eig/h0.025/aoa2.00/M2.20-2.30/drift_SBsquared_exact+ffd/gmin0.0001
eig,0.025,mach,2.0,2.3,2.4,23548,SBsquared_exact+ffd,0.0001,8,0.0034412204754435236,0.0027437829585492766,0.0028142500684191756,0.7756931665346662,0.8146533250808714,0.7152839283409107,nan,nan,nan,0.00030872126074513173,0.000587593488046949,0.00032527028210232393,0.0020101843637080033,0.003186087965579867,0.0022070961624718393,0.07257374896221766,0.073838096138618,0.07313082202589545,0.08245432882508782,0.06898625104470207,,0.014295166105370424,0.011121186752839253,0.011073202755315373,nan,nan,nan,0.7187153256912979,0.9113764010831606,0.822466315923466,nan,nan,nan,1587.8467509590555,0.4804289529565722,1588.327179912012,34.9997531150002,0.41503826598636806,35.41479138098657,0.0011252560070715845,0.019316253950819373,0.9159129959880374,1.8719020186352964e-05,6.337077784777631e-06,False,3284,1587.8467509590555,0,0,0.00503188481671847,8667.81769321676,outputs/Mach_interpolation/naca0012/iso/hessian/eig/h0.025/aoa2.00/M2.30-2.40/drift_SBsquared_exact+ffd/gmin0.0001
eig,0.025,mach,2.0,2.4,2.5,23548,SBsquared_exact+ffd,0.0001,8,0.0063698667531353744,0.0047135846033301045,0.00505472369227837,1.5313329944889225,1.0299310684204102,1.0072852341556935,nan,nan,nan,0.010149177270085557,0.0027934123976160186,0.0010888532354972876,0.007224150396349882,0.004328196926897173,0.012493596091743116,0.06584336859967903,0.06872125742858104,0.06426292512394109,0.08221056923076074,0.06783007892185718,,0.02481981749463229,0.017498590037147807,0.019632414992697602,nan,nan,nan,0.5767918071618416,1.0526386454757133,0.8910361760434913,nan,nan,nan,1654.491002351977,0.47955992072820663,1654.9705622727051,36.943724520504475,0.4164539398625493,37.360178460367024,0.0011464683338999748,0.01976722478866577,0.9169306382536888,9.757993879588867e-08,2.303909587110562e-08,True,3760,1654.491002351977,0,0,0.04197143814937881,423326640.20342577,outputs/Mach_interpolation/naca0012/iso/hessian/eig/h0.025/aoa2.00/M2.40-2.50/drift_SBsquared_exact+ffd/gmin0.0001
eig,0.025,mach,2.0,2.5,2.6,23548,SBsquared_exact+ffd,0.0001,8,0.0030060463466960135,0.0016874377423691082,0.0022702591885963674,1.1989058803691108,0.19315731525421143,1.004297952916416,nan,nan,nan,0.005373630036392804,0.00013302077869409445,0.000882191377913219,0.00029562926858832535,0.00016711713010796817,0.0003001533599699772,0.056688129724992514,0.05686667819984526,0.05671862877268731,0.08597280562489862,0.05429848731717086,,0.014039454784282833,0.0042961201012057535,0.013473320371875782,nan,nan,nan,0.6650753259821655,1.0002403993891071,0.6602843299586046,nan,nan,nan,801.8954172143713,0.43688405584543943,802.3323012702167,28.40210926439613,0.3840991361066699,28.7862084005028,0.0003106873482465744,0.01822046935558319,0.8395168837159872,3.514108000501892e-05,1.2050271116347701e-05,False,3753,801.8954172143713,0,0,0.012340130182976224,2093.2005489307935,outputs/Mach_interpolation/naca0012/iso/hessian/eig/h0.025/aoa2.00/M2.50-2.60/drift_SBsquared_exact+ffd/gmin0.0001
eig,0.025,mach,2.0,2.6,2.7,23548,SBsquared_exact+ffd,0.0001,8,0.002840921870595729,0.001299205433026986,0.00172796168825709,1.2641287208505259,0.10158257484436062,0.5976326687002149,nan,nan,nan,0.006732830393013464,0.00010314162196327359,0.0017365988862313457,0.00026879774677532716,0.00019773598271686602,0.00026935445973592546,0.051198753295623914,0.05120841288781661,0.050945970983072894,0.08413751077269527,0.04995176953340401,,0.015754766516713977,0.0029366050098234044,0.008180506695748838,nan,nan,nan,0.6996936231241415,1.0039563893858003,0.7856824519345286,nan,nan,nan,851.9196881530806,0.43255434976890683,852.3522425028495,28.288146721199155,0.38187657482922077,28.670023296028376,0.0003027273342013359,0.01822234271094203,0.8329634168185294,5.154304332677384e-06,1.4181535808054307e-06,False,3703,851.9196881530806,0,0,0.0168214286822124,1453.811436940221,outputs/Mach_interpolation/naca0012/iso/hessian/eig/h0.025/aoa2.00/M2.60-2.70/drift_SBsquared_exact+ffd/gmin0.0001
eig,0.025,mach,2.0,2.8,2.9,23548,SBsquared_exact+ffd,0.0001,8,0.002705212844242154,0.0011202049327288172,0.0014079374380853112,1.079289715360174,0.09242403507232666,0.3513453159070512,nan,nan,nan,0.00496606586669056,0.00022446729525179657,0.00031688272421692546,0.0006237816383817047,0.0001763045011058503,0.00042436057401730605,0.04929373684930335,0.049877999196430295,0.04953111506720458,0.07972839343197863,0.0485419456352501,,0.010768274638085211,0.0018669128985223035,0.004385376839539364,nan,nan,nan,0.7675987810980489,1.0021499417172766,0.8666680194060558,nan,nan,nan,758.7054214002565,0.43723401613533497,759.1426554163918,28.02172695985064,0.3830551072023809,28.40478206705302,0.001025885809212923,0.017692741006612778,0.8390152822248638,0.0001201224174351978,4.366171367623497e-05,False,3810,758.7054214002565,0,0,0.008059445746875888,1274.293710105349,outputs/Mach_interpolation/naca0012/iso/hessian/eig/h0.025/aoa2.00/M2.80-2.90/drift_SBsquared_exact+ffd/gmin0.0001
eig,0.025,mach,0.0,0.8,0.9,23548,SBsquared_exact+ffd,0.001,5,0.020359163106267588,0.023340495322464398,0.02069282244865053,0.40941753476104803,0.4341567218303679,0.4704005302783578,nan,nan,nan,0.0025991540277920874,0.002194889800959858,0.01973424185390393,0.0006146705132054069,0.0011406771668571467,0.001350625787537862,0.0033174859098837437,0.003472331325497623,0.002286360029693496,0.04602296675976563,0.0012042733848182956,,0.04912334754100961,0.05436803577402452,0.012110735794983169,nan,nan,nan,0.653928709828842,0.9997669412075901,0.6635320822720236,nan,nan,nan,1151.8719743219845,0.5408947959949728,1152.4128691179794,0.010281006980221719,0.47494922499754466,0.4852302319777664,0.0004499240021687001,0.022753469995222986,1.0390497900079936,8.892138225746749e-08,3.599625329570985e-08,True,713,1151.8719743219845,0,0,0.016941298360190055,21809219384003.055,outputs/Mach_interpolation/naca0012/iso/hessian/eig/h0.025/M0.80-0.90/drift_SBsquared_exact+ffd/gmin0.001
eig,0.025,mach,0.0,0.9,1.0,23548,SBsquared_exact+ffd,0.001,5,0.019683386926376657,0.029057661532371486,0.008961569703089157,0.3511502425776134,0.5637418031692505,0.5628250155941315,nan,nan,nan,0.001569055900038539,0.0015857134560530004,0.005942805751220651,0.001220298276218278,0.0009921530728408884,0.002316764082295173,0.003906198072232862,0.003231997929473239,0.003808174161249631,0.08889940095738784,0.0019486100606276799,,0.03154353078830259,0.06616363696814194,0.02493817669636522,nan,nan,nan,0.9134311330191774,1.0416204936663231,0.7581852751325331,nan,nan,nan,1166.037915476947,0.48444208805449307,1166.5223575650016,0.00949112605303526,0.41606527008116245,0.4255563961341977,0.0011012989562004805,0.019428347935900092,0.9210391199449077,9.754218055491037e-08,3.5457620939430316e-08,True,743,1166.037915476947,0,0,0.06675059199450897,7.584816233167875e+21,outputs/Mach_interpolation/naca0012/iso/hessian/eig/h0.025/M0.90-1.00/drift_SBsquared_exact+ffd/gmin0.001
eig,0.025,mach,0.0,1.0,1.1,23548,SBsquared_exact+ffd,0.001,5,0.025188773178596552,0.029569762679791278,0.011086574479924859,0.6370702839560054,0.5999207735061646,0.4968964909632104,nan,nan,nan,0.001482902180505398,0.0009745000508351448,0.011104575930622465,0.0015426284297794595,0.0007717009289351178,0.0009127803807398247,0.0030573697352588233,0.0008484240233315544,0.001081227576858565,0.10355119820397703,0.0006436220963663847,,0.07040226663589376,0.06157419357666578,0.03628074639075437,nan,nan,nan,0.8907417771571873,1.1066384017070223,0.9016028041612637,nan,nan,nan,1239.3548401869775,0.47401032398920506,1239.8288505109667,0.0098016360134352,0.4078274399798829,0.4176290759933181,0.0011110590130556375,0.018967490002978593,0.9019182059855666,9.138472023551003e-08,3.754730359294591e-08,True,797,1239.3548401869775,0,0,0.02946631890381679,1.3497445738891151e+19,outputs/Mach_interpolation/naca0012/iso/hessian/eig/h0.025/M1.00-1.10/drift_SBsquared_exact+ffd/gmin0.001
eig,0.025,mach,0.0,1.1,1.2,23548,SBsquared_exact+ffd,0.001,5,0.018655163282776194,0.026410086575178234,0.010495363346332252,0.39983777417774824,0.3402608156204223,0.5422775297720983,nan,nan,nan,0.003400401350763277,0.00026728502066358643,0.007726646682431189,0.001753676331672779,0.0005891711850093081,0.00105075867351521,0.002504989600134231,0.0007910481083013683,0.0016217930722943435,0.10104820265022862,0.00045845497549726593,,0.01960426967255294,0.0354588181357687,0.021100298309219147,nan,nan,nan,0.7732619998578494,1.0078254631224361,0.5779668500669793,nan,nan,nan,1317.623019460938,0.484498742967844,1318.1075182039058,0.009412928950041533,0.41570220701396465,0.4251151359640062,0.0011134919477626681,0.01958437403663993,0.9209009109763429,9.88312720551221e-08,4.3707989653750587e-08,True,735,1317.623019460938,0,0,0.028211125977406493,1.196790054408388e+24,outputs/Mach_interpolation/naca0012/iso/hessian/eig/h0.025/M1.10-1.20/drift_SBsquared_exact+ffd/gmin0.001
eig,0.025,mach,0.0,1.2,1.3,23548,SBsquared_exact+ffd,0.001,5,0.015704657028072947,0.022609540629959877,0.010132801448620783,0.6127533646203587,0.37157476544380197,0.5695160227155324,nan,nan,nan,0.008485570556258717,0.00019071674470029962,0.007243331273346527,0.003715852013496838,0.0007552199556830961,0.0017237489987364336,0.0065401564670088804,0.00041841563996105073,0.00206300392274726,0.09896135502438419,0.0006784077242135195,,0.028619440809159107,0.08188345061228061,0.02777749305203963,nan,nan,nan,0.9149013219478888,1.0318707990445084,0.6535207456763091,nan,nan,nan,1549.2979089899745,0.4742705110111274,1549.7721795009857,0.0055654229945503175,0.4076722030004021,0.4132376259949524,0.001091551996069029,0.018563810997875407,0.9016007620084565,9.765346220547144e-08,6.335171005014993e-08,True,1029,1549.2979089899745,0,0,0.08046794162308232,1.8913006007313308e+27,outputs/Mach_interpolation/naca0012/iso/hessian/eig/h0.025/M1.20-1.30/drift_SBsquared_exact+ffd/gmin0.001
eig,0.025,mach,0.0,1.3,1.4,23548,SBsquared_exact+ffd,0.001,5,0.014546456084515562,0.018135030815605028,0.007322013576182788,0.5735125381301049,0.42035608887672415,0.548182528534186,nan,nan,nan,0.007212503410255363,0.00013126764113339303,0.007358189181217746,0.0021055782478626604,0.00046834239629559054,0.0018246382303452487,0.0034696455310981892,0.00041768455964338614,0.0029010597002998386,0.09743348305194131,0.0003854535664023596,,0.027502796692557802,0.07992817366683808,0.02506155670191128,nan,nan,nan,0.7565581526376693,1.0007382264342448,0.6842479324212751,nan,nan,nan,1710.3377863736823,0.47492849454283714,1710.8127148682252,0.010141197592020035,0.4069135943427682,0.4170547919347882,0.00113690085709095,0.019045292399823666,0.9020264064893126,8.511934623811612e-08,4.1403053813665564e-08,True,1095,1710.3377863736823,0,0,0.07172674388548633,10856975074066.576,outputs/Mach_interpolation/naca0012/iso/hessian/eig/h0.025/M1.30-1.40/drift_SBsquared_exact+ffd/gmin0.001
eig,0.025,mach,0.0,1.4,1.5,23548,SBsquared_exact+ffd,0.001,5,0.01255161045489194,0.013551469054970653,0.005388262043534889,0.6539556474047217,0.5202486753463746,0.4408702648962266,nan,nan,nan,0.004845070413335712,0.00011433794153664943,0.004891709136308851,0.0006853950486876899,0.00028875417339903787,0.0003746355628278199,0.0012775758181363117,0.00010989380886875516,0.0005518772509699541,0.09638692132673897,0.00028859082353992926,,0.02705208292815112,0.06513321512364202,0.02374204122367489,nan,nan,nan,0.6070151131332288,0.9130213919572806,0.7277954816172043,nan,nan,nan,1252.4351410599775,0.4816313729970716,1252.9167724329745,0.009341105003841221,0.4140767230419442,0.4234178280457854,0.0011722379713319242,0.01950157299870625,0.916384020994883,8.609378099322385e-08,4.1366367003495655e-08,True,834,1252.4351410599775,0,0,0.0478231416557,1.003046820648479e+16,outputs/Mach_interpolation/naca0012/iso/hessian/eig/h0.025/M1.40-1.50/drift_SBsquared_exact+ffd/gmin0.001
eig,0.025,mach,0.0,1.5,1.6,23548,SBsquared_exact+ffd,0.001,5,0.012709529025529352,0.010434668505040013,0.004539862950201494,0.8033935689708135,0.4329843521118164,0.42276427994719956,nan,nan,nan,0.0021814685499774353,0.00023711260078121565,0.0029923030880684275,0.0004721599501934111,0.00032683943141845293,0.0015924887245473349,0.0003893987228217293,0.0007535096770369227,0.0017194992272335182,0.09540550706252164,0.00037712346087783984,,0.026920188771717823,0.048759325881880505,0.02258485503388226,nan,nan,nan,0.5239995358905806,0.7426430993755051,0.7632549235605837,nan,nan,nan,665.6118175070733,0.4316020361147821,666.0434195431881,0.008348701987415552,0.37869860837236047,0.387047310359776,0.0003112899139523506,0.01746724685654044,0.8280815649777651,9.782825571846843e-08,5.2153535639895784e-08,True,746,665.6118175070733,0,0,0.035158026640061145,7.56471365181299e+20,outputs/Mach_interpolation/naca0012/iso/hessian/eig/h0.025/M1.50-1.60/drift_SBsquared_exact+ffd/gmin0.001
eig,0.025,mach,0.0,1.6,1.7,23548,SBsquared_exact+ffd,0.001,5,0.013422733174430228,0.00903601512107888,0.006620129002678064,0.8203118619228279,1.0806956678628923,1.0873955183483368,nan,nan,nan,0.002317582345471892,0.0028420745649762246,0.0033577244334882317,0.0022139160690710586,0.0030582568376252197,0.0038806681177405693,0.0022193605588997703,0.0007963798214780307,0.0005751199392542251,0.09110144393464797,0.003606047375843329,,0.04138634101035879,0.03830452694661601,0.036488025598228606,nan,nan,nan,0.5915665788422801,0.7474808539121909,0.7460983382738776,nan,nan,nan,701.8243464455009,0.4356774026528001,702.2600238481537,0.00829493161290884,0.38396662939339876,0.3922615610063076,0.0009558312594890594,0.017798353917896748,0.8384051751345396,9.382687693459957e-08,3.319643875176199e-08,True,788,701.8243464455009,0,0,0.02184439647766879,2970604247360720.5,outputs/Mach_interpolation/naca0012/iso/hessian/eig/h0.025/M1.60-1.70/drift_SBsquared_exact+ffd/gmin0.001
eig,0.025,mach,0.0,1.7,1.8,23548,SBsquared_exact+ffd,0.001,5,0.010830553365479303,0.00790744464315251,0.004461160087830223,1.2126124194335461,0.4973820686340332,0.48970526022759087,nan,nan,nan,0.0051524883116629006,0.0015946961794066658,0.0026572402386247484,0.0019606790450108166,0.0005846794062010577,0.0017926861625036585,0.002962014720103249,0.0011723014067434414,0.002907907475676049,0.09321922992576821,0.0008472606640478158,,0.029532349760228796,0.03865786459642868,0.024780551143726286,nan,nan,nan,0.6356675173506526,0.9263115998807491,0.7361596831490019,nan,nan,nan,1245.2160381969297,0.4816032600356266,1245.6976414569654,0.009638753021135926,0.4158539869822562,0.4254927400033921,0.0011270770337432623,0.019587890012189746,0.9181745980167761,9.501510334075647e-08,3.1402671340884516e-08,True,807,1245.2160381969297,0,0,0.04168036196000066,774686886079457.4,outputs/Mach_interpolation/naca0012/iso/hessian/eig/h0.025/M1.70-1.80/drift_SBsquared_exact+ffd/gmin0.001
eig,0.025,mach,0.0,1.8,1.9,23548,SBsquared_exact+ffd,0.001,5,0.010120490704256439,0.006111940380036422,0.0034085003268596965,1.1809047711358853,0.3959732532501221,0.4064901934255087,nan,nan,nan,0.000855487937165756,0.000723007261232026,0.0012275738846598118,0.0004635760101730384,0.00027057334630694306,0.0006593129108660113,0.003383421623950967,0.0037104519301695087,0.003318696372891031,0.08537450839473235,0.0025772976030083946,,0.02883544990159216,0.02392847807161358,0.016705395333208917,nan,nan,nan,0.5040007036616525,0.9473895826249251,0.7533351215952694,nan,nan,nan,1614.2470830979873,0.47456750902347267,1614.7216506070108,0.009917716030031443,0.4097443569917232,0.4196620730217546,0.0011193089885637164,0.019024050037842244,0.9044575590523891,9.941591727624655e-08,4.913556786639254e-08,True,1027,1614.2470830979873,0,0,0.03126822234511414,223213317323925.38,outputs/Mach_interpolation/naca0012/iso/hessian/eig/h0.025/M1.80-1.90/drift_SBsquared_exact+ffd/gmin0.001
eig,0.025,mach,0.0,1.9,2.0,23548,SBsquared_exact+ffd,0.001,5,0.009008228647453417,0.004777764488118775,0.0029552558560744517,1.49791946158448,0.3449802517890932,0.4448948178002695,nan,nan,nan,0.0009459173159246998,0.0002781203042832288,0.000569818352582944,0.0014921294996361387,0.00022942479697547362,0.0012362022216639112,0.005026136488238051,0.005530893423178863,0.005126661289227454,0.07863133521688818,0.005018376648966553,,0.02932047621543126,0.015972340615512743,0.013383734081342545,nan,nan,nan,0.6293725071801709,1.0005664357969053,0.7292128053676212,nan,nan,nan,680.9652817733586,0.7686898913234472,681.733971664682,0.01474412064999342,0.7182115372270346,0.732955657877028,0.0010172845795750618,0.03615987207740545,1.5240810764953494,9.647623766539937e-08,4.636976946938986e-08,True,1014,680.9652817733586,0,0,0.018043804581811013,13439025798235.127,outputs/Mach_interpolation/naca0012/iso/hessian/eig/h0.025/M1.90-2.00/drift_SBsquared_exact+ffd/gmin0.001
eig,0.025,mach,0.0,2.0,2.1,23548,SBsquared_exact+ffd,0.001,5,0.009345165537207736,0.0054225308689139625,0.00648855649736984,1.6698457673119054,0.6713736489415169,1.012003886236983,nan,nan,nan,0.011977049302420543,0.003969712926709291,0.003713337151868575,0.0020406191755300753,0.0015768844119595613,0.0019609734298914566,0.005951167856512343,0.005530940431691921,0.005079423475840697,0.08404322062889444,0.00430398665330389,,0.03226202647969057,0.02964305529111307,0.03704934302637167,nan,nan,nan,0.46755000717870127,0.7730521928332327,0.6747769983829787,nan,nan,nan,729.0311908423901,0.6991863190196455,729.7303771614097,0.008675837889313698,0.6469202316366136,0.6555960695259273,0.000995952170342207,0.03210399579256773,1.3792090420611203,9.567971659407704e-08,3.029162163684862e-08,True,950,729.0311908423901,0,0,0.049197403627097104,8.817526112344545e+23,outputs/Mach_interpolation/naca0012/iso/hessian/eig/h0.025/M2.00-2.10/drift_SBsquared_exact+ffd/gmin0.001
eig,0.025,mach,0.0,2.1,2.2,23548,SBsquared_exact+ffd,0.001,5,0.008604509234307202,0.0037368970013583764,0.0029594571066217145,1.6567880182971053,0.8750494778156281,0.8540023765583962,nan,nan,nan,0.010319819244138079,0.0004691653697344311,0.0004978366193309784,0.0018888909847813787,0.0016521043121605272,0.002230273083165716,0.006438296997949972,0.006517725092787959,0.006154509546872214,0.08670235177132207,0.006969910914451998,,0.03006284743948671,0.018983298846759884,0.017964008721896844,nan,nan,nan,0.4512175644914005,0.8633783628645161,0.8492344722684776,nan,nan,nan,845.2884431080893,0.43913021497428417,845.7275733230636,27.26891260035336,0.40734091587364674,27.676253516227007,0.001094830222427845,0.017590065021067858,0.8651599120348692,9.715100457441395e-08,3.058543814968868e-08,True,1205,845.2884431080893,0,0,0.04512802543509961,545132096999.5263,outputs/Mach_interpolation/naca0012/iso/hessian/eig/h0.025/M2.10-2.20/drift_SBsquared_exact+ffd/gmin0.001
eig,0.025,mach,0.0,2.2,2.3,23548,SBsquared_exact+ffd,0.001,5,0.00955139028927171,0.002605523954210225,0.002831956408794857,1.7019607309187392,0.40266804695129377,0.5157102445130777,nan,nan,nan,0.01015780855146093,0.00014648248240959092,0.00045478361065494355,0.004790842225562693,0.0004187146507091942,0.0016875652809417868,0.0038712068544917507,0.007457386512014414,0.006291157396150894,0.08362252712638468,0.0069628282429214355,,0.03199039193858167,0.006594855496488351,0.01236460134806891,nan,nan,nan,0.3928334709170025,0.9932496330870492,0.7136231859198328,nan,nan,nan,666.8772933436558,0.43914536805823445,667.316438711714,0.008086604997515678,0.3841511709615588,0.3922377759590745,0.0010344120673835278,0.017566831782460213,0.8419005358591676,9.785965460196167e-08,3.2608874574964215e-08,True,906,666.8772933436558,0,0,0.05930463553449886,505456498798.3747,outputs/Mach_interpolation/naca0012/iso/hessian/eig/h0.025/M2.20-2.30/drift_SBsquared_exact+ffd/gmin0.001
eig,0.025,mach,0.0,2.3,2.4,23548,SBsquared_exact+ffd,0.001,5,0.007887350198414718,0.0018929661707917439,0.0018111706042854446,1.6952970918887384,0.09980418682098424,0.16243405080452522,nan,nan,nan,0.004695444284660322,9.085157435999303e-05,0.0007117000311400877,0.002228039709921205,0.0001066260988286508,0.0011545309516809924,0.00732928649298419,0.00876171863955074,0.008260534314927646,0.08106893552139874,0.008387899900902305,,0.027726613856008234,0.004184887059432906,0.0066745849045416715,nan,nan,nan,0.5440156215005127,0.9951755272529581,0.970675329452795,nan,nan,nan,1331.8845013900427,0.4707394430297427,1332.3552408330725,36.589423050987534,0.4055740300100297,36.994997080997564,0.0010901300120167434,0.01903012505499646,0.8964357220102102,9.523573751835102e-08,3.4764466850607243e-08,True,1056,1331.8845013900427,0,0,0.01571769663933443,49652538.07246013,outputs/Mach_interpolation/naca0012/iso/hessian/eig/h0.025/M2.30-2.40/drift_SBsquared_exact+ffd/gmin0.001
eig,0.025,mach,0.0,2.4,2.5,23548,SBsquared_exact+ffd,0.001,5,0.007722337794185023,0.001440097699525693,0.0016184212894700001,1.728965136100528,0.153633713722229,0.21979098986325818,nan,nan,nan,0.00459430999733171,0.0003315946024186796,0.0002454264131031913,0.0042995874320234,0.0004011595603640153,0.0017309640343625464,0.0071802503417060124,0.009678528660855695,0.00900347428728603,0.07950355921433928,0.009732829617564685,,0.027102054534065143,0.0037174710797485016,0.0055774207713309145,nan,nan,nan,0.47308732249432256,1.0464977138967224,0.9255227108392846,nan,nan,nan,1350.2147093270323,0.4714251430123113,1350.6861344700446,35.579488418006804,0.4047917890129611,35.984280207019765,0.0011582419974729419,0.01859344099648297,0.895970790006686,9.992487193244415e-08,3.308584293033895e-08,True,1032,1350.2147093270323,0,0,0.020316568904561388,36255.13517954617,outputs/Mach_interpolation/naca0012/iso/hessian/eig/h0.025/M2.40-2.50/drift_SBsquared_exact+ffd/gmin0.001
eig,0.025,mach,0.0,2.5,2.6,23548,SBsquared_exact+ffd,0.001,5,0.0075420882923490406,0.001327092010334764,0.00153529727012844,1.999329071661505,0.13075394630432124,0.3542543373145719,nan,nan,nan,0.006390853492795757,0.00023016241640120652,0.00047699277800119296,0.004573956022205808,0.0004022947341235444,0.001253907411518831,0.007330805971186053,0.00954584087264791,0.008714705718529722,0.07849810795467219,0.008328256821915243,,0.026004162786072895,0.0031531496666385036,0.0059777900204535375,nan,nan,nan,0.3855418722445944,0.9973900450641393,0.85649294116464,nan,nan,nan,703.3559340490028,0.42983511881902814,703.7857691678219,29.133650186937302,0.3772721369750798,29.510922323912382,0.0010851956903934479,0.017630488146096468,0.8258256642147899,9.683202861765494e-08,3.312421681649953e-08,True,1073,703.3559340490028,0,0,0.027434634284686572,19753.43547888991,outputs/Mach_interpolation/naca0012/iso/hessian/eig/h0.025/M2.50-2.60/drift_SBsquared_exact+ffd/gmin0.001
eig,0.025,mach,0.0,2.6,2.7,23548,SBsquared_exact+ffd,0.001,5,0.0074227569776834194,0.0011827071554286006,0.001776440233557941,2.0332977849032865,0.137337017059326,0.6118797774809024,nan,nan,nan,0.004604441901007839,7.904633389177617e-05,0.0011179931038266349,0.004835547356106019,0.00012958774378914339,0.0008982996274185845,0.005934813381885092,0.009035537572645679,0.008380301676338962,0.07695680231117681,0.008352429290458012,,0.027410099676444505,0.00211248338829067,0.009820792787929947,nan,nan,nan,0.3646120964247395,0.9961751366067619,0.6916827571881513,nan,nan,nan,721.6264676679857,0.43062110198661685,722.0570887699723,27.922273591160774,0.37820853805169463,28.30048212921247,0.0010208510793745518,0.017531038727611303,0.8273834828287363,9.833960845639922e-08,2.7987923005223835e-08,True,1218,721.6264676679857,0,0,0.017804306662384917,12594.047932464902,outputs/Mach_interpolation/naca0012/iso/hessian/eig/h0.025/M2.60-2.70/drift_SBsquared_exact+ffd/gmin0.001
eig,0.025,mach,0.0,2.7,2.8,23548,SBsquared_exact+ffd,0.001,5,0.010869793356668895,0.005920947177049742,0.006154985946095711,2.2608461449160373,2.0625467598438267,2.2954989934173304,nan,nan,nan,0.009443454640994624,0.002935581070613583,0.006179780882266734,0.010007076483116044,0.005766623451982331,0.005640508505206464,0.003678327585159629,0.00818762129727204,0.008505037288739086,0.07619629039920942,0.010222442158535218,,0.03953434046883914,0.02768547012560233,0.03565749161674555,nan,nan,nan,0.3556554242415645,0.8397993726170435,0.7010005100656226,nan,nan,nan,606.2873566616327,0.43263024277985096,606.7199869044125,28.589996261522174,0.3824930312111974,28.97248929273337,0.000987417995929718,0.017535967752337456,0.8336495934054255,9.934179168169521e-08,2.999606326846328e-08,True,991,606.2873566616327,0,0,0.04731927073608418,72602252805.12288,outputs/Mach_interpolation/naca0012/iso/hessian/eig/h0.025/M2.70-2.80/drift_SBsquared_exact+ffd/gmin0.001
eig,0.025,mach,0.0,2.8,2.9,23548,SBsquared_exact+ffd,0.001,5,0.0072498927706521905,0.0011401969079288044,0.0011402004896989342,2.495578358340211,0.15338668823242152,0.1533859952399088,nan,nan,nan,0.01300379769498437,0.00021030966516705373,0.00021031460665605104,0.000705461374087112,0.0002895254210978,0.0002895226204764625,0.0006011690887289264,0.0006285290856446224,0.0006284875561276886,0.08017598229587561,0.0006272627035634155,,0.02104193360814406,0.0021178539458038535,0.0021178474944549093,nan,nan,nan,0.3533108160129376,0.9976829462038905,0.9976797369584408,nan,nan,nan,1703.854638794437,0.4715995080769062,1704.326238302514,37.25215161126107,0.4117330200970173,37.66388463135809,0.0013439478352665901,0.018567731603980064,0.9032458206638694,9.891319763255524e-08,3.5927290389874344e-08,True,1308,1703.854638794437,0,0,0.021332278990945322,3122.363490229395,outputs/Mach_interpolation/naca0012/iso/hessian/eig/h0.025/M2.80-2.90/drift_SBsquared_exact+ffd/gmin0.001
eig,0.025,mach,0.0,2.9,3.0,23548,SBsquared_exact+ffd,0.001,5,0.00686416964415174,0.0010260359102995922,0.001026040049640052,2.6164430776181105,0.1009523868560791,0.1009523868560791,nan,nan,nan,0.013099132993206702,0.00011604677142271357,0.00011605595089468007,0.0004728136990921098,0.00012861765654282253,0.00012860706172382078,0.0010931428971789746,0.0020612118462765166,0.002061165670074375,0.07778761795800776,0.0013492652731903064,,0.021540813573471304,0.001838788359388349,0.00183879322737745,nan,nan,nan,0.34109935784002793,0.9982885972984042,0.9982848150190339,nan,nan,nan,1168.1864725759951,0.46618257893715054,1168.6526551549323,38.72122930898331,0.6128923289943486,39.33412163797766,0.0011561729479581118,0.019040141021832824,1.0992731250589713,9.359376385020823e-08,3.353610663842261e-08,True,828,1168.1864725759951,0,0,0.01851534713894438,31.31324666944139,outputs/Mach_interpolation/naca0012/iso/hessian/eig/h0.025/M2.90-3.00/drift_SBsquared_exact+ffd/gmin0.001
eig,0.025,mach,2.0,0.8,0.9,23548,SBsquared_exact+ffd,0.001,5,0.02069350396881782,0.02487542138029235,0.022217160158254902,0.7112500443154905,0.5464495897293091,0.5948146712423183,nan,nan,nan,0.009651478208980326,0.002176073245361046,0.03079049344649395,0.03941003252191236,0.002849561204956904,0.00910784063184903,0.2368049773486354,0.25399410931522715,0.2526220659499447,0.046312903564739286,0.2535516525864444,,0.050973293654899034,0.06248535257348246,0.018863924984519432,nan,nan,nan,0.6886665816614344,1.0028023593842412,0.5161213919606473,nan,nan,nan,1146.1408581730211,0.47742892894893885,1146.61828710197,34.9894997170195,0.40822624205611646,35.397725959075615,0.0011792560108006,0.019096752046607435,0.9059332920005545,9.241841780749382e-08,3.645519373672142e-08,True,739,1146.1408581730211,0,0,0.05848514604380648,1218524495602129.8,outputs/Mach_interpolation/naca0012/iso/hessian/eig/h0.025/aoa2.00/M0.80-0.90/drift_SBsquared_exact+ffd/gmin0.001
eig,0.025,mach,2.0,0.9,1.0,23548,SBsquared_exact+ffd,0.001,5,0.021346572938567863,0.02932747431243988,0.009217256754255903,0.6726236798283289,0.5190495610237122,0.7435315747268186,nan,nan,nan,0.0033464545530395573,0.0014281042338068176,0.009092208524780288,0.02900150627102956,0.012242044752471688,0.03144160100402002,0.2304979717162201,0.23871986441730053,0.23123790201215866,0.08851231921516327,0.22379281903556875,,0.0431084664036476,0.06599485057223593,0.028916808102322254,nan,nan,nan,0.7691458136984575,1.0409545619726022,0.7309695974689783,nan,nan,nan,666.8210580982268,0.4388050031848252,667.2598631014116,26.404710443224758,0.38554927287623286,26.79025971610099,0.0010034330189228058,0.01778131118044257,0.8431440959684551,9.713435389357983e-08,3.077241966983506e-08,True,896,666.8210580982268,0,0,0.06390751672042536,5.5079301964850344e+16,outputs/Mach_interpolation/naca0012/iso/hessian/eig/h0.025/aoa2.00/M0.90-1.00/drift_SBsquared_exact+ffd/gmin0.001
eig,0.025,mach,2.0,1.0,1.1,23548,SBsquared_exact+ffd,0.001,5,0.024993488013058864,0.02952512893783962,0.010816697206689641,0.6545521328321753,0.7138084471225739,0.5956167987702563,nan,nan,nan,0.002687455773395458,0.0009183565878316489,0.011204153295037272,0.009828401868481813,0.0009430008845788386,0.016084806032833986,0.17282754168438805,0.1782330045549274,0.16878596185896097,0.10307138012644176,0.1685281076065708,,0.057865018621602614,0.05719874050729459,0.02912357999455974,nan,nan,nan,0.9824648193250148,1.2129613781011988,0.8053585256583687,nan,nan,nan,658.63694421947,0.4343505082651973,659.0712947277352,28.085375921800733,0.37969765812158585,28.46507357992232,0.0009406879544258118,0.017558115534484386,0.8325499230995774,9.073815476767777e-08,3.1330909461008195e-08,True,823,658.63694421947,0,0,0.018920924230530656,3.293223381795299e+20,outputs/Mach_interpolation/naca0012/iso/hessian/eig/h0.025/aoa2.00/M1.00-1.10/drift_SBsquared_exact+ffd/gmin0.001
eig,0.025,mach,2.0,1.1,1.2,23548,SBsquared_exact+ffd,0.001,5,0.018983481546178186,0.026401132497099238,0.010702456670214825,0.4619950386732581,0.3718847751617431,0.6033768939749393,nan,nan,nan,0.0036131641233666475,0.00010529726270250746,0.007461739242423378,0.009898496880063945,0.0008710418694749687,0.010843154482691415,0.14856580350786,0.15505916724897983,0.148179259248721,0.10074978110746907,0.147850451261338,,0.025729410180678713,0.03637980814104801,0.022454613510098906,nan,nan,nan,0.942341574444125,1.008742853023684,0.653388195725846,nan,nan,nan,718.2188822510652,0.4406085219234228,718.6594907729886,26.46463862527162,0.38411615090444684,26.848754776176065,0.0010231928899884224,0.017698315903544426,0.8434485960751772,8.558331288099907e-08,4.115959489298282e-08,True,969,718.2188822510652,0,0,0.036892024065861,9.832711618566864e+22,outputs/Mach_interpolation/naca0012/iso/hessian/eig/h0.025/aoa2.00/M1.10-1.20/drift_SBsquared_exact+ffd/gmin0.001
eig,0.025,mach,2.0,1.2,1.3,23548,SBsquared_exact+ffd,0.001,5,0.015697181560610222,0.022672782106855773,0.010085507926687639,0.5592948041000305,0.36341125965118426,0.6292061209377828,nan,nan,nan,0.005721157467902436,0.0001508515897616975,0.007607074993598171,0.015149961420536305,0.00033612007623798964,0.009584431759801178,0.13292296646529808,0.1395486612424047,0.13628730688469212,0.09869635447253826,0.13454213046727162,,0.02200883525646193,0.06889668394924245,0.025445853626629888,nan,nan,nan,0.7247693918667149,0.9981536605338279,0.6750076381869835,nan,nan,nan,857.643434708938,0.4848727863281965,858.1283074952662,26.09354316443205,0.3782164007425308,26.47175956517458,0.0011098021641373634,0.017619933001697063,0.8818265730515122,8.610554402821435e-08,5.313924484719318e-08,True,926,857.643434708938,0,0,0.04960302925015283,6.09482362134643e+27,outputs/Mach_interpolation/naca0012/iso/hessian/eig/h0.025/aoa2.00/M1.20-1.30/drift_SBsquared_exact+ffd/gmin0.001
eig,0.025,mach,2.0,1.3,1.4,23548,SBsquared_exact+ffd,0.001,5,0.015368615612880788,0.018310647129712396,0.0073633455985833325,0.6542952730005777,0.4423632025718689,0.5721847672609653,nan,nan,nan,0.010063126732241759,9.083434584757077e-05,0.007495308255776289,0.011958415365654385,0.0003036951612451951,0.007679744669713585,0.11925909301361692,0.1275779680415231,0.12490831219835109,0.09721338762878678,0.1237618771482562,,0.030518045140700032,0.07970310819460054,0.025391393782031053,nan,nan,nan,0.9131272548135587,0.9320298622364944,0.69754911069938,nan,nan,nan,1778.342163683963,0.47659588704118505,1778.8187595710042,32.86448689899407,0.4098184629692696,33.27430536196334,0.0010842999909073114,0.019059779995586723,0.9065663950168528,6.598322954687319e-08,2.4331040893825516e-08,True,1139,1778.342163683963,0,0,0.09490282874765905,4.157024334860318e+28,outputs/Mach_interpolation/naca0012/iso/hessian/eig/h0.025/aoa2.00/M1.30-1.40/drift_SBsquared_exact+ffd/gmin0.001
eig,0.025,mach,2.0,1.4,1.5,23548,SBsquared_exact+ffd,0.001,5,0.012901453470057254,0.013694445765742247,0.005369946656499514,0.6527902334993166,0.5337103366851808,0.4532547706368688,nan,nan,nan,0.00788928510651607,7.14801789675155e-05,0.004148457240193102,0.0058167829978896385,0.0002338716901804233,0.006733202998096506,0.11343342159237171,0.11816051544607961,0.11433632419546028,0.09620202198594992,0.11415620227264779,,0.03136752457441306,0.06649721837118795,0.023884309773776265,nan,nan,nan,0.8605022147174003,0.8524743193756179,0.7587563443475266,nan,nan,nan,661.6642609294504,0.43867531698197126,662.1029362464324,27.643613415770233,0.3847101591527462,28.02832357492298,0.001043122261762619,0.0177772743627429,0.8422145955264568,9.583627536002837e-08,3.729612800230998e-08,True,827,661.6642609294504,0,0,0.07181090664751098,1.609636443641914e+18,outputs/Mach_interpolation/naca0012/iso/hessian/eig/h0.025/aoa2.00/M1.40-1.50/drift_SBsquared_exact+ffd/gmin0.001
eig,0.025,mach,2.0,1.5,1.6,23548,SBsquared_exact+ffd,0.001,5,0.012989659996954414,0.010459993010820902,0.004712323566029307,0.8251934446515041,0.42330573797225934,0.48977313491404717,nan,nan,nan,0.004300718035045073,0.00010734423831164507,0.003594809038616753,0.0044983559718063965,0.000362136971465256,0.005252841015466957,0.1069161562071367,0.10887631079472557,0.10684733981810288,0.094986439350618,0.10566167711961695,,0.02908803767853588,0.04789191682569834,0.023795533334182134,nan,nan,nan,0.6495458728106844,1.031739010111765,0.7739071713730512,nan,nan,nan,1582.9167657670332,0.4764591660350561,1583.3932249330683,42.6996617349796,0.4086704700021073,43.10833220498171,0.0010861720074899495,0.01908941799774766,0.9053114569978788,9.213214013925608e-08,3.29178526144897e-08,True,916,1582.9167657670332,0,0,0.04392850278026262,3.419425309988309e+20,outputs/Mach_interpolation/naca0012/iso/hessian/eig/h0.025/aoa2.00/M1.50-1.60/drift_SBsquared_exact+ffd/gmin0.001
eig,0.025,mach,2.0,1.6,1.7,23548,SBsquared_exact+ffd,0.001,5,0.014077569898988162,0.009962466455761113,0.0074454718264235185,1.0069068771478773,1.1230003595352172,1.1427355290536654,nan,nan,nan,0.003015396839349512,0.003241356236484879,0.0031285527999026785,0.013433951620122224,0.005158476458906214,0.01000847083807463,0.09757760343748148,0.1013250669012484,0.09872131855570015,0.09042447682030753,0.10222952064712422,,0.047207026580955866,0.04593297796584159,0.04074744427310084,nan,nan,nan,0.59379064999046,0.8977220933440156,0.7371069338633138,nan,nan,nan,731.2105108499527,0.44048702251166105,731.6509978724644,27.438847955316305,0.38365590386092663,27.822503859177232,0.0010311240330338478,0.017757895402610302,0.8429379649460316,9.967353520323741e-08,3.270583891161921e-08,True,902,731.2105108499527,0,0,0.02968003509861502,1.1173309788563438e+18,outputs/Mach_interpolation/naca0012/iso/hessian/eig/h0.025/aoa2.00/M1.60-1.70/drift_SBsquared_exact+ffd/gmin0.001
eig,0.025,mach,2.0,1.7,1.8,23548,SBsquared_exact+ffd,0.001,5,0.01124501891768088,0.0077349693027059675,0.0045184254230070725,1.1102836992129381,0.48794112391769884,0.4509769116004808,nan,nan,nan,0.003973799698132229,0.0018236928894858092,0.001560846933461239,0.010257327214778738,0.0010598630260169944,0.008738171193244375,0.08508510935795716,0.09142931771713046,0.08593932771153596,0.0929698445212187,0.08947056866533067,,0.030478826495737663,0.03475205390788943,0.023358626514205418,nan,nan,nan,0.6183423542379365,0.9003384059121554,0.7433844023072167,nan,nan,nan,695.3355392226949,0.44721159525215626,695.7827508179471,28.025155608542264,0.38212544564157724,28.40728105418384,0.0011191675439476967,0.017485511489212513,0.8479444524273276,9.420273983096195e-08,3.0438377219856966e-08,True,801,695.3355392226949,0,0,0.03926381332448345,2254990454245748.5,outputs/Mach_interpolation/naca0012/iso/hessian/eig/h0.025/aoa2.00/M1.70-1.80/drift_SBsquared_exact+ffd/gmin0.001
eig,0.025,mach,2.0,1.8,1.9,23548,SBsquared_exact+ffd,0.001,5,0.01074460545859974,0.006665719217986872,0.0038434308910855397,1.2807249956105868,0.48552650213241577,0.5894487167131586,nan,nan,nan,0.0005558200994302496,0.0004758522250022394,0.0014147510893132292,0.004546334338698112,0.001277736290961713,0.003544787045584744,0.08398299167661326,0.08590677515330031,0.08495206550144041,0.08523648122131047,0.08523146861963012,,0.029255888931105527,0.02521792321512362,0.019320297426795464,nan,nan,nan,0.5272859486014166,0.8834556490707701,0.6508915615753733,nan,nan,nan,739.85154697299,0.4347957130521536,740.2863426860422,27.421058378648013,0.38156978599727154,27.802628164645284,0.001115360762923956,0.017523643095046282,0.8350086198188365,8.196832190776604e-08,3.5868013902915676e-08,True,915,739.85154697299,0,0,0.024308463904212194,1535229004268089.5,outputs/Mach_interpolation/naca0012/iso/hessian/eig/h0.025/aoa2.00/M1.80-1.90/drift_SBsquared_exact+ffd/gmin0.001
eig,0.025,mach,2.0,1.9,2.0,23548,SBsquared_exact+ffd,0.001,5,0.008875495156659512,0.004786139168248332,0.0028654767923014207,1.4345893428835885,0.31333452463150024,0.4578018379465105,nan,nan,nan,0.0004613397622155442,8.197371771751566e-05,0.00017819489779809393,0.0034669526033666268,0.0002192487407567035,0.0012790120527456743,0.07907085155293288,0.08100056813855426,0.08030647062517267,0.07871285541311167,0.07858738516796132,,0.029473648273363642,0.016443951542314702,0.012637693861224342,nan,nan,nan,0.6304216076684978,0.9947981682973318,0.727230962184135,nan,nan,nan,875.4880224838853,0.7073191236704588,876.1953416075557,28.16734377667308,0.6503566121682525,28.81770038884133,0.0009407484903931618,0.03276109881699085,1.3913810970261693,9.278232937504072e-08,3.993456760950183e-08,True,1092,875.4880224838853,0,0,0.017294545027431607,7038079850516879.0,outputs/Mach_interpolation/naca0012/iso/hessian/eig/h0.025/aoa2.00/M1.90-2.00/drift_SBsquared_exact+ffd/gmin0.001
eig,0.025,mach,2.0,2.0,2.1,23548,SBsquared_exact+ffd,0.001,5,0.011441337165952664,0.005973948565935676,0.006499941634738358,1.1919394172656883,0.9754075706005099,1.0737055283572752,nan,nan,nan,0.003290039167402076,0.004887494475107884,0.00525532089850692,0.005058914081873724,0.0015070894829231568,0.0015043924103561373,0.0738742777123527,0.07660609283179425,0.07570543658754028,0.07884709744016573,0.07486050414206043,,0.03724052896033679,0.025196223659989466,0.026749938107829732,nan,nan,nan,0.533419589819316,0.838543741720407,0.7143431315150421,nan,nan,nan,649.4266024418175,0.4866144508123398,649.9132168926299,27.249554413370788,0.3773555429652333,27.62690995633602,0.0003113681450486183,0.01758539956063032,0.8818746227771044,9.719394711282803e-08,3.078977834427474e-08,True,814,649.4266024418175,0,0,0.018302960215069785,2.0174509171842064e+25,outputs/Mach_interpolation/naca0012/iso/hessian/eig/h0.025/aoa2.00/M2.00-2.10/drift_SBsquared_exact+ffd/gmin0.001
eig,0.025,mach,2.0,2.1,2.2,23548,SBsquared_exact+ffd,0.001,5,0.00875397046336202,0.0040856466500802085,0.0032184518395016798,1.6746907059290077,0.9986584067344666,1.0670182420743393,nan,nan,nan,0.00923560085479838,0.0002753656253236382,0.0013931010322274738,0.004832935889934333,0.0015295927208643428,0.0032846562391240677,0.0746882068107488,0.07639497992885894,0.07554106835856678,0.08696294973568151,0.07654752399747672,,0.029999633148427043,0.020614104376690687,0.019275452921957533,nan,nan,nan,0.46087814361704343,0.8752829194343847,0.8126296989390535,nan,nan,nan,1436.4134763099719,0.47526792995631695,1436.8887442399282,36.412468957016245,0.40902372903656214,36.82149268605281,0.0011914490023627877,0.019634808995760977,0.905119861010462,9.314702076324011e-08,4.463218710915089e-08,True,1084,1436.4134763099719,0,0,0.039296693330842604,14461336519809.59,outputs/Mach_interpolation/naca0012/iso/hessian/eig/h0.025/aoa2.00/M2.10-2.20/drift_SBsquared_exact+ffd/gmin0.001
eig,0.025,mach,2.0,2.2,2.3,23548,SBsquared_exact+ffd,0.001,5,0.00849578262488731,0.0025692155808657567,0.002494668816861512,1.6769910329200683,0.39345353841781616,0.3467769978477181,nan,nan,nan,0.004798210410122179,0.0002149731936574923,0.0008137737215289514,0.004612563435837878,0.0006874211033934741,0.002908030219090938,0.07226577248026443,0.07428250446437734,0.07309467081512044,0.08463860310257505,0.0749362753259302,,0.02675688670197698,0.006178707874263622,0.010133958401088024,nan,nan,nan,0.5214725636461562,0.9822961354230941,0.8087413078975714,nan,nan,nan,778.1956066819839,0.6909802099689841,778.8865868919529,27.98785360902548,0.6375955939292908,28.62544920295477,0.0011207889765501022,0.03175548883154988,1.3614603457972407,9.307685644444064e-08,2.8745754033983636e-08,True,1067,778.1956066819839,0,0,0.02241862911440306,1262014700073.2893,outputs/Mach_interpolation/naca0012/iso/hessian/eig/h0.025/aoa2.00/M2.20-2.30/drift_SBsquared_exact+ffd/gmin0.001
eig,0.025,mach,2.0,2.3,2.4,23548,SBsquared_exact+ffd,0.001,5,0.008178869369790284,0.0027437829585492766,0.0028142500684191756,1.7808662994103275,0.8146533250808714,0.7152839283409107,nan,nan,nan,0.004689694285003484,0.000587593488046949,0.00032527028210232393,0.0018968088674013882,0.003186087965579867,0.0022070961624718393,0.07168588961797485,0.073838096138618,0.07313082202589545,0.08245432882508782,0.06898625104470207,,0.024865169152929613,0.011121186752839253,0.011073202755315373,nan,nan,nan,0.4077944115269304,0.9113764010831606,0.822466315923466,nan,nan,nan,1365.9647155980347,0.4813340670079924,1366.4460496650427,37.340676557971165,0.4150946890003979,37.75577124697156,0.0010883260401897132,0.019674262031912804,0.917193638975732,9.358230101952358e-08,2.7575574541686336e-08,True,1065,1365.9647155980347,0,0,0.016984791087915254,2075334.025824681,outputs/Mach_interpolation/naca0012/iso/hessian/eig/h0.025/aoa2.00/M2.30-2.40/drift_SBsquared_exact+ffd/gmin0.001
eig,0.025,mach,2.0,2.4,2.5,23548,SBsquared_exact+ffd,0.001,5,0.010229750469032538,0.0047135846033301045,0.00505472369227837,1.9774526921722493,1.0299310684204102,1.0072852341556935,nan,nan,nan,0.011863145214257464,0.0027934123976160186,0.0010888532354972876,0.01228738122324581,0.004328196926897173,0.012493596091743116,0.06310161601640074,0.06872125742858104,0.06426292512394109,0.08221056923076074,0.06783007892185718,,0.029807344167826447,0.017498590037147807,0.019632414992697602,nan,nan,nan,0.41935193543283605,1.0526386454757133,0.8910361760434913,nan,nan,nan,1391.805951836519,0.4724063891917467,1392.2783582257107,36.96961570903659,0.40827956795692444,37.37789527699351,0.001126968301832676,0.01904649380594492,0.9008647287264466,9.591685312670961e-08,2.9004040500871502e-08,True,1069,1391.805951836519,0,0,0.04539848302374038,503349672882.86145,outputs/Mach_interpolation/naca0012/iso/hessian/eig/h0.025/aoa2.00/M2.40-2.50/drift_SBsquared_exact+ffd/gmin0.001
eig,0.025,mach,2.0,2.5,2.6,23548,SBsquared_exact+ffd,0.001,5,0.008273056086461568,0.0016874377423691082,0.0022702591885963674,2.2840490558473783,0.19315731525421143,1.004297952916416,nan,nan,nan,0.012466684039322056,0.00013302077869409445,0.000882191377913219,0.0004543940492139446,0.00016711713010796817,0.0003001533599699772,0.0566843939638048,0.05686667819984526,0.05671862877268731,0.08597280562489862,0.05429848731717086,,0.0261858879266191,0.0042961201012057535,0.013473320371875782,nan,nan,nan,0.3407486061516792,1.0002403993891071,0.6602843299586046,nan,nan,nan,656.6929603088647,0.4819129901006818,657.1748732989654,28.6621027411893,0.37719331961125135,29.039296060800552,0.0011114142835140228,0.017959184013307095,0.8781827548518777,9.390853961122048e-08,3.189934357880723e-08,True,1009,656.6929603088647,0,0,0.022672640636846448,7666.008204179369,outputs/Mach_interpolation/naca0012/iso/hessian/eig/h0.025/aoa2.00/M2.50-2.60/drift_SBsquared_exact+ffd/gmin0.001
eig,0.025,mach,2.0,2.6,2.7,23548,SBsquared_exact+ffd,0.001,5,0.00789040103231012,0.001299205433026986,0.00172796168825709,2.278072260788049,0.10158257484436062,0.5976326687002149,nan,nan,nan,0.012546281757866958,0.00010314162196327359,0.0017365988862313457,0.0005881286442999239,0.00019773598271686602,0.00026935445973592546,0.05089296591071998,0.05120841288781661,0.050945970983072894,0.08413751077269527,0.04995176953340401,,0.025427981780696662,0.0029366050098234044,0.008180506695748838,nan,nan,nan,0.3540750345921124,1.0039563893858003,0.7856824519345286,nan,nan,nan,717.5742835337296,0.4373188251629472,718.0116023588926,28.623983822762966,0.38340319506824017,29.007387017831206,0.0010630013421177864,0.017929493449628353,0.8397170891985297,9.74572191836387e-08,2.6997281177641663e-08,True,1050,717.5742835337296,0,0,0.02343228966987727,2278.7224753859105,outputs/Mach_interpolation/naca0012/iso/hessian/eig/h0.025/aoa2.00/M2.60-2.70/drift_SBsquared_exact+ffd/gmin0.001
eig,0.025,mach,2.0,2.7,2.8,23548,SBsquared_exact+ffd,0.001,5,0.007814625585896483,0.0012522751064992644,0.001916542310552701,2.33356045831294,0.5823301792144777,0.589743776156326,nan,nan,nan,0.012629591206897234,0.00022648585977810061,0.0027150486552607847,0.000963158826318887,0.0008123557095437817,0.00040909672904720993,0.049916675277145925,0.05006719951603126,0.049358227346549426,0.0820153128808109,0.04882063241263463,,0.023757670497902048,0.0042095634774460535,0.0080796486772951,nan,nan,nan,0.35562953421361293,1.001845859367781,0.7491096759838815,nan,nan,nan,1356.4087654660107,0.48867622000398114,1356.8974416860146,38.245365816983394,0.421464983955957,38.66683080093935,0.0011021569953300059,0.02006776601774618,0.9313131300150417,9.935801514870946e-08,3.189398597429213e-08,True,1017,1356.4087654660107,0,0,0.02241138268069187,544060.4401405083,outputs/Mach_interpolation/naca0012/iso/hessian/eig/h0.025/aoa2.00/M2.70-2.80/drift_SBsquared_exact+ffd/gmin0.001
eig,0.025,mach,2.0,2.8,2.9,23548,SBsquared_exact+ffd,0.001,5,0.007369513493909027,0.0011202049327288172,0.0014079374380853112,2.5457639601038045,0.09242403507232666,0.3513453159070512,nan,nan,nan,0.012473685919155647,0.00022446729525179657,0.00031688272421692546,0.0010489841730524586,0.0001763045011058503,0.00042436057401730605,0.049223017941003096,0.049877999196430295,0.04953111506720458,0.07972839343197863,0.0485419456352501,,0.021164951051461836,0.0018669128985223035,0.004385376839539364,nan,nan,nan,0.34492911477854243,1.0021499417172766,0.8666680194060558,nan,nan,nan,608.9073902657256,0.4278784189373255,609.3352686846629,28.133820126764476,0.3747727139852941,28.50859284074977,0.0010408880189061165,0.017492468934506178,0.8211868349462748,9.797610900363907e-08,3.09331721201286e-08,True,915,608.9073902657256,0,0,0.01804083410900583,72.40064591309329,outputs/Mach_interpolation/naca0012/iso/hessian/eig/h0.025/aoa2.00/M2.80-2.90/drift_SBsquared_exact+ffd/gmin0.001
eig,0.025,mach,0.0,0.8,0.9,23548,SBsquared_exact+ffd,0.01,2,0.021477983234326068,0.023340495322464398,0.02069282244865053,0.5392516067626396,0.4341567218303679,0.4704005302783578,nan,nan,nan,0.006287196306574738,0.002194889800959858,0.01973424185390393,0.0005444250249511731,0.0011406771668571467,0.001350625787537862,0.0026156785555324657,0.003472331325497623,0.002286360029693496,0.04602296675976563,0.0012042733848182956,,0.05010339851366841,0.05436803577402452,0.012110735794983169,nan,nan,nan,0.5030222317298901,0.9997669412075901,0.6635320822720236,nan,nan,nan,712.7806849039916,0.4817330410005525,713.2624179449922,0.009813308017328382,0.4159315580036491,0.4257448660209775,0.001230487017892301,0.019862668006680906,0.9187621109886095,8.332688361534224e-08,2.6547563259184664e-08,True,140,712.7806849039916,0,0,0.04041357176092292,254.3291089364688,outputs/Mach_interpolation/naca0012/iso/hessian/eig/h0.025/M0.80-0.90/drift_SBsquared_exact+ffd/gmin0.01
eig,0.025,mach,0.0,0.9,1.0,23548,SBsquared_exact+ffd,0.01,2,0.021387655664625842,0.029057661532371486,0.008961569703089157,0.4144411424826049,0.5637418031692505,0.5628250155941315,nan,nan,nan,0.010399149354996782,0.0015857134560530004,0.005942805751220651,0.001861744552585994,0.0009921530728408884,0.002316764082295173,0.004569282449967365,0.003231997929473239,0.003808174161249631,0.08889940095738784,0.0019486100606276799,,0.035092283247360884,0.06616363696814194,0.02493817669636522,nan,nan,nan,0.9962518903932656,1.0416204936663231,0.7581852751325331,nan,nan,nan,707.6175277510192,0.47251332600717433,708.0900410770264,0.009845160006079823,0.43475153399049304,0.44459669399657287,0.0011209279764443636,0.019045024004299194,0.9274357300018892,8.664280315429096e-08,2.7518181379188417e-08,True,145,707.6175277510192,0,0,0.07116810474195089,35849.64264770752,outputs/Mach_interpolation/naca0012/iso/hessian/eig/h0.025/M0.90-1.00/drift_SBsquared_exact+ffd/gmin0.01
eig,0.025,mach,0.0,1.0,1.1,23548,SBsquared_exact+ffd,0.01,2,0.02914614537256254,0.029569762679791278,0.011086574479924859,0.7015658259544996,0.5999207735061646,0.4968964909632104,nan,nan,nan,0.008220539942107289,0.0009745000508351448,0.011104575930622465,0.004088551470020477,0.0007717009289351178,0.0009127803807398247,0.008133854606839946,0.0008484240233315544,0.001081227576858565,0.10355119820397703,0.0006436220963663847,,0.08332140664505054,0.06157419357666578,0.03628074639075437,nan,nan,nan,0.6037550460286241,1.1066384017070223,0.9016028041612637,nan,nan,nan,765.1793626110011,0.48044087798916735,765.6598034889903,0.0052978029998485,0.4155150250007864,0.4208128280006349,0.0010591419995762408,0.02029547400888987,0.9173127149988431,7.460983164619961e-08,2.694279775746352e-08,True,157,765.1793626110011,0,0,0.06190156915099093,2496.7153933282325,outputs/Mach_interpolation/naca0012/iso/hessian/eig/h0.025/M1.00-1.10/drift_SBsquared_exact+ffd/gmin0.01
eig,0.025,mach,0.0,1.1,1.2,23548,SBsquared_exact+ffd,0.01,2,0.024517552281600467,0.026410086575178234,0.010495363346332252,0.3294053010702258,0.3402608156204223,0.5422775297720983,nan,nan,nan,0.0018862605371294389,0.00026728502066358643,0.007726646682431189,0.0032355760837672787,0.0005891711850093081,0.00105075867351521,0.004670603301676226,0.0007910481083013683,0.0016217930722943435,0.10104820265022862,0.00045845497549726593,,0.013774550031108808,0.0354588181357687,0.021100298309219147,nan,nan,nan,0.7919884019912297,1.0078254631224361,0.5779668500669793,nan,nan,nan,923.313315821928,0.47736655396874994,923.7906823758967,0.01285121205728501,0.40967234992422163,0.42252356198150665,0.0011310259578749537,0.0196530029643327,0.9078249370213598,9.940468181923734e-08,4.849251599980835e-08,True,196,923.313315821928,0,0,0.027931710146791033,280097.0249570155,outputs/Mach_interpolation/naca0012/iso/hessian/eig/h0.025/M1.10-1.20/drift_SBsquared_exact+ffd/gmin0.01
eig,0.025,mach,0.0,1.2,1.3,23548,SBsquared_exact+ffd,0.01,2,0.023775238380244097,0.022609540629959877,0.010132801448620783,0.5535670015324891,0.37157476544380197,0.5695160227155324,nan,nan,nan,0.004348016972097853,0.00019071674470029962,0.007243331273346527,0.00619685872423516,0.0007552199556830961,0.0017237489987364336,0.010100063563647094,0.00041841563996105073,0.00206300392274726,0.09896135502438419,0.0006784077242135195,,0.028559834928973397,0.08188345061228061,0.02777749305203963,nan,nan,nan,0.8608720553292265,1.0318707990445084,0.6535207456763091,nan,nan,nan,865.9729631910159,0.4830609980272129,866.4560241890431,0.005778021004516631,0.4166759570071008,0.42245397801161744,0.0004233419895172119,0.02022151299752295,0.9203838240064215,6.610931180262014e-08,3.568457621783211e-08,True,181,865.9729631910159,0,0,0.07615178946786082,11730805.796169307,outputs/Mach_interpolation/naca0012/iso/hessian/eig/h0.025/M1.20-1.30/drift_SBsquared_exact+ffd/gmin0.01
eig,0.025,mach,0.0,1.3,1.4,23548,SBsquared_exact+ffd,0.01,2,0.023967889291970926,0.018135030815605028,0.007322013576182788,0.6520492950322035,0.42035608887672415,0.548182528534186,nan,nan,nan,0.005787812935789218,0.00013126764113339303,0.007358189181217746,0.0029463436489750496,0.00046834239629559054,0.0018246382303452487,0.004797744489818437,0.00041768455964338614,0.0029010597002998386,0.09743348305194131,0.0003854535664023596,,0.03487243605422369,0.07992817366683808,0.02506155670191128,nan,nan,nan,0.7120262837784584,1.0007382264342448,0.6842479324212751,nan,nan,nan,1052.0753798440564,0.47297161200549453,1052.548351456062,0.009393134037964046,0.4684872650541365,0.47788039909210056,0.0011036640498787165,0.01906509802211076,0.9616325489478186,7.915345534570406e-08,3.5920443155306024e-08,True,211,1052.0753798440564,0,0,0.08181374246092107,186.3930734159111,outputs/Mach_interpolation/naca0012/iso/hessian/eig/h0.025/M1.30-1.40/drift_SBsquared_exact+ffd/gmin0.01
eig,0.025,mach,0.0,1.4,1.5,23548,SBsquared_exact+ffd,0.01,2,0.023431674300849845,0.013551469054970653,0.005388262043534889,0.8369824560118383,0.5202486753463746,0.4408702648962266,nan,nan,nan,0.012654042582550646,0.00011433794153664943,0.004891709136308851,0.000296968932794971,0.00028875417339903787,0.0003746355628278199,0.0008702312296103677,0.00010989380886875516,0.0005518772509699541,0.09638692132673897,0.00028859082353992926,,0.039866059549124866,0.06513321512364202,0.02374204122367489,nan,nan,nan,0.7398199724568554,0.9130213919572806,0.7277954816172043,nan,nan,nan,745.863794335979,0.4866801970056258,746.3504745329847,0.009854114992776886,0.41764102003071457,0.42749513502349146,0.0015194489969871938,0.019902907020878047,0.9257455659681,7.93706220747481e-08,1.7525123397506285e-08,True,152,745.863794335979,0,0,0.0840361376239823,4156.99891109908,outputs/Mach_interpolation/naca0012/iso/hessian/eig/h0.025/M1.40-1.50/drift_SBsquared_exact+ffd/gmin0.01
eig,0.025,mach,0.0,1.5,1.6,23548,SBsquared_exact+ffd,0.01,2,0.023524719611648797,0.010434668505040013,0.004539862950201494,1.150672725036535,0.4329843521118164,0.42276427994719956,nan,nan,nan,0.021152596014094374,0.00023711260078121565,0.0029923030880684275,0.0004466241794307228,0.00032683943141845293,0.0015924887245473349,0.0014895766064676355,0.0007535096770369227,0.0017194992272335182,0.09540550706252164,0.00037712346087783984,,0.04362263489118517,0.048759325881880505,0.02258485503388226,nan,nan,nan,0.602972558137976,0.7426430993755051,0.7632549235605837,nan,nan,nan,427.5238964878954,0.4344670157879591,427.95836350368336,0.008554494008421898,0.3809735672548413,0.3895280612632632,0.0009734081104397774,0.017488930840045214,0.8339054840616882,8.480063939941829e-08,3.5969049077333435e-08,True,168,427.5238964878954,0,0,0.08515045539267167,2488.173169948088,outputs/Mach_interpolation/naca0012/iso/hessian/eig/h0.025/M1.50-1.60/drift_SBsquared_exact+ffd/gmin0.01
eig,0.025,mach,0.0,1.6,1.7,23548,SBsquared_exact+ffd,0.01,2,0.02461088799823074,0.00903601512107888,0.006620129002678064,1.2080791150326058,1.0806956678628923,1.0873955183483368,nan,nan,nan,0.02314266115439918,0.0028420745649762246,0.0033577244334882317,0.0035693652509331173,0.0030582568376252197,0.0038806681177405693,0.000575438944602252,0.0007963798214780307,0.0005751199392542251,0.09110144393464797,0.003606047375843329,,0.05758924892743256,0.03830452694661601,0.036488025598228606,nan,nan,nan,0.4793840171517195,0.7474808539121909,0.7460983382738776,nan,nan,nan,432.014465787448,0.770476465113461,432.78494225256145,0.010169594548642635,0.6620261399075389,0.6721957344561815,0.000963372178375721,0.03308877442032099,1.4665578566491604,7.488881559325478e-08,3.452178548163929e-08,True,167,432.014465787448,0,0,0.07851120434267353,12238.923405203615,outputs/Mach_interpolation/naca0012/iso/hessian/eig/h0.025/M1.60-1.70/drift_SBsquared_exact+ffd/gmin0.01
eig,0.025,mach,0.0,1.7,1.8,23548,SBsquared_exact+ffd,0.01,2,0.022234682938229736,0.00790744464315251,0.004461160087830221,1.5067146341197484,0.4973820686340332,0.48970526022759087,nan,nan,nan,0.02979241050349753,0.0015946961794066658,0.0026572402386247484,0.00213126265932283,0.0005846794062010577,0.001792686162503657,0.003253594236727446,0.0011723014067434414,0.0029079074756760454,0.09321922992576821,0.0008472606640478158,,0.04897454938428017,0.03865786459642868,0.024780551143726286,nan,nan,nan,0.507140048746917,0.9263115998807491,0.7361596831490019,nan,nan,nan,388.79522148612887,0.4350442700088024,389.23026575613767,0.008837406989187002,0.38242387399077415,0.39126128097996116,0.0009809178300201893,0.017736705020070076,0.8361888322979212,9.386444688175288e-08,4.409824093101074e-08,True,153,388.79522148612887,0,0,0.09459784167391225,148.67133763352504,outputs/Mach_interpolation/naca0012/iso/hessian/eig/h0.025/M1.70-1.80/drift_SBsquared_exact+ffd/gmin0.01
eig,0.025,mach,0.0,1.8,1.9,23548,SBsquared_exact+ffd,0.01,2,0.02170932557540684,0.006111940380036422,0.0034085003268596965,1.7356300420569888,0.3959732532501221,0.4064901934255087,nan,nan,nan,0.020242076782351345,0.000723007261232026,0.0012275738846598118,0.002384586774282596,0.00027057334630694306,0.0006593129108660113,0.00278921089128678,0.0037104519301695087,0.003318696372891031,0.08537450839473235,0.0025772976030083946,,0.04716903894690173,0.02392847807161358,0.016705395333208917,nan,nan,nan,0.3476264524747748,0.9473895826249251,0.7533351215952694,nan,nan,nan,950.8317638139706,0.4836092370096594,951.3153730509803,0.009459164983127266,0.41656639700522646,0.42602556198835373,0.0011012129834853113,0.020126000978052616,0.9214049709844403,8.683756824723332e-08,3.6772008584771446e-08,True,192,950.8317638139706,0,0,0.09724350396906194,298.48266819436543,outputs/Mach_interpolation/naca0012/iso/hessian/eig/h0.025/M1.80-1.90/drift_SBsquared_exact+ffd/gmin0.01
eig,0.025,mach,0.0,1.9,2.0,23548,SBsquared_exact+ffd,0.01,2,0.020728919224754172,0.004777764488118775,0.0029552558560744517,1.8891165094318574,0.3449802517890932,0.4448948178002695,nan,nan,nan,0.016458978966578282,0.0002781203042832288,0.000569818352582944,0.0030761876393549745,0.00022942479697547362,0.0012362022216639112,0.003698062860741046,0.005530893423178863,0.005126661289227454,0.07863133521688818,0.005018376648966553,,0.049700544472971536,0.015972340615512743,0.013383734081342545,nan,nan,nan,0.375737746121926,1.0005664357969053,0.7292128053676212,nan,nan,nan,364.0951286405325,0.4350445121526718,364.53017315268517,0.008243563584983349,0.38238706160336733,0.3906306251883507,0.0009710546582937241,0.017648788169026375,0.8360586557537317,9.770093800653967e-08,4.298570775973029e-08,True,141,364.0951286405325,0,0,0.08832089566027791,77.96289395194425,outputs/Mach_interpolation/naca0012/iso/hessian/eig/h0.025/M1.90-2.00/drift_SBsquared_exact+ffd/gmin0.01
eig,0.025,mach,0.0,2.0,2.1,23548,SBsquared_exact+ffd,0.01,2,0.02044557758650198,0.0054225308689139625,0.00648855649736984,1.7042519281344937,0.6713736489415169,1.012003886236983,nan,nan,nan,0.029638737950678853,0.003969712926709291,0.003713337151868575,0.0021713150198916587,0.0015768844119595613,0.0019609734298914566,0.00488105652468601,0.005530940431691921,0.005079423475840697,0.08404322062889444,0.00430398665330389,,0.04985818291429821,0.02964305529111307,0.03704934302637167,nan,nan,nan,0.32540163752328877,0.7730521928332327,0.6747769983829787,nan,nan,nan,420.68841654481366,0.4313530148938298,421.1197695597075,0.008200651034712791,0.38025053637102246,0.38845118740573525,0.00030936580151319504,0.017645061016082764,0.8295646579936147,8.290561126500506e-08,2.9356389701180362e-08,True,164,420.68841654481366,0,0,0.10065679692937356,495296.3272715416,outputs/Mach_interpolation/naca0012/iso/hessian/eig/h0.025/M2.00-2.10/drift_SBsquared_exact+ffd/gmin0.01
eig,0.025,mach,0.0,2.1,2.2,23548,SBsquared_exact+ffd,0.01,2,0.02033179936580301,0.0037368970013583764,0.0029594571066217145,1.7707119550598445,0.8750494778156281,0.8540023765583962,nan,nan,nan,0.031761608013057135,0.0004691653697344311,0.0004978366193309784,0.0041680622867104,0.0016521043121605272,0.002230273083165716,0.0039340671818392445,0.006517725092787959,0.006154509546872214,0.08670235177132207,0.006969910914451998,,0.045540747331010566,0.018983298846759884,0.017964008721896844,nan,nan,nan,0.27796388722591553,0.8633783628645161,0.8492344722684776,nan,nan,nan,481.9758879588917,0.430825631134212,482.4067135900259,27.3515145489946,0.37537761125713587,27.726892160251737,0.0013996604830026627,0.017626378685235977,0.8252319460734725,7.941254054344427e-08,3.356133348457287e-08,True,180,481.9758879588917,0,0,0.09860711867564056,49.673819970876266,outputs/Mach_interpolation/naca0012/iso/hessian/eig/h0.025/M2.10-2.20/drift_SBsquared_exact+ffd/gmin0.01
eig,0.025,mach,0.0,2.2,2.3,23548,SBsquared_exact+ffd,0.01,2,0.02055258976097081,0.002605523954210225,0.002831956408794857,1.8201071698761335,0.40266804695129377,0.5157102445130777,nan,nan,nan,0.02973878278559256,0.00014648248240959092,0.00045478361065494355,0.005376650027117231,0.0004187146507091942,0.0016875652809417868,0.003715918335462913,0.007457386512014414,0.006291157396150894,0.08362252712638468,0.0069628282429214355,,0.04336789995055715,0.006594855496488351,0.01236460134806891,nan,nan,nan,0.23046447997234612,0.9932496330870492,0.7136231859198328,nan,nan,nan,396.0946690971032,0.4335478381253779,396.52821693522856,0.008272713981568813,0.3807418760843575,0.3890145900659263,0.0010298751294612885,0.01759975403547287,0.8329225569032133,6.389455720068327e-08,2.0024792280484514e-08,True,148,396.0946690971032,0,0,0.11308326255027192,53.032460214832206,outputs/Mach_interpolation/naca0012/iso/hessian/eig/h0.025/M2.20-2.30/drift_SBsquared_exact+ffd/gmin0.01
eig,0.025,mach,0.0,2.3,2.4,23548,SBsquared_exact+ffd,0.01,2,0.019865698011934285,0.0018929661707917439,0.0018111706042854446,2.1045224935528424,0.09980418682098424,0.16243405080452522,nan,nan,nan,0.02876868421849164,9.085157435999303e-05,0.0007117000311400877,0.004950231750604231,0.0001066260988286508,0.0011545309516809924,0.004430912968840099,0.00876171863955074,0.008260534314927646,0.08106893552139874,0.008387899900902305,,0.043233016940418895,0.004184887059432906,0.0066745849045416715,nan,nan,nan,0.23584759460438312,0.9951755272529581,0.970675329452795,nan,nan,nan,692.5345123430016,0.7552587440004572,693.289771087002,39.0697692920221,0.6894010580144823,39.759170350036584,0.001100519031751901,0.0364215619629249,1.4821910010068677,9.37368529463356e-08,3.0832130491658556e-08,True,138,692.5345123430016,0,0,0.0922749354055474,4.563873822396493,outputs/Mach_interpolation/naca0012/iso/hessian/eig/h0.025/M2.30-2.40/drift_SBsquared_exact+ffd/gmin0.01
eig,0.025,mach,0.0,2.4,2.5,23548,SBsquared_exact+ffd,0.01,2,0.01961720444908859,0.001440097699525693,0.0016184212894700001,2.1374296374477915,0.153633713722229,0.21979098986325818,nan,nan,nan,0.029395647366943604,0.0003315946024186796,0.0002454264131031913,0.006280587385647796,0.0004011595603640153,0.0017309640343625464,0.004734851567523256,0.009678528660855695,0.00900347428728603,0.07950355921433928,0.009732829617564685,,0.04399887005802875,0.0037174710797485016,0.0055774207713309145,nan,nan,nan,0.2245980004535013,1.0464977138967224,0.9255227108392846,nan,nan,nan,738.404657815001,0.4706441559828818,738.8753019709839,36.192046709998976,0.4040070689516142,36.59605377895059,0.0010970670264214277,0.0190848620259203,0.8948396550258622,8.377608207155163e-08,2.9942188510562706e-08,True,146,738.404657815001,0,0,0.09084189273298249,3.505887126348578,outputs/Mach_interpolation/naca0012/iso/hessian/eig/h0.025/M2.40-2.50/drift_SBsquared_exact+ffd/gmin0.01
eig,0.025,mach,0.0,2.5,2.6,23548,SBsquared_exact+ffd,0.01,2,0.019274928053252646,0.001327092010334764,0.00153529727012844,2.2224225950723357,0.13075394630432124,0.3542543373145719,nan,nan,nan,0.030773223017405964,0.00023016241640120652,0.00047699277800119296,0.005351665494000269,0.0004022947341235444,0.001253907411518831,0.004386732526802303,0.00954584087264791,0.008714705718529722,0.07849810795467219,0.008328256821915243,,0.04505460911988659,0.0031531496666385036,0.0059777900204535375,nan,nan,nan,0.18029785716979402,0.9973900450641393,0.85649294116464,nan,nan,nan,340.01030846778303,0.6911287326365709,340.7014372004196,29.016555899754167,0.6374439587816596,29.653999858535826,0.0011169826611876488,0.03237504418939352,1.3620677841827273,7.36110514765187e-08,2.5387609227155787e-08,True,130,340.01030846778303,0,0,0.09333660782063653,3.9899065448209914,outputs/Mach_interpolation/naca0012/iso/hessian/eig/h0.025/M2.50-2.60/drift_SBsquared_exact+ffd/gmin0.01
eig,0.025,mach,0.0,2.6,2.7,23548,SBsquared_exact+ffd,0.01,2,0.019294904706648644,0.0011827071554286006,0.001776440233557941,2.4981360602196685,0.137337017059326,0.6118797774809024,nan,nan,nan,0.031065953617740543,7.904633389177617e-05,0.0011179931038266349,0.006023790616597006,0.00012958774378914339,0.0008982996274185845,0.00335886538981637,0.009035537572645679,0.008380301676338962,0.07695680231117681,0.008352429290458012,,0.04628273690200697,0.00211248338829067,0.009820792787929947,nan,nan,nan,0.1702886032176489,0.9961751366067619,0.6916827571881513,nan,nan,nan,354.4193876092322,0.42822592006996274,354.8476135293022,27.90691522695124,0.3747617551125586,28.2816769820638,0.0010144109837710857,0.017467903904616833,0.8214725446887314,7.08099667789952e-08,1.5232903961621047e-08,True,140,354.4193876092322,0,0,0.09126359102572149,2.8358128670380047,outputs/Mach_interpolation/naca0012/iso/hessian/eig/h0.025/M2.60-2.70/drift_SBsquared_exact+ffd/gmin0.01
eig,0.025,mach,0.0,2.7,2.8,23548,SBsquared_exact+ffd,0.01,2,0.021439214000227937,0.005920947177049742,0.006154985946095711,2.4250280627515663,2.0625467598438267,2.2954989934173304,nan,nan,nan,0.03145518469720391,0.002935581070613583,0.006179780882266734,0.008623273315846976,0.005766623451982331,0.005640508505206464,0.002230295229759687,0.00818762129727204,0.008505037288739086,0.07619629039920942,0.010222442158535218,,0.048345540214248105,0.02768547012560233,0.03565749161674555,nan,nan,nan,0.1700529359917385,0.8397993726170435,0.7010005100656226,nan,nan,nan,306.62803951464593,0.43237785808742046,307.06041737273335,28.52319910004735,0.3810961712151766,28.904295271262527,0.0010008495301008224,0.017633266746997833,0.8321113483980298,9.043983251189047e-08,2.5880664822825302e-08,True,119,306.62803951464593,0,0,0.10456528137220174,40.49401224897339,outputs/Mach_interpolation/naca0012/iso/hessian/eig/h0.025/M2.70-2.80/drift_SBsquared_exact+ffd/gmin0.01
eig,0.025,mach,0.0,2.8,2.9,23548,SBsquared_exact+ffd,0.01,2,0.019155261259686356,0.0011401969079288044,0.0011402004896989342,2.4373048998263833,0.15338668823242152,0.1533859952399088,nan,nan,nan,0.03511508125742967,0.00021030966516705373,0.00021031460665605104,0.0008805752948392327,0.0002895254210978,0.0002895226204764625,0.0006496176510789227,0.0006285290856446224,0.0006284875561276886,0.08017598229587561,0.0006272627035634155,,0.034725075766182834,0.0021178539458038535,0.0021178474944549093,nan,nan,nan,0.136962320869023,0.9976829462038905,0.9976797369584408,nan,nan,nan,827.7661302527413,0.47750433813780546,828.2436345908791,37.20029935054481,0.4149337252601981,37.61523307580501,0.0011086873710155487,0.02020405139774084,0.9137604599818587,7.858954731432277e-08,2.7254069116835413e-08,True,163,827.7661302527413,0,0,0.08911892080421624,3.1827361440744144,outputs/Mach_interpolation/naca0012/iso/hessian/eig/h0.025/M2.80-2.90/drift_SBsquared_exact+ffd/gmin0.01
eig,0.025,mach,0.0,2.9,3.0,23548,SBsquared_exact+ffd,0.01,2,0.01862360324432789,0.0010260359102995922,0.0010260400496400522,2.5802670198095643,0.1009523868560791,0.1009523868560791,nan,nan,nan,0.03409749135610548,0.00011604677142271357,0.00011605595089467852,0.001188159959674701,0.00012861765654282253,0.0001286070617238233,0.0008061879939958565,0.0020612118462765166,0.002061165670074375,0.07778761795800776,0.0013492652731903064,,0.03491208189741427,0.001838788359388349,0.0018387932273774528,nan,nan,nan,0.13004169028237453,0.9982885972984042,0.998284815019033,nan,nan,nan,343.2760341987014,0.6882597049698234,343.9642939036712,28.867887531407177,0.8180867726914585,29.685974304098636,0.0010145390406250954,0.032062459737062454,1.5394269130192697,9.188268901283436e-08,2.9515489401595635e-08,True,129,343.2760341987014,0,0,0.08783262912394355,1.8450984580128351,outputs/Mach_interpolation/naca0012/iso/hessian/eig/h0.025/M2.90-3.00/drift_SBsquared_exact+ffd/gmin0.01
eig,0.025,mach,2.0,0.8,0.9,23548,SBsquared_exact+ffd,0.01,2,0.0216371429299361,0.02487542138029235,0.022217160158254902,0.7115190118515787,0.5464495897293091,0.5948146712423183,nan,nan,nan,0.010604289805398105,0.002176073245361046,0.03079049344649395,0.05678252939128571,0.002849561204956904,0.00910784063184903,0.22701497896872058,0.25399410931522715,0.2526220659499447,0.046312903564739286,0.2535516525864444,,0.050891103671024916,0.06248535257348246,0.018863924984519432,nan,nan,nan,0.5349281507548216,1.0028023593842412,0.5161213919606473,nan,nan,nan,677.7322926779743,0.47530609800014645,678.2075987759745,37.35104739293456,0.4079165030270815,37.75896389596164,0.0011624549515545368,0.01969683705829084,0.9040901790140197,9.153015678720067e-08,3.8467412569923765e-08,True,133,677.7322926779743,0,0,0.058569604301810525,333.7796054011953,outputs/Mach_interpolation/naca0012/iso/hessian/eig/h0.025/aoa2.00/M0.80-0.90/drift_SBsquared_exact+ffd/gmin0.01
eig,0.025,mach,2.0,0.9,1.0,23548,SBsquared_exact+ffd,0.01,2,0.023202417488171975,0.02932747431243988,0.009217256754255903,0.6404291015498369,0.5190495610237122,0.7435315747268186,nan,nan,nan,0.0080513579528209,0.0014281042338068176,0.009092208524780288,0.04044776199242425,0.012242044752471688,0.03144160100402002,0.22420269660012976,0.23871986441730053,0.23123790201215866,0.08851231921516327,0.22379281903556875,,0.045460748612646,0.06599485057223593,0.028916808102322254,nan,nan,nan,0.8507343109070831,1.0409545619726022,0.7309695974689783,nan,nan,nan,378.2298551397398,0.4335399898700416,378.66339512960985,26.472324607428163,0.3813482718542218,26.853672879282385,0.00030718278139829636,0.01762625388801098,0.8328250851482153,9.673408740695777e-08,4.7748407311636516e-08,True,149,378.2298551397398,0,0,0.06296610384615807,594.8321585194291,outputs/Mach_interpolation/naca0012/iso/hessian/eig/h0.025/aoa2.00/M0.90-1.00/drift_SBsquared_exact+ffd/gmin0.01
eig,0.025,mach,2.0,1.0,1.1,23548,SBsquared_exact+ffd,0.01,2,0.028745811726642836,0.02952512893783962,0.010816697206689641,0.6866397888372738,0.7138084471225739,0.5956167987702563,nan,nan,nan,0.006029375804855929,0.0009183565878316489,0.011204153295037272,0.03269497294353591,0.0009430008845788386,0.016084806032833986,0.1657777821294673,0.1782330045549274,0.16878596185896097,0.10307138012644176,0.1685281076065708,,0.06414535393709232,0.05719874050729459,0.02912357999455974,nan,nan,nan,0.6678688067649621,1.2129613781011988,0.8053585256583687,nan,nan,nan,374.5892084138468,0.43249293603003025,375.0217013498768,28.153214387595654,0.3801812482997775,28.53339563589543,0.0010978039354085922,0.01779867149889469,0.831573573872447,5.912397949003889e-08,3.199127094707223e-08,True,143,374.5892084138468,0,0,0.047475908073669124,46202.20942047241,outputs/Mach_interpolation/naca0012/iso/hessian/eig/h0.025/aoa2.00/M1.00-1.10/drift_SBsquared_exact+ffd/gmin0.01
eig,0.025,mach,2.0,1.1,1.2,23548,SBsquared_exact+ffd,0.01,2,0.02435980020099986,0.026401132497099238,0.010766440300598987,0.35347198179939465,0.3718847751617431,0.603001248053865,nan,nan,nan,0.0019700986493843445,0.00010529726270250746,0.007505604416963387,0.013408673367001352,0.0008710418694749687,0.0108720044140467,0.1465511717094755,0.15505916724897983,0.1480663671158246,0.10074978110746907,0.147850451261338,,0.018571578860079,0.03637980814104801,0.02247368899748041,nan,nan,nan,1.0223141821592516,1.008742853023684,0.6478833094369035,nan,nan,nan,731.2078115660115,0.5570747050223872,731.7648862710339,31.594805310945958,0.48813206295017153,32.08293737389613,0.0011305190273560584,0.02368962997570634,1.0700333199929446,9.287397517709906e-08,4.745589136577718e-08,True,149,731.2078115660115,0,0,0.03738169174258216,1363784.4776009328,outputs/Mach_interpolation/naca0012/iso/hessian/eig/h0.025/aoa2.00/M1.10-1.20/drift_SBsquared_exact+ffd/gmin0.01
eig,0.025,mach,2.0,1.2,1.3,23548,SBsquared_exact+ffd,0.01,2,0.023590929466234957,0.022672782106855773,0.010085507926687639,0.581340441785613,0.36341125965118426,0.6292061209377828,nan,nan,nan,0.004263298094345185,0.0001508515897616975,0.007607074993598171,0.018062128069876175,0.00033612007623798964,0.009584431759801178,0.1308752176986674,0.1395486612424047,0.13628730688469212,0.09869635447253826,0.13454213046727162,,0.021620204760232794,0.06889668394924245,0.025445853626629888,nan,nan,nan,0.6792626455589925,0.9981536605338279,0.6750076381869835,nan,nan,nan,536.9044291023165,0.48764363769441843,537.3920727400109,26.078687321394682,0.3777848556637764,26.45647217705846,0.0010275784879922867,0.01761843916028738,0.88407729472965,9.209555429379179e-08,4.658821714940736e-08,True,214,536.9044291023165,0,0,0.05191339453005183,7078675.2210622635,outputs/Mach_interpolation/naca0012/iso/hessian/eig/h0.025/aoa2.00/M1.20-1.30/drift_SBsquared_exact+ffd/gmin0.01
eig,0.025,mach,2.0,1.3,1.4,23548,SBsquared_exact+ffd,0.01,2,0.02428609066978015,0.018310647129712396,0.0073633455985833325,0.6616164600496988,0.4423632025718689,0.5721847672609653,nan,nan,nan,0.006780843408618276,9.083434584757077e-05,0.007495308255776289,0.014462608587909605,0.0003036951612451951,0.007679744669713585,0.11644375708608495,0.1275779680415231,0.12490831219835109,0.09721338762878678,0.1237618771482562,,0.03542567536259592,0.07970310819460054,0.025391393782031053,nan,nan,nan,0.8586361434578982,0.9320298622364944,0.69754911069938,nan,nan,nan,1041.0071269660257,0.4742242670035921,1041.4813512330293,33.04050857399125,0.4079830879927613,33.44849166198401,0.0010724769672378898,0.019086691027041525,0.9023683959967457,8.123172179352878e-08,3.389956367194352e-08,True,218,1041.0071269660257,0,0,0.09494769788799,31748.55464657708,outputs/Mach_interpolation/naca0012/iso/hessian/eig/h0.025/aoa2.00/M1.30-1.40/drift_SBsquared_exact+ffd/gmin0.01
eig,0.025,mach,2.0,1.4,1.5,23548,SBsquared_exact+ffd,0.01,2,0.023702924975435666,0.013694445765742247,0.005369946656499514,0.8395264641140228,0.5337103366851808,0.4532547706368688,nan,nan,nan,0.013497412467536623,7.14801789675155e-05,0.004148457240193102,0.012534998725845877,0.0002338716901804233,0.006733202998096506,0.11101297003907781,0.11816051544607961,0.11433632419546028,0.09620202198594992,0.11415620227264779,,0.042157675158115485,0.06649721837118795,0.023884309773776265,nan,nan,nan,0.7650104599174582,0.8524743193756179,0.7587563443475266,nan,nan,nan,412.4811401376501,0.4294679081067443,412.9106080457568,27.82816265337169,0.37598607409745455,28.204148727469146,0.0010851658880710602,0.017566198483109474,0.824108992703259,9.114824983669223e-08,3.700211635606208e-08,True,160,412.4811401376501,0,0,0.09627028224318934,2504.822879911722,outputs/Mach_interpolation/naca0012/iso/hessian/eig/h0.025/aoa2.00/M1.40-1.50/drift_SBsquared_exact+ffd/gmin0.01
eig,0.025,mach,2.0,1.5,1.6,23548,SBsquared_exact+ffd,0.01,2,0.023706467558375317,0.010459993010820902,0.004712323566029307,1.1944172157933903,0.42330573797225934,0.48977313491404717,nan,nan,nan,0.020590310823481322,0.00010734423831164507,0.003594809038616753,0.012140853724176677,0.000362136971465256,0.005252841015466957,0.10209825861905317,0.10887631079472557,0.10684733981810288,0.094986439350618,0.10566167711961695,,0.044827453973638846,0.04789191682569834,0.023795533334182134,nan,nan,nan,0.6156116214652038,1.031739010111765,0.7739071713730512,nan,nan,nan,978.7469650079729,0.5363954500062391,979.2833604579791,40.24319711397402,0.4711014040512964,40.714298518025316,0.0011173700913786888,0.02324440295342356,1.0318671219283715,8.435719678345777e-08,3.045457875055838e-08,True,200,978.7469650079729,0,0,0.08580061183783162,3170.2718403525255,outputs/Mach_interpolation/naca0012/iso/hessian/eig/h0.025/aoa2.00/M1.50-1.60/drift_SBsquared_exact+ffd/gmin0.01
eig,0.025,mach,2.0,1.6,1.7,23548,SBsquared_exact+ffd,0.01,2,0.025139547591281314,0.009962466455761113,0.0074454718264235185,1.2734659144177376,1.1230003595352172,1.1427355290536654,nan,nan,nan,0.02208844087266986,0.003241356236484879,0.0031285527999026785,0.01898575681496329,0.005158476458906214,0.01000847083807463,0.09409581209634928,0.1013250669012484,0.09872131855570015,0.09042447682030753,0.10222952064712422,,0.06191165700787317,0.04593297796584159,0.04074744427310084,nan,nan,nan,0.48851714772174465,0.8977220933440156,0.7371069338633138,nan,nan,nan,430.17733652703464,0.5017824182286859,430.6791189452633,27.705834537744522,0.39692934323102236,28.102763880975544,0.001033448614180088,0.01854610349982977,0.9182944288477302,8.450220878586379e-08,2.898145483066484e-08,True,173,430.17733652703464,0,0,0.07993524871780855,37827.36806461097,outputs/Mach_interpolation/naca0012/iso/hessian/eig/h0.025/aoa2.00/M1.60-1.70/drift_SBsquared_exact+ffd/gmin0.01
eig,0.025,mach,2.0,1.7,1.8,23548,SBsquared_exact+ffd,0.01,2,0.022648966507124915,0.0077349693027059675,0.0045184254230070725,1.4998766270460986,0.48794112391769884,0.4509769116004808,nan,nan,nan,0.02948578692943859,0.0018236928894858092,0.001560846933461239,0.015181563254526511,0.0010598630260169944,0.008738171193244375,0.08375980842425532,0.09142931771713046,0.08593932771153596,0.0929698445212187,0.08947056866533067,,0.04919219434191799,0.03475205390788943,0.023358626514205418,nan,nan,nan,0.52667766509134,0.9003384059121554,0.7433844023072167,nan,nan,nan,430.2529012253508,0.43603880889713764,430.68894003424793,27.997974107973278,0.38139004074037075,28.37936414871365,0.0010406896471977234,0.01766981091350317,0.8361420733854175,9.894295516232887e-08,4.515837215475924e-08,True,161,430.2529012253508,0,0,0.09354921718717588,367.2877332312814,outputs/Mach_interpolation/naca0012/iso/hessian/eig/h0.025/aoa2.00/M1.70-1.80/drift_SBsquared_exact+ffd/gmin0.01
eig,0.025,mach,2.0,1.8,1.9,23548,SBsquared_exact+ffd,0.01,2,0.022074768033136998,0.006665719217986872,0.0038434308910855397,1.7484989303219836,0.48552650213241577,0.5894487167131586,nan,nan,nan,0.01954270655621427,0.0004758522250022394,0.0014147510893132292,0.015237615464406289,0.001277736290961713,0.003544787045584744,0.07965623698727776,0.08590677515330031,0.08495206550144041,0.08523648122131047,0.08523146861963012,,0.046665814243599016,0.02521792321512362,0.019320297426795464,nan,nan,nan,0.34380391044703434,0.8834556490707701,0.6508915615753733,nan,nan,nan,417.2696233340539,0.43104209611192346,417.7006654301658,27.452152982819825,0.3812383678741753,27.833391350694,0.0010914448648691177,0.01763280015438795,0.8310080240480602,9.2349003999459e-08,3.7617714137746054e-08,True,163,417.2696233340539,0,0,0.09416886993587062,345.1297215728322,outputs/Mach_interpolation/naca0012/iso/hessian/eig/h0.025/aoa2.00/M1.80-1.90/drift_SBsquared_exact+ffd/gmin0.01
eig,0.025,mach,2.0,1.9,2.0,23548,SBsquared_exact+ffd,0.01,2,0.02066363920865157,0.004786139168248332,0.002850496496690632,1.8656478085012598,0.31333452463150024,0.4525401043711258,nan,nan,nan,0.016159968504383344,8.197371771751566e-05,0.00019194916510725647,0.014981689271469858,0.0002192487407567035,0.0011902986550827227,0.07362171967214753,0.08100056813855426,0.08035378858884075,0.07871285541311167,0.07858738516796132,,0.05103995869415626,0.016443951542314702,0.012620955498454246,nan,nan,nan,0.3815766437171688,0.9947981682973318,0.730029808056508,nan,nan,nan,1007.8240462120157,0.4732452669995837,1008.2972914790153,37.53129920799984,0.40795955096837133,37.93925875896821,0.0011051520123146474,0.01915797300171107,0.9014734430238605,9.689652280542305e-08,4.187973578806188e-08,True,214,1007.8240462120157,0,0,0.08940387554248226,200.18156654555654,outputs/Mach_interpolation/naca0012/iso/hessian/eig/h0.025/aoa2.00/M1.90-2.00/drift_SBsquared_exact+ffd/gmin0.01
eig,0.025,mach,2.0,2.0,2.1,23548,SBsquared_exact+ffd,0.01,2,0.022285806666284727,0.005973948565935676,0.006499941634738358,1.90888849185411,0.9754075706005099,1.0737055283572752,nan,nan,nan,0.022369680997270748,0.004887494475107884,0.00525532089850692,0.014196940394548475,0.0015070894829231568,0.0015043924103561373,0.0685869082652412,0.07660609283179425,0.07570543658754028,0.07884709744016573,0.07486050414206043,,0.0503043742285921,0.025196223659989466,0.026749938107829732,nan,nan,nan,0.35833079372848714,0.838543741720407,0.7143431315150421,nan,nan,nan,398.10653170663863,0.5064861606806517,398.6130178673193,27.075591498985887,0.38419389072805643,27.459785389713943,0.0010093674063682556,0.017621418461203575,0.9093173565343022,9.760224095600734e-08,3.6861488017536704e-08,True,159,398.10653170663863,0,0,0.07871762490023895,543667.9191111114,outputs/Mach_interpolation/naca0012/iso/hessian/eig/h0.025/aoa2.00/M2.00-2.10/drift_SBsquared_exact+ffd/gmin0.01
eig,0.025,mach,2.0,2.1,2.2,23548,SBsquared_exact+ffd,0.01,2,0.02051469957402714,0.0040856466500802085,0.0032184518395016798,1.8167739591739607,0.9986584067344666,1.0670182420743393,nan,nan,nan,0.03151748262424129,0.0002753656253236382,0.0013931010322274738,0.014551206096831545,0.0015295927208643428,0.0032846562391240677,0.0688025836964698,0.07639497992885894,0.07554106835856678,0.08696294973568151,0.07654752399747672,,0.04679759051033537,0.020614104376690687,0.019275452921957533,nan,nan,nan,0.25698212882471266,0.8752829194343847,0.8126296989390535,nan,nan,nan,783.0129677730147,0.4787949270103127,783.491762700025,35.68198658199981,0.4139301619725302,36.09591674397234,0.0014401660300791264,0.020120808971114457,0.9142897619167343,9.07366910496421e-08,3.5298438457874e-08,True,160,783.0129677730147,0,0,0.09469834031339786,67.92662183081816,outputs/Mach_interpolation/naca0012/iso/hessian/eig/h0.025/aoa2.00/M2.10-2.20/drift_SBsquared_exact+ffd/gmin0.01
eig,0.025,mach,2.0,2.2,2.3,23548,SBsquared_exact+ffd,0.01,2,0.02053691080267766,0.0025692155808657567,0.002494668816861512,1.992321221887566,0.39345353841781616,0.3467769978477181,nan,nan,nan,0.029244871330740718,0.0002149731936574923,0.0008137737215289514,0.01613671588555312,0.0006874211033934741,0.002908030219090938,0.065114744624014,0.07428250446437734,0.07309467081512044,0.08463860310257505,0.0749362753259302,,0.04307595193136024,0.006178707874263622,0.010133958401088024,nan,nan,nan,0.23243488971730586,0.9822961354230941,0.8087413078975714,nan,nan,nan,450.91155505832285,0.4316523061133921,451.34320736443624,28.036637714132667,0.3775566453114152,28.414194359444082,0.0011164718307554722,0.017673823982477188,0.828014150261879,8.531166351133379e-08,2.746671051811318e-08,True,175,450.91155505832285,0,0,0.09328607891712173,47.35462621546381,outputs/Mach_interpolation/naca0012/iso/hessian/eig/h0.025/aoa2.00/M2.20-2.30/drift_SBsquared_exact+ffd/gmin0.01
eig,0.025,mach,2.0,2.3,2.4,23548,SBsquared_exact+ffd,0.01,2,0.020081225714140023,0.0027437829585492766,0.0028142500684191756,2.079291783569004,0.8146533250808714,0.7152839283409107,nan,nan,nan,0.02946751725494547,0.000587593488046949,0.00032527028210232393,0.011716355993644317,0.003186087965579867,0.0022070961624718393,0.06432861061573043,0.073838096138618,0.07313082202589545,0.08245432882508782,0.06898625104470207,,0.04149035798149765,0.011121186752839253,0.011073202755315373,nan,nan,nan,0.18015785934620307,0.9113764010831606,0.822466315923466,nan,nan,nan,719.8554155629827,0.4653924589511007,720.3208080219338,34.98070735402871,0.4020347200566903,35.3827420740854,0.0012781510595232248,0.018779942067340016,0.8874920350499451,9.703494718849015e-08,4.130497449562754e-08,True,148,719.8554155629827,0,0,0.0899994182891283,5.486996166087395,outputs/Mach_interpolation/naca0012/iso/hessian/eig/h0.025/aoa2.00/M2.30-2.40/drift_SBsquared_exact+ffd/gmin0.01
eig,0.025,mach,2.0,2.4,2.5,23548,SBsquared_exact+ffd,0.01,2,0.021298627594061214,0.0047135846033301045,0.00505472369227837,2.0220756715243073,1.0299310684204102,1.0072852341556935,nan,nan,nan,0.0327325526413496,0.0027934123976160186,0.0010888532354972876,0.018131504924601,0.004328196926897173,0.012493596091743116,0.05898119345686936,0.06872125742858104,0.06426292512394109,0.08221056923076074,0.06783007892185718,,0.041933477903946983,0.017498590037147807,0.019632414992697602,nan,nan,nan,0.17384577206437976,1.0526386454757133,0.8910361760434913,nan,nan,nan,795.092205488123,0.4717720951884985,795.5639775833115,39.459015022963285,0.4158068345859647,39.87482185754925,0.001152058131992817,0.019385271705687046,0.9081234438344836,9.888919194622758e-08,3.553032704991155e-08,True,167,795.092205488123,0,0,0.10148606808379605,50.4632549241385,outputs/Mach_interpolation/naca0012/iso/hessian/eig/h0.025/aoa2.00/M2.40-2.50/drift_SBsquared_exact+ffd/gmin0.01
eig,0.025,mach,2.0,2.5,2.6,23548,SBsquared_exact+ffd,0.01,2,0.02036756584207328,0.0016874377423691082,0.0022702591885963674,2.3266981615835327,0.19315731525421143,1.004297952916416,nan,nan,nan,0.03743095723890076,0.00013302077869409445,0.000882191377913219,0.008106577016811469,0.00016711713010796817,0.0003001533599699772,0.05329789797182,0.05686667819984526,0.05671862877268731,0.08597280562489862,0.05429848731717086,,0.04309094617906807,0.0042961201012057535,0.013473320371875782,nan,nan,nan,0.141596588936023,1.0002403993891071,0.6602843299586046,nan,nan,nan,355.4582164203748,0.698636332526803,356.1568527529016,28.53557783085853,0.6446497337892652,29.180227564647794,0.0010003577917814255,0.032594844698905945,1.3768882602453232,8.042419974430004e-08,1.807079432482916e-08,True,140,355.4582164203748,0,0,0.09033718836190777,3.4978534692072127,outputs/Mach_interpolation/naca0012/iso/hessian/eig/h0.025/aoa2.00/M2.50-2.60/drift_SBsquared_exact+ffd/gmin0.01
eig,0.025,mach,2.0,2.6,2.7,23548,SBsquared_exact+ffd,0.01,2,0.01997150674278571,0.001299205433026986,0.00172796168825709,2.3491538167330743,0.10158257484436062,0.5976326687002149,nan,nan,nan,0.03659549019112621,0.00010314162196327359,0.0017365988862313457,0.006956864667447862,0.00019773598271686602,0.00026935445973592546,0.048096620133673454,0.05120841288781661,0.050945970983072894,0.08413751077269527,0.04995176953340401,,0.039737450934562886,0.0029366050098234044,0.008180506695748838,nan,nan,nan,0.1564411951461039,1.0039563893858003,0.7856824519345286,nan,nan,nan,369.6595305521041,0.7201353088021278,370.37966586090624,28.536815609782934,0.6679797796532512,29.204795389436185,0.0011268975213170052,0.03361127711832523,1.4228638103231788,9.426035774140473e-08,2.7429574157059458e-08,True,147,369.6595305521041,0,0,0.08756297414822138,2.764822739486398,outputs/Mach_interpolation/naca0012/iso/hessian/eig/h0.025/aoa2.00/M2.60-2.70/drift_SBsquared_exact+ffd/gmin0.01
eig,0.025,mach,2.0,2.7,2.8,23548,SBsquared_exact+ffd,0.01,2,0.019864486240729645,0.0012522751064992644,0.0019165423115136441,2.3443597705960078,0.5823301792144777,0.5897437750077119,nan,nan,nan,0.03569781279795589,0.00022648585977810061,0.002715048663466244,0.007024268787743058,0.0008123557095437817,0.0004090967297985526,0.04676523108806607,0.05006719951603126,0.04935822734610864,0.0820153128808109,0.04882063241263463,,0.0371319605065418,0.0042095634774460535,0.008079648671857011,nan,nan,nan,0.16687255448496263,1.001845859367781,0.7491096758101294,nan,nan,nan,410.1219873619266,0.4320904961787164,410.5540778581053,28.0872445050627,0.3787443512119353,28.465988856274635,0.0010210382752120495,0.017626581247895956,0.8294849409721792,9.46828198067351e-08,2.6120862119847223e-08,True,156,410.1219873619266,0,0,0.08802649958977597,5.818694883408462,outputs/Mach_interpolation/naca0012/iso/hessian/eig/h0.025/aoa2.00/M2.70-2.80/drift_SBsquared_exact+ffd/gmin0.01
eig,0.025,mach,2.0,2.8,2.9,23548,SBsquared_exact+ffd,0.01,2,0.019343628347098837,0.0011202049327288172,0.0014079374380853112,2.55029367017532,0.09242403507232666,0.3513453159070512,nan,nan,nan,0.034639277907816186,0.00022446729525179657,0.00031688272421692546,0.0074005277828131395,0.0001763045011058503,0.00042436057401730605,0.04595022599647922,0.049877999196430295,0.04953111506720458,0.07972839343197863,0.0485419456352501,,0.036427678611265515,0.0018669128985223035,0.004385376839539364,nan,nan,nan,0.15412047420305205,1.0021499417172766,0.8666680194060558,nan,nan,nan,314.3134454153478,0.7236908399499953,315.0371362552978,28.120332014746964,0.6789126410149038,28.799244655761868,0.0011028819717466831,0.03290556697174907,1.4366164267994463,9.671203127226136e-08,3.453483896254205e-08,True,120,314.3134454153478,0,0,0.08707375738873827,2.0125126149179478,outputs/Mach_interpolation/naca0012/iso/hessian/eig/h0.025/aoa2.00/M2.80-2.90/drift_SBsquared_exact+ffd/gmin0.01
eig,0.025,mach,0.0,0.8,0.9,23548,ffd,0.0001,8,0.02015127506593457,0.023340495322464398,0.02069282244865053,0.43240691520519725,0.4341567218303679,0.4704005302783578,nan,nan,nan,0.004518750242614071,0.002194889800959858,0.01973424185390393,0.0007044648608445943,0.0011406771668571467,0.001350625787537862,0.0032691089486473336,0.003472331325497623,0.002286360029693496,0.04602296675976563,0.0012042733848182956,,0.04955066268822395,0.05436803577402452,0.012110735794983169,nan,nan,nan,0.8750350149367311,0.9997669412075901,0.6635320822720236,nan,nan,nan,1325.4813983660133,0.4919102560088504,1325.9733086220222,0.009337755996966735,0.42465088999597356,0.4339886459929403,0.0010977780038956553,0.020060502021806315,0.9377217910077889,9.787166277419601e-08,5.580639295102961e-08,True,2105,1325.4813983660133,0,0,0.00862291380470695,1.6004455248322028e+35,outputs/Mach_interpolation/naca0012/iso/hessian/eig/h0.025/M0.80-0.90/drift_ffd/gmin0.0001
eig,0.025,mach,0.0,0.9,1.0,23548,ffd,0.0001,8,0.019326502554968164,0.029057661532371486,0.008961569703089157,0.36819008828134003,0.5637418031692505,0.5628250155941315,nan,nan,nan,0.0005251323160195646,0.0015857134560530004,0.005942805751220651,0.001195189680965335,0.0009921530728408884,0.002316764082295173,0.004483062076277355,0.003231997929473239,0.003808174161249631,0.08889940095738784,0.0019486100606276799,,0.03317814553976182,0.06616363696814194,0.02493817669636522,nan,nan,nan,0.8499645294528513,1.0416204936663231,0.7581852751325331,nan,nan,nan,1365.3952706540003,0.752233058999991,1366.1475037130003,0.01032885501626879,0.6869126209930982,0.697241476009367,0.001114044018322602,0.034812075027730316,1.4750739240262192,9.872424655554823e-08,3.251571932567916e-08,True,2157,1365.3952706540003,0,0,0.06389745705511701,4.417159206912779e+41,outputs/Mach_interpolation/naca0012/iso/hessian/eig/h0.025/M0.90-1.00/drift_ffd/gmin0.0001
eig,0.025,mach,0.0,1.0,1.1,23548,ffd,0.0001,8,0.024127984201347305,0.029569762679791278,0.011086574479924859,0.5890492434921978,0.5999207735061646,0.4968964909632104,nan,nan,nan,0.002586518972101053,0.0009745000508351448,0.011104575930622465,0.0008806843019547005,0.0007717009289351178,0.0009127803807398247,0.001020068561464888,0.0008484240233315544,0.001081227576858565,0.10355119820397703,0.0006436220963663847,,0.06308098854923894,0.06157419357666578,0.03628074639075437,nan,nan,nan,0.9577958959249185,1.1066384017070223,0.9016028041612637,nan,nan,nan,1480.9846879830584,0.48550290148705244,1481.4701908845454,0.010683481581509113,0.41744339279830456,0.42812687437981367,0.0011379104107618332,0.01947665773332119,0.9235633481293917,9.545400558863548e-08,3.9103712700749356e-08,True,2003,1480.9846879830584,0,0,0.004532472799528137,1.2890833899135369e+46,outputs/Mach_interpolation/naca0012/iso/hessian/eig/h0.025/M1.00-1.10/drift_ffd/gmin0.0001
eig,0.025,mach,0.0,1.1,1.2,23548,ffd,0.0001,8,0.017586670870902318,0.026410086575178234,0.010495363346332252,0.4409587443371419,0.3402608156204223,0.5422775297720983,nan,nan,nan,0.004428600861703826,0.00026728502066358643,0.007726646682431189,0.0013678034429771698,0.0005891711850093081,0.00105075867351521,0.0018934628245351516,0.0007910481083013683,0.0016217930722943435,0.10104820265022862,0.00045845497549726593,,0.02077852101507094,0.0354588181357687,0.021100298309219147,nan,nan,nan,0.7331586045031604,1.0078254631224361,0.5779668500669793,nan,nan,nan,1490.4765288729686,0.48429634189233184,1490.960825214861,0.009575724019668996,0.4150765180820599,0.4246522421017289,0.001093604019843042,0.019694325979799032,0.9201645170105621,8.766767933821029e-08,4.8061784385823753e-08,True,2253,1490.4765288729686,0,0,0.024051763410159778,5.659789448958665e+44,outputs/Mach_interpolation/naca0012/iso/hessian/eig/h0.025/M1.10-1.20/drift_ffd/gmin0.0001
eig,0.025,mach,0.0,1.2,1.3,23548,ffd,0.0001,8,0.014197419771208423,0.022609540629959877,0.010132801448620783,0.6353173169050811,0.37157476544380197,0.5695160227155324,nan,nan,nan,0.009835648534580944,0.00019071674470029962,0.007243331273346527,0.0027900391737847832,0.0007552199556830961,0.0017237489987364336,0.004957577278829843,0.00041841563996105073,0.00206300392274726,0.09896135502438419,0.0006784077242135195,,0.029667325280880355,0.08188345061228061,0.02777749305203963,nan,nan,nan,0.9279712718012475,1.0318707990445084,0.6535207456763091,nan,nan,nan,1828.798535505979,0.4828536389977671,1829.2813891449769,0.005520037986570969,0.41540951098431833,0.4209295489708893,0.0010756219853647053,0.01954616798320785,0.9188887669879477,9.630666397697496e-08,3.412514001780543e-08,True,2940,1828.798535505979,0,0,0.07091525505322553,4.24272398111157e+47,outputs/Mach_interpolation/naca0012/iso/hessian/eig/h0.025/M1.20-1.30/drift_ffd/gmin0.0001
eig,0.025,mach,0.0,1.3,1.4,23548,ffd,0.0001,8,0.01224038793823145,0.018135030815605028,0.007322013576182788,0.5855829521894362,0.42035608887672415,0.548182528534186,nan,nan,nan,0.007865720543620142,0.00013126764113339303,0.007358189181217746,0.0018718792900155937,0.00046834239629559054,0.0018246382303452487,0.0033643301519711484,0.00041768455964338614,0.0029010597002998386,0.09743348305194131,0.0003854535664023596,,0.0259146788677904,0.07992817366683808,0.02506155670191128,nan,nan,nan,0.7162467072588675,1.0007382264342448,0.6842479324212751,nan,nan,nan,1899.2073352129664,0.48732406191993505,1899.6946592748864,0.009970457991585135,0.4182657200144604,0.4282361780060455,0.001115847029723227,0.019529712037183344,0.9262377760605887,9.302749504058738e-08,4.5992957335624976e-08,True,2968,1899.2073352129664,0,0,0.06915447874926278,2.4042879156423108e+39,outputs/Mach_interpolation/naca0012/iso/hessian/eig/h0.025/M1.30-1.40/drift_ffd/gmin0.0001
eig,0.025,mach,0.0,1.4,1.5,23548,ffd,0.0001,8,0.009617502247855602,0.013551469054970653,0.005388261984390099,0.46490313150329277,0.5202486753463746,0.44087025973364014,nan,nan,nan,0.00561741783629449,0.00011433794153664943,0.004891708817527548,0.0005909954977034844,0.00028875417339903787,0.00037463555983510585,0.0012916115463792281,0.00010989380886875516,0.0005518770006504672,0.09638692132673897,0.00028859082353992926,,0.023307510209724085,0.06513321512364202,0.023742041429627596,nan,nan,nan,0.656796188787116,0.9130213919572806,0.7277954717158902,nan,nan,nan,820.1309779500589,0.4489867817610502,820.5799647318199,27.56429225113243,0.39348181523382664,27.957774066366255,0.0009962208569049835,0.017923536710441113,0.8613911587744951,5.016422051085101e-07,2.093234160058898e-07,False,3139,820.1309779500589,0,0,0.043584665385754,1.3136176844333175e+48,outputs/Mach_interpolation/naca0012/iso/hessian/eig/h0.025/M1.40-1.50/drift_ffd/gmin0.0001
eig,0.025,mach,0.0,1.5,1.6,23548,ffd,0.0001,8,0.00927094545230498,0.010434668505040013,0.004539862950201494,0.5289203883294993,0.4329843521118164,0.42276427994719956,nan,nan,nan,0.0028536728968850955,0.00023711260078121565,0.0029923030880684275,0.00098213557689364,0.00032683943141845293,0.0015924887245473349,0.0014683494203432091,0.0007535096770369227,0.0017194992272335182,0.09540550706252164,0.00037712346087783984,,0.02044302693134141,0.048759325881880505,0.02258485503388226,nan,nan,nan,0.6693187541088905,0.7426430993755051,0.7632549235605837,nan,nan,nan,754.3337616170757,0.9698123219422996,755.303573939018,0.008409714791923761,0.6453578327782452,0.653767547570169,0.00030718278139829636,0.03242267994210124,1.6479024621658027,9.964350056179683e-08,2.823673810217519e-08,True,2347,754.3337616170757,0,0,0.02824511500602697,1.953306150508743e+60,outputs/Mach_interpolation/naca0012/iso/hessian/eig/h0.025/M1.50-1.60/drift_ffd/gmin0.0001
eig,0.025,mach,0.0,1.6,1.7,23548,ffd,0.0001,8,0.00991225338982864,0.00903601512107888,0.006620129002678064,1.0361937971893544,1.0806956678628923,1.0873955183483368,nan,nan,nan,0.002189693257722919,0.0028420745649762246,0.0033577244334882317,0.0029929106314442572,0.0030582568376252197,0.0038806681177405693,0.0008583155677232074,0.0007963798214780307,0.0005751199392542251,0.09110144393464797,0.003606047375843329,,0.03575893918278308,0.03830452694661601,0.036488025598228606,nan,nan,nan,0.6960123042616357,0.7474808539121909,0.7460983382738776,nan,nan,nan,779.0555932922289,0.4338705940172076,779.4894638862461,0.008322387002408504,0.3818233450874686,0.39014573208987713,0.0009808894246816635,0.0175630459561944,0.8342404467985034,9.969947001309265e-08,3.04564326998204e-08,True,2297,779.0555932922289,0,0,0.015943120374493542,7.984444524580987e+37,outputs/Mach_interpolation/naca0012/iso/hessian/eig/h0.025/M1.60-1.70/drift_ffd/gmin0.0001
eig,0.025,mach,0.0,1.7,1.8,23548,ffd,0.0001,8,0.0071915166797434,0.00790744464315251,0.004461160087830221,0.6575049015437808,0.4973820686340332,0.48970526022759087,nan,nan,nan,0.004040956062029659,0.0015946961794066658,0.0026572402386247484,0.0009195024143772811,0.0005846794062010577,0.001792686162503657,0.001485964732209284,0.0011723014067434414,0.0029079074756760454,0.09321922992576821,0.0008472606640478158,,0.024456530922223284,0.03865786459642868,0.024780551143726286,nan,nan,nan,0.699497120817503,0.9263115998807491,0.7361596831490019,nan,nan,nan,752.8823975087143,0.7479124111123383,753.6303099198267,0.008302321191877127,0.6962233041413128,0.70452562533319,0.0011335182934999466,0.034675667993724346,1.479947994928807,9.85721015922536e-08,3.330743758298934e-08,True,2648,752.8823975087143,0,0,0.035846047939636715,3.9000257967088636e+44,outputs/Mach_interpolation/naca0012/iso/hessian/eig/h0.025/M1.70-1.80/drift_ffd/gmin0.0001
eig,0.025,mach,0.0,1.8,1.9,23548,ffd,0.0001,8,0.006353427633091755,0.006111940380036422,0.0034085003268596965,0.43160235767789334,0.3959732532501221,0.4064901934255087,nan,nan,nan,0.0012840292016062114,0.000723007261232026,0.0012275738846598118,0.0005021692051960491,0.00027057334630694306,0.0006593129108660113,0.003535744994557245,0.0037104519301695087,0.003318696372891031,0.08537450839473235,0.0025772976030083946,,0.016682877530114267,0.02392847807161358,0.016705395333208917,nan,nan,nan,0.7406957890902551,0.9473895826249251,0.7533351215952694,nan,nan,nan,1785.8985408395529,0.4842909798026085,1786.3828318193555,0.010588719509541988,0.4195461692288518,0.4301348887383938,0.001124085858464241,0.019733049906790257,0.9246969185769558,9.94717979097004e-08,3.243892662950229e-08,True,2849,1785.8985408395529,0,0,0.021070349707596605,2.210281382983526e+37,outputs/Mach_interpolation/naca0012/iso/hessian/eig/h0.025/M1.80-1.90/drift_ffd/gmin0.0001
eig,0.025,mach,0.0,1.9,2.0,23548,ffd,0.0001,8,0.004926116188586208,0.004777764488118775,0.0029552558560744517,0.4127739297501335,0.3449802517890932,0.4448948178002695,nan,nan,nan,0.0008097368175293073,0.0002781203042832288,0.000569818352582944,0.0013965071489851315,0.00022942479697547362,0.0012362022216639112,0.0050491942572298875,0.005530893423178863,0.005126661289227454,0.07863133521688818,0.005018376648966553,,0.014479081118293876,0.015972340615512743,0.013383734081342545,nan,nan,nan,0.7654488039116173,1.0005664357969053,0.7292128053676212,nan,nan,nan,773.7707613082603,0.7179775182157755,774.488738826476,0.009407359175384045,0.6660078363493085,0.6754151955246925,0.00030725356191396713,0.033556715585291386,1.4178543109446764,6.837733151243697e-06,1.9650012169934367e-06,False,2986,773.7707613082603,0,0,0.011422596702163376,1.570893442776885e+34,outputs/Mach_interpolation/naca0012/iso/hessian/eig/h0.025/M1.90-2.00/drift_ffd/gmin0.0001
eig,0.025,mach,0.0,2.0,2.1,23548,ffd,0.0001,8,0.006482974869443416,0.0054225308689139625,0.00648855649736984,1.4715101541969,0.6713736489415169,1.012003886236983,nan,nan,nan,0.007760823402531615,0.003969712926709291,0.003713337151868575,0.0014836391516949582,0.0015768844119595613,0.0019609734298914566,0.0069027391724672095,0.005530940431691921,0.005079423475840697,0.08404322062889444,0.00430398665330389,,0.029750880792619068,0.02964305529111307,0.03704934302637167,nan,nan,nan,0.6453815956587304,0.7730521928332327,0.6747769983829787,nan,nan,nan,867.5598423788324,0.4431278738193214,868.0029702526517,0.008346619084477425,0.3903938536532223,0.39874047273769975,0.0010214908979833126,0.018086102791130543,0.8526322757825255,9.92967557067459e-08,2.5484861374367974e-08,True,2728,867.5598423788324,0,0,0.03669732840121783,9.765025395300185e+51,outputs/Mach_interpolation/naca0012/iso/hessian/eig/h0.025/M2.00-2.10/drift_ffd/gmin0.0001
eig,0.025,mach,0.0,2.1,2.2,23548,ffd,0.0001,8,0.004388705352535178,0.0037368970013583764,0.0029594571066217145,0.9798648416684864,0.8750494778156281,0.8540023765583962,nan,nan,nan,0.004012478525720646,0.0004691653697344311,0.0004978366193309784,0.0024535360077827793,0.0016521043121605272,0.002230273083165716,0.006347220251290698,0.006517725092787959,0.006154509546872214,0.08670235177132207,0.006969910914451998,,0.020543232969306394,0.018983298846759884,0.017964008721896844,nan,nan,nan,0.675066524025114,0.8633783628645161,0.8492344722684776,nan,nan,nan,923.1998199643567,0.4375437805429101,923.6373637448996,27.192563985474408,0.38280571438372135,27.57536969985813,0.0011329185217618942,0.017755167558789253,0.8392447922378778,9.952753021735816e-08,2.8513810088160085e-08,True,3091,923.1998199643567,0,0,0.03038013669610775,8.988502814837576e+35,outputs/Mach_interpolation/naca0012/iso/hessian/eig/h0.025/M2.10-2.20/drift_ffd/gmin0.0001
eig,0.025,mach,0.0,2.2,2.3,23548,ffd,0.0001,8,0.004845067051375302,0.002605523954210225,0.0028319564118908878,1.290485908941602,0.40266804695129377,0.5157102464503314,nan,nan,nan,0.003921983761628449,0.00014648248240959092,0.00045478367065041357,0.004679348449989015,0.0004187146507091942,0.0016875653094655658,0.004832113176873201,0.007457386512014414,0.006291157376525679,0.08362252712638468,0.0069628282429214355,,0.022538694370583524,0.006594855496488351,0.012364601307054766,nan,nan,nan,0.6439272464339099,0.9932496330870492,0.7136231847325407,nan,nan,nan,768.9127174671739,0.4884528871625662,769.4011703543365,27.03320669848472,0.38019266445189714,27.413399362936616,0.0010782349854707718,0.01762462593615055,0.8873532703146338,2.193029445152206e-06,7.073589990925555e-07,False,3307,768.9127174671739,0,0,0.038947779337253574,9.297307880008538e+41,outputs/Mach_interpolation/naca0012/iso/hessian/eig/h0.025/M2.20-2.30/drift_ffd/gmin0.0001
eig,0.025,mach,0.0,2.3,2.4,23548,ffd,0.0001,8,0.002961962540413798,0.0018929661707917439,0.0018111706042854446,0.4839768407292855,0.09980418682098424,0.16243405080452522,nan,nan,nan,9.637916173728851e-05,9.085157435999303e-05,0.0007117000311400877,0.00011835437939359149,0.0001066260988286508,0.0011545309516809924,0.00876706376231948,0.00876171863955074,0.008260534314927646,0.08106893552139874,0.008387899900902305,,0.00795014732730601,0.004184887059432906,0.0066745849045416715,nan,nan,nan,0.8333550803154,0.9951755272529581,0.970675329452795,nan,nan,nan,1605.740277739009,0.46948575403075665,1606.2097634930396,0.009648143022786826,0.4060219769598916,0.41567011998267844,0.0010983450338244438,0.01907993998611346,0.8956886429805309,9.83629888651194e-08,2.9385879095704033e-08,True,3942,1605.740277739009,0,0,0.0012068105062923702,2.8692993959567454e+34,outputs/Mach_interpolation/naca0012/iso/hessian/eig/h0.025/M2.30-2.40/drift_ffd/gmin0.0001
eig,0.025,mach,0.0,2.4,2.5,23548,ffd,0.0001,8,0.002804460314281079,0.001440097699525693,0.0016184212894700001,0.8468539111304179,0.153633713722229,0.21979098986325818,nan,nan,nan,0.001152208131665714,0.0003315946024186796,0.0002454264131031913,0.0032482177421779726,0.0004011595603640153,0.0017309640343625464,0.008453309850519317,0.009678528660855695,0.00900347428728603,0.07950355921433928,0.009732829617564685,,0.011118171546049658,0.0037174710797485016,0.0055774207713309145,nan,nan,nan,0.7437966877373822,1.0464977138967224,0.9255227108392846,nan,nan,nan,1613.6962575869984,0.46771851502126083,1614.1639761020197,37.29105445602909,0.40104871400399134,37.69210317003308,0.0004557950305752456,0.018953468010295182,0.8881787160062231,1.5419131187854873e-05,5.442701297911385e-06,False,3912,1613.6962575869984,0,0,0.013722429357539036,2.495712722372861e+24,outputs/Mach_interpolation/naca0012/iso/hessian/eig/h0.025/M2.40-2.50/drift_ffd/gmin0.0001
eig,0.025,mach,0.0,2.5,2.6,23548,ffd,0.0001,8,0.003014796855011363,0.001327092010334764,0.00153529727012844,1.6300851053413132,0.13075394630432124,0.3542543373145719,nan,nan,nan,0.0018901052649524719,0.00023016241640120652,0.00047699277800119296,0.004935949963763543,0.0004022947341235444,0.001253907411518831,0.0067398190936492275,0.00954584087264791,0.008714705718529722,0.07849810795467219,0.008328256821915243,,0.014822617123900508,0.0031531496666385036,0.0059777900204535375,nan,nan,nan,0.5355793222756102,0.9973900450641393,0.85649294116464,nan,nan,nan,825.203955475241,0.43328296206891537,825.6372384373099,28.991765355691314,0.37764805648475885,29.369413412176073,0.0010467283427715302,0.017627247609198093,0.8296081898733974,4.9464987931457927e-05,1.6337122131472575e-05,False,3742,825.203955475241,0,0,0.020791866415867815,1.476169351184993e+27,outputs/Mach_interpolation/naca0012/iso/hessian/eig/h0.025/M2.50-2.60/drift_ffd/gmin0.0001
eig,0.025,mach,0.0,2.6,2.7,23548,ffd,0.0001,8,0.0024315708348790887,0.0011827071554286006,0.001776440233557941,0.8062865915603079,0.137337017059326,0.6118797774809024,nan,nan,nan,0.001843801602131303,7.904633389177617e-05,0.0011179931038266349,0.001481055219839385,0.00012958774378914339,0.0008982996274185845,0.008195396593814729,0.009035537572645679,0.008380301676338962,0.07695680231117681,0.008352429290458012,,0.009123192065692936,0.00211248338829067,0.009820792787929947,nan,nan,nan,0.695236675371239,0.9961751366067619,0.6916827571881513,nan,nan,nan,828.4523147111759,0.4309612177312374,828.8832759289071,28.401040023192763,0.37659198231995106,28.777632005512714,0.0011069588363170624,0.01748135406523943,0.8261439269408584,3.2963278329134482e-06,8.048415910646508e-07,False,3729,828.4523147111759,0,0,0.005454269715514908,1.157272574023919e+27,outputs/Mach_interpolation/naca0012/iso/hessian/eig/h0.025/M2.60-2.70/drift_ffd/gmin0.0001
eig,0.025,mach,0.0,2.7,2.8,23548,ffd,0.0001,8,0.007207394656974203,0.005920947177049742,0.006154985946095711,2.2198963138446866,2.0625467598438267,2.2954989934173304,nan,nan,nan,0.0028369770434181606,0.002935581070613583,0.006179780882266734,0.010704148399296556,0.005766623451982331,0.005640508505206464,0.0055877352997445815,0.00818762129727204,0.008505037288739086,0.07619629039920942,0.010222442158535218,,0.03373369822187974,0.02768547012560233,0.03565749161674555,nan,nan,nan,0.5118622344406162,0.8397993726170435,0.7010005100656226,nan,nan,nan,746.4445901140571,0.43252818565815687,746.8771182997152,28.567250947467983,0.37932966463267803,28.94658061210066,0.0003218548372387886,0.017624161206185818,0.8298123702406883,2.750705943199705e-05,7.381027826903653e-06,False,3805,746.4445901140571,0,0,0.03658962086721581,5.457303943531011e+39,outputs/Mach_interpolation/naca0012/iso/hessian/eig/h0.025/M2.70-2.80/drift_ffd/gmin0.0001
eig,0.025,mach,0.0,2.8,2.9,23548,ffd,0.0001,8,0.002168272271952284,0.0011401969079288044,0.0011402004896989342,1.2454660153671204,0.15338668823242152,0.1533859952399088,nan,nan,nan,0.0011372114511769868,0.00021030966516705373,0.00021031460665605104,0.0007317670770542952,0.0002895254210978,0.0002895226204764625,0.0008761357716843784,0.0006285290856446224,0.0006284875561276886,0.08017598229587561,0.0006272627035634155,,0.008392396732027074,0.0021178539458038535,0.0021178474944549093,nan,nan,nan,0.8327100152545266,0.9976829462038905,0.9976797369584408,nan,nan,nan,2007.1337468679994,0.4709678525105119,2007.60471472051,37.42491003405303,0.40944224037230015,37.83435227442533,0.0010885698720812798,0.019166930578649044,0.9006679579615593,0.00012608774094857722,4.34373313935555e-05,False,4308,2007.1337468679994,128,5,0.012009752098431189,1.4249248042816788e+28,outputs/Mach_interpolation/naca0012/iso/hessian/eig/h0.025/M2.80-2.90/drift_ffd/gmin0.0001
eig,0.025,mach,0.0,2.9,3.0,23548,ffd,0.0001,8,0.0019448973156970559,0.0010260359102995922,0.0010260400496400522,1.0436646863758312,0.1009523868560791,0.1009523868560791,nan,nan,nan,0.0002649769412946149,0.00011604677142271357,0.00011605595089467852,0.0004298315254555984,0.00012861765654282253,0.0001286070617238233,0.0015937279101003966,0.0020612118462765166,0.002061165670074375,0.07778761795800776,0.0013492652731903064,,0.007464217988077194,0.001838788359388349,0.0018387932273774528,nan,nan,nan,0.7798720049214471,0.9982885972984042,0.998284815019033,nan,nan,nan,762.1337935109623,0.7192883789539337,762.8530818899162,28.889708051923662,0.8492081770673394,29.738916228991002,0.0010265279561281204,0.03400563495233655,1.6035337271168828,2.5554473221944818e-05,6.3519313679525335e-06,False,3828,762.1337935109623,54,12,0.008585006078270946,3608706181859.314,outputs/Mach_interpolation/naca0012/iso/hessian/eig/h0.025/M2.90-3.00/drift_ffd/gmin0.0001
eig,0.025,mach,2.0,0.8,0.9,23548,ffd,0.0001,8,0.02061834164639499,0.02487542138029235,0.022217160153816144,0.6266956972497596,0.5464495897293091,0.5948146712499629,nan,nan,nan,0.00552255180202432,0.002176073245361046,0.030790493383153997,0.0320218447303083,0.002849561204956904,0.009107840652722084,0.2386177906170225,0.25399410931522715,0.2526220659404745,0.046312903564739286,0.2535516525864444,,0.05074025829517885,0.06248535257348246,0.01886392497676249,nan,nan,nan,0.8598737882444305,1.0028023593842412,0.5161213931907471,nan,nan,nan,721.9523419858888,0.4802661305293441,722.4326081164181,27.853337838314474,0.38291729241609573,28.23625513073057,0.0010853959247469902,0.017803500406444073,0.8820754233747721,9.63629815942113e-08,3.715371284067224e-08,True,2540,721.9523419858888,0,0,0.04131876280669455,9.086756191955335e+41,outputs/Mach_interpolation/naca0012/iso/hessian/eig/h0.025/aoa2.00/M0.80-0.90/drift_ffd/gmin0.0001
eig,0.025,mach,2.0,0.9,1.0,23548,ffd,0.0001,8,0.020752755094548433,0.02932747431243988,0.009217256754255903,0.6956846616256136,0.5190495610237122,0.7435315747268186,nan,nan,nan,0.0049142324213594,0.0014281042338068176,0.009092208524780288,0.032293539354114484,0.012242044752471688,0.03144160100402002,0.22872330866031998,0.23871986441730053,0.23123790201215866,0.08851231921516327,0.22379281903556875,,0.04285359070792853,0.06599485057223593,0.028916808102322254,nan,nan,nan,0.8883351568574046,1.0409545619726022,0.7309695974689783,nan,nan,nan,785.6606515650637,0.43432519817724824,786.094976763241,26.464006518013775,0.3799542379565537,26.84396075597033,0.0008991649374365807,0.01762620033696294,0.832808037288487,8.928586225920299e-08,2.9237018868271708e-08,True,2539,785.6606515650637,0,0,0.06851407283779325,9.351742829029433e+39,outputs/Mach_interpolation/naca0012/iso/hessian/eig/h0.025/aoa2.00/M0.90-1.00/drift_ffd/gmin0.0001
eig,0.025,mach,2.0,1.0,1.1,23548,ffd,0.0001,8,0.02406219101883859,0.02952512893783962,0.010816697206689641,0.6707741854054118,0.7138084471225739,0.5956167987702563,nan,nan,nan,0.003497320124216538,0.0009183565878316489,0.011204153295037272,0.009942934208680405,0.0009430008845788386,0.016084806032833986,0.17166307854021462,0.1782330045549274,0.16878596185896097,0.10307138012644176,0.1685281076065708,,0.053406391767326894,0.05719874050729459,0.02912357999455974,nan,nan,nan,1.1183934001440357,1.2129613781011988,0.8053585256583687,nan,nan,nan,763.3235270539299,0.43427002243697643,763.7577970763668,28.10588921327144,0.3804423352703452,28.486331548541784,0.0010475795716047287,0.01767291035503149,0.8334359899163246,9.578866411175113e-08,2.8247436485561387e-08,True,1916,763.3235270539299,0,0,0.019896341575122593,4.288378120864808e+43,outputs/Mach_interpolation/naca0012/iso/hessian/eig/h0.025/aoa2.00/M1.00-1.10/drift_ffd/gmin0.0001
eig,0.025,mach,2.0,1.1,1.2,23548,ffd,0.0001,8,0.017986582836017798,0.026401132497099238,0.010766440300598987,0.500068532813807,0.3718847751617431,0.603001248053865,nan,nan,nan,0.004075700946171755,0.00010529726270250746,0.007505604416963387,0.007266815945459205,0.0008710418694749687,0.0108720044140467,0.1507066355051154,0.15505916724897983,0.1480663671158246,0.10074978110746907,0.147850451261338,,0.025773624871302157,0.03637980814104801,0.02247368899748041,nan,nan,nan,0.7927004408372812,1.008742853023684,0.6478833094369035,nan,nan,nan,1623.3200656120316,0.47704918700037524,1623.797114799032,31.598987572011538,0.40981568599818274,32.00880325800972,0.0011213929974474013,0.01901857799384743,0.90700701699825,9.556069358040986e-08,4.4188546504175014e-08,True,2696,1623.3200656120316,0,0,0.026966632663520534,4.040532434028529e+41,outputs/Mach_interpolation/naca0012/iso/hessian/eig/h0.025/aoa2.00/M1.10-1.20/drift_ffd/gmin0.0001
eig,0.025,mach,2.0,1.2,1.3,23548,ffd,0.0001,8,0.014348685690653241,0.022672782106855773,0.010085507926687639,0.6060477355430177,0.36341125965118426,0.6292061209377828,nan,nan,nan,0.00713898814377282,0.0001508515897616975,0.007607074993598171,0.012937906701864055,0.00033612007623798964,0.009584431759801178,0.13444756744146102,0.1395486612424047,0.13628730688469212,0.09869635447253826,0.13454213046727162,,0.023236374999089083,0.06889668394924245,0.025445853626629888,nan,nan,nan,0.766169102232363,0.9981536605338279,0.6750076381869835,nan,nan,nan,1014.5940309250727,0.43586027808487415,1015.0298912031576,25.920379639603198,0.3805663762614131,26.30094601586461,0.0010200776159763336,0.017674580216407776,0.8351258067414165,7.898226783709106e-08,2.584875348524191e-08,True,2991,1014.5940309250727,0,0,0.049585737196518584,1.3692596672472313e+50,outputs/Mach_interpolation/naca0012/iso/hessian/eig/h0.025/aoa2.00/M1.20-1.30/drift_ffd/gmin0.0001
eig,0.025,mach,2.0,1.3,1.4,23548,ffd,0.0001,8,0.01304166951684523,0.018310647129712396,0.0073633455985833325,0.6460175637132008,0.4423632025718689,0.5721847672609653,nan,nan,nan,0.009015252057904915,9.083434584757077e-05,0.007495308255776289,0.006616111957925138,0.0003036951612451951,0.007679744669713585,0.12274220988771772,0.1275779680415231,0.12490831219835109,0.09721338762878678,0.1237618771482562,,0.028056805870032286,0.07970310819460054,0.025391393782031053,nan,nan,nan,0.8035146869813172,0.9320298622364944,0.69754911069938,nan,nan,nan,1950.051123961981,0.47262445802334696,1950.5237484200043,35.34246797201922,0.40708977699978277,35.749557749019004,0.0010768549982458353,0.01883466402068734,0.8996278480044566,9.463025207878673e-08,4.03450968519919e-08,True,2692,1950.051123961981,0,0,0.0777942120691722,8.247528974594587e+74,outputs/Mach_interpolation/naca0012/iso/hessian/eig/h0.025/aoa2.00/M1.30-1.40/drift_ffd/gmin0.0001
eig,0.025,mach,2.0,1.4,1.5,23548,ffd,0.0001,8,0.010029515130180104,0.013694445765742247,0.005369946656499514,0.5951419332470521,0.5337103366851808,0.4532547706368688,nan,nan,nan,0.008609213165550024,7.14801789675155e-05,0.004148457240193102,0.0032310497232329333,0.0002338716901804233,0.006733202998096506,0.11541929867663672,0.11816051544607961,0.11433632419546028,0.09620202198594992,0.11415620227264779,,0.02736084867255231,0.06649721837118795,0.023884309773776265,nan,nan,nan,0.8550992246629165,0.8524743193756179,0.7587563443475266,nan,nan,nan,782.3460252117366,0.4363559437915683,782.7823811555281,27.692434980534017,0.38208176102489233,28.07451674155891,0.0010004481300711632,0.017684397287666798,0.8371290797367692,9.702695358271285e-08,4.266527472204102e-08,True,2568,782.3460252117366,0,0,0.06301100930032594,8.137113080241607e+46,outputs/Mach_interpolation/naca0012/iso/hessian/eig/h0.025/aoa2.00/M1.40-1.50/drift_ffd/gmin0.0001
eig,0.025,mach,2.0,1.5,1.6,23548,ffd,0.0001,8,0.00953145420889784,0.010459993010820902,0.004712323566029307,0.5692440890852217,0.42330573797225934,0.48977313491404717,nan,nan,nan,0.005442194072931279,0.00010734423831164507,0.003594809038616753,0.0039191601996643255,0.000362136971465256,0.005252841015466957,0.10741864697127612,0.10887631079472557,0.10684733981810288,0.094986439350618,0.10566167711961695,,0.022453839350278545,0.04789191682569834,0.023795533334182134,nan,nan,nan,0.697707843837994,1.031739010111765,0.7739071713730512,nan,nan,nan,1748.976795017952,0.4761874279938638,1749.452982445946,40.18426880799234,0.40989675105083734,40.59416555904318,0.001223720028065145,0.019121179007925093,0.9064312130212784,9.842230497270066e-08,2.464247664467584e-08,True,2467,1748.976795017952,0,0,0.03835522693830315,1.0645186104655316e+57,outputs/Mach_interpolation/naca0012/iso/hessian/eig/h0.025/aoa2.00/M1.50-1.60/drift_ffd/gmin0.0001
eig,0.025,mach,2.0,1.6,1.7,23548,ffd,0.0001,8,0.010731234729307726,0.009962466455761113,0.0074454718264235185,1.0990371035565298,1.1230003595352172,1.1427355290536654,nan,nan,nan,0.0035110015107099064,0.003241356236484879,0.0031285527999026785,0.012504929754638707,0.005158476458906214,0.01000847083807463,0.09760841574953077,0.1013250669012484,0.09872131855570015,0.09042447682030753,0.10222952064712422,,0.04022715606477059,0.04593297796584159,0.04074744427310084,nan,nan,nan,0.6867461372130947,0.8977220933440156,0.7371069338633138,nan,nan,nan,801.0565539970994,0.4340450158342719,801.4905990129337,27.436552375089377,0.3796389880590141,27.81619136314839,0.0010580550879240036,0.017726479098200798,0.8324730140157044,9.662274180755048e-08,2.7922580752653287e-08,True,2188,801.0565539970994,0,0,0.02368968218983962,1.1203339986836378e+35,outputs/Mach_interpolation/naca0012/iso/hessian/eig/h0.025/aoa2.00/M1.60-1.70/drift_ffd/gmin0.0001
eig,0.025,mach,2.0,1.7,1.8,23548,ffd,0.0001,8,0.007524153140568041,0.0077349693027059675,0.0045184254230070725,0.5948736237317243,0.48794112391769884,0.4509769116004808,nan,nan,nan,0.002989948711703944,0.0018236928894858092,0.001560846933461239,0.007731316784040771,0.0010598630260169944,0.008738171193244375,0.08642661843556355,0.09142931771713046,0.08593932771153596,0.0929698445212187,0.08947056866533067,,0.02454603627561554,0.03475205390788943,0.023358626514205418,nan,nan,nan,0.689405374976609,0.9003384059121554,0.7433844023072167,nan,nan,nan,763.862800042145,0.4318674821406603,764.2946675242856,27.84235898219049,0.3810247331857681,28.223383715376258,0.001115008257329464,0.01754219550639391,0.8315533753484488,9.468263328926696e-08,2.8315107161566926e-08,True,2241,763.862800042145,0,0,0.032985791582801544,8.930011505060953e+46,outputs/Mach_interpolation/naca0012/iso/hessian/eig/h0.025/aoa2.00/M1.70-1.80/drift_ffd/gmin0.0001
eig,0.025,mach,2.0,1.8,1.9,23548,ffd,0.0001,8,0.007124977954803196,0.006665719217986872,0.0038434308910855397,0.4705037516372803,0.48552650213241577,0.5894487167131586,nan,nan,nan,0.0008620308830185083,0.0004758522250022394,0.0014147510893132292,0.003744219103417926,0.001277736290961713,0.003544787045584744,0.0845280229482386,0.08590677515330031,0.08495206550144041,0.08523648122131047,0.08523146861963012,,0.01839593883052938,0.02521792321512362,0.019320297426795464,nan,nan,nan,0.6746653375336779,0.8834556490707701,0.6508915615753733,nan,nan,nan,835.1292507629842,0.4387502381578088,835.568001001142,27.457864078693092,0.38556300196796656,27.84342708066106,0.001118125393986702,0.017683181911706924,0.8431181027553976,8.123502936996374e-08,3.087620619591996e-08,True,2520,835.1292507629842,0,0,0.014929654409906228,3.2059626806622377e+40,outputs/Mach_interpolation/naca0012/iso/hessian/eig/h0.025/aoa2.00/M1.80-1.90/drift_ffd/gmin0.0001
eig,0.025,mach,2.0,1.9,2.0,23548,ffd,0.0001,8,0.004648842990228818,0.004786139168248332,0.002850496496690632,0.3884751635301851,0.31333452463150024,0.4525401043711258,nan,nan,nan,0.00046444170055978055,8.197371771751566e-05,0.00019194916510725647,0.0018339967640649377,0.0002192487407567035,0.0011902986550827227,0.07994386488356434,0.08100056813855426,0.08035378858884075,0.07871285541311167,0.07858738516796132,,0.012705531778929382,0.016443951542314702,0.012620955498454246,nan,nan,nan,0.8533689777369322,0.9947981682973318,0.730029808056508,nan,nan,nan,1804.0380566400127,0.4724349500029348,1804.5104915900156,37.59559165604878,0.4068633589777164,38.0024550150265,0.001114118960686028,0.018984467955306172,0.8994012129842304,9.958425550848915e-08,3.842543019963274e-08,True,2896,1804.0380566400127,0,0,0.007894980658356771,2.600475266318077e+43,outputs/Mach_interpolation/naca0012/iso/hessian/eig/h0.025/aoa2.00/M1.90-2.00/drift_ffd/gmin0.0001
eig,0.025,mach,2.0,2.0,2.1,23548,ffd,0.0001,8,0.007735598184270623,0.005973948565935676,0.006499941634738358,0.7837367076126358,0.9754075706005099,1.0737055283572752,nan,nan,nan,0.004998382743311111,0.004887494475107884,0.00525532089850692,0.004915614295071147,0.0015070894829231568,0.0015043924103561373,0.07406636052233341,0.07660609283179425,0.07570543658754028,0.07884709744016573,0.07486050414206043,,0.026495080480533353,0.025196223659989466,0.026749938107829732,nan,nan,nan,0.7135748083388054,0.838543741720407,0.7143431315150421,nan,nan,nan,783.740243777167,0.44629018008708954,784.1865339572541,26.63075787667185,0.3938204413279891,27.02457831799984,0.0010109529830515385,0.018169510178267956,0.8592941598035395,9.767212816313986e-08,3.4405756358073125e-08,True,2692,783.740243777167,0,0,0.009480030925922324,5.999650304895203e+57,outputs/Mach_interpolation/naca0012/iso/hessian/eig/h0.025/aoa2.00/M2.00-2.10/drift_ffd/gmin0.0001
eig,0.025,mach,2.0,2.1,2.2,23548,ffd,0.0001,8,0.004632461962430209,0.0040856466500802085,0.0032184518395016798,1.2391000075510388,0.9986584067344666,1.0670182420743393,nan,nan,nan,0.004076204536798974,0.0002753656253236382,0.0013931010322274738,0.004580648941260917,0.0015295927208643428,0.0032846562391240677,0.07534142119285404,0.07639497992885894,0.07554106835856678,0.08696294973568151,0.07654752399747672,,0.021400301738485325,0.020614104376690687,0.019275452921957533,nan,nan,nan,0.6515406880983282,0.8752829194343847,0.8126296989390535,nan,nan,nan,1660.9680011279415,0.47329143492970616,1661.4412925628712,38.02981562202331,0.40718703996390104,38.43700266198721,0.0011513109784573317,0.019084150902926922,0.9007161409826949,1.0081950598817002e-06,2.6059704974778274e-07,False,3518,1660.9680011279415,0,0,0.030789380373787544,1.1000322255092892e+39,outputs/Mach_interpolation/naca0012/iso/hessian/eig/h0.025/aoa2.00/M2.10-2.20/drift_ffd/gmin0.0001
eig,0.025,mach,2.0,2.2,2.3,23548,ffd,0.0001,8,0.003802184071049467,0.0025692155808657567,0.002494668816861512,0.5867776643214424,0.39345353841781616,0.3467769978477181,nan,nan,nan,0.000321566817424978,0.0002149731936574923,0.0008137737215289514,0.0022902757947688194,0.0006874211033934741,0.002908030219090938,0.07349792742150117,0.07428250446437734,0.07309467081512044,0.08463860310257505,0.0749362753259302,,0.010119680506363355,0.006178707874263622,0.010133958401088024,nan,nan,nan,0.8027211198674722,0.9822961354230941,0.8087413078975714,nan,nan,nan,902.4689629338682,0.44704839400947094,902.9160113278776,27.955657285638154,0.3926148200407624,28.348272105678916,0.0003084354102611542,0.018276563845574856,0.8582516778260469,4.6573710790198675e-06,1.2323001768973798e-06,False,3706,902.4689629338682,0,0,0.008231162447847547,4.513902844779746e+43,outputs/Mach_interpolation/naca0012/iso/hessian/eig/h0.025/aoa2.00/M2.20-2.30/drift_ffd/gmin0.0001
eig,0.025,mach,2.0,2.3,2.4,23548,ffd,0.0001,8,0.0036451392721908974,0.0027437829585492766,0.0028142500684191756,0.6874331592259231,0.8146533250808714,0.7152839283409107,nan,nan,nan,0.0010161341698069143,0.000587593488046949,0.00032527028210232393,0.00226997562731396,0.003186087965579867,0.0022070961624718393,0.07324169816323695,0.073838096138618,0.07313082202589545,0.08245432882508782,0.06898625104470207,,0.011192299543001768,0.011121186752839253,0.011073202755315373,nan,nan,nan,0.726257858892462,0.9113764010831606,0.822466315923466,nan,nan,nan,1584.750225230935,0.47979064693208784,1585.2300158778671,34.99779721500818,0.41585876990575343,35.41365598491393,0.0011424769181758165,0.01955686998553574,0.9163511389633641,5.67485088254216e-07,1.5163862991088886e-07,False,3675,1584.750225230935,0,0,0.0027878727316135886,1.2350660204794858e+35,outputs/Mach_interpolation/naca0012/iso/hessian/eig/h0.025/aoa2.00/M2.30-2.40/drift_ffd/gmin0.0001
eig,0.025,mach,2.0,2.4,2.5,23548,ffd,0.0001,8,0.005961207150046773,0.0047135846033301045,0.005094025405480362,1.5375809900274746,1.0299310684204102,1.0369585706690727,nan,nan,nan,0.00458231075410825,0.0027934123976160186,0.001068229790183654,0.010993105250902906,0.004328196926897173,0.012541651703581838,0.0640796520154491,0.06872125742858104,0.06423279249930545,0.08221056923076074,0.06783007892185718,,0.021764462284569727,0.017498590037147807,0.019578791324649708,nan,nan,nan,0.6050936925844199,1.0526386454757133,0.9027409732938542,nan,nan,nan,785.5255148150027,0.7396596958860755,786.2651745108888,28.82769537065178,0.6862429138273001,29.51393828447908,0.00100735854357481,0.03451748006045818,1.4614305831491947,2.8801917650866926e-07,7.075311482570387e-08,False,3663,785.5255148150027,0,0,0.03346662534463613,3.2592896974472116e+36,outputs/Mach_interpolation/naca0012/iso/hessian/eig/h0.025/aoa2.00/M2.40-2.50/drift_ffd/gmin0.0001
eig,0.025,mach,2.0,2.5,2.6,23548,ffd,0.0001,8,0.0031600467970870332,0.0016874377423691082,0.0022702591885963674,1.2296211056324604,0.19315731525421143,1.004297952916416,nan,nan,nan,0.0013010686449487312,0.00013302077869409445,0.000882191377913219,0.000282226833955843,0.00016711713010796817,0.0003001533599699772,0.056594333901813815,0.05686667819984526,0.05671862877268731,0.08597280562489862,0.05429848731717086,,0.010660986108199022,0.0042961201012057535,0.013473320371875782,nan,nan,nan,0.6269514735890731,1.0002403993891071,0.6602843299586046,nan,nan,nan,785.6347421938553,0.48599928990006447,786.1207414837554,28.524129267781973,0.37711907364428043,28.901248341426253,0.0010267449542880058,0.01751887146383524,0.8816667050123215,3.710799177270019e-06,1.3123137206889179e-06,False,3728,785.6347421938553,0,0,0.00997750063472238,3.9649023343822625e+25,outputs/Mach_interpolation/naca0012/iso/hessian/eig/h0.025/aoa2.00/M2.50-2.60/drift_ffd/gmin0.0001
eig,0.025,mach,2.0,2.6,2.7,23548,ffd,0.0001,8,0.0027209030245289832,0.001299205433026986,0.00172796168825709,1.138602206420269,0.10158257484436062,0.5976326687002149,nan,nan,nan,0.002641108348685511,0.00010314162196327359,0.0017365988862313457,0.0001613749409791538,0.00019773598271686602,0.00026935445973592546,0.05126656548672198,0.05120841288781661,0.050945970983072894,0.08413751077269527,0.04995176953340401,,0.01231393381931705,0.0029366050098234044,0.008180506695748838,nan,nan,nan,0.6738610742335671,1.0039563893858003,0.7856824519345286,nan,nan,nan,869.394463292323,0.4291220214217901,869.8235853137448,28.57750280946493,0.37545865029096603,28.952961459755898,0.0010580839589238167,0.01752747129648924,0.8231687704101205,2.4521735745963724e-05,6.338962111477288e-06,False,4050,869.394463292323,0,0,0.013897782547523576,1.046099997534308e+28,outputs/Mach_interpolation/naca0012/iso/hessian/eig/h0.025/aoa2.00/M2.60-2.70/drift_ffd/gmin0.0001
eig,0.025,mach,2.0,2.7,2.8,23548,ffd,0.0001,8,0.0027580454275931165,0.0012522751064992644,0.0019165423115136441,1.4537177858146053,0.5823301792144777,0.5897437750077119,nan,nan,nan,0.002309577245268058,0.00022648585977810061,0.002715048663466244,0.0007610320472906585,0.0008123557095437817,0.0004090967297985526,0.049572033138025245,0.05006719951603126,0.04935822734610864,0.0820153128808109,0.04882063241263463,,0.010731518858398318,0.0042095634774460535,0.008079648671857011,nan,nan,nan,0.7362721570889958,1.001845859367781,0.7491096758101294,nan,nan,nan,849.7571305921301,0.43011693889275193,850.1872475310229,28.071689214091748,0.3754147212021053,28.447103935293853,0.0010586152784526348,0.01755295880138874,0.8241455280221999,2.7854707767005493e-06,7.758490443446009e-07,False,3894,849.7571305921301,0,0,0.011640900012548331,1.353987399955392e+35,outputs/Mach_interpolation/naca0012/iso/hessian/eig/h0.025/aoa2.00/M2.70-2.80/drift_ffd/gmin0.0001
eig,0.025,mach,2.0,2.9,3.0,23548,ffd,0.0001,8,0.002487604774299449,0.0008592397230329104,0.0011225334773219938,1.817932838321165,0.0836418867111206,0.3225465362155302,nan,nan,nan,0.004849957889958476,4.582574071433026e-05,0.0007850553752515496,0.0013681774069262919,8.379457684616081e-05,0.0004150299136782122,0.046960654834314865,0.04705862662332646,0.04686561189436496,0.07757563207635648,0.04629046986161089,,0.011098725082711907,0.0013979666274815845,0.003108931272834601,nan,nan,nan,0.7963946384078574,0.9992539876896599,0.8771042847697805,nan,nan,nan,773.7850320455618,0.431564221624285,774.2165962671861,28.039911078754812,0.3747377679683268,28.41464884672314,0.0009620212949812412,0.01763657620176673,0.8249034020118415,6.485845828052561e-05,1.822307757579539e-05,False,3708,773.7850320455618,0,0,0.01987138370265788,3.3194509503591317e+40,outputs/Mach_interpolation/naca0012/iso/hessian/eig/h0.025/aoa2.00/M2.90-3.00/drift_ffd/gmin0.0001
eig,0.025,mach,0.0,0.8,0.9,23548,ffd,0.001,5,0.020359163106267588,0.023340495322464398,0.02069282244865053,0.40941753476104803,0.4341567218303679,0.4704005302783578,nan,nan,nan,0.0025991540277920874,0.002194889800959858,0.01973424185390393,0.0006146705132054069,0.0011406771668571467,0.001350625787537862,0.0033174859098837437,0.003472331325497623,0.002286360029693496,0.04602296675976563,0.0012042733848182956,,0.04912334754100961,0.05436803577402452,0.012110735794983169,nan,nan,nan,0.653928709828842,0.9997669412075901,0.6635320822720236,nan,nan,nan,1150.2133023439965,0.4844076140143443,1150.6977099580108,0.005524197011254728,0.41710852299002,0.4226327200012747,0.0011167429911438376,0.019708619016455486,0.9223437440232374,8.892138225746749e-08,3.599625329570985e-08,True,713,1150.2133023439965,0,0,0.016941298360190055,21809219384003.055,outputs/Mach_interpolation/naca0012/iso/hessian/eig/h0.025/M0.80-0.90/drift_ffd/gmin0.001
eig,0.025,mach,0.0,0.9,1.0,23548,ffd,0.001,5,0.019683386926376657,0.029057661532371486,0.008961569703089157,0.3511502425776134,0.5637418031692505,0.5628250155941315,nan,nan,nan,0.001569055900038539,0.0015857134560530004,0.005942805751220651,0.001220298276218278,0.0009921530728408884,0.002316764082295173,0.003906198072232862,0.003231997929473239,0.003808174161249631,0.08889940095738784,0.0019486100606276799,,0.03154353078830259,0.06616363696814194,0.02493817669636522,nan,nan,nan,0.9134311330191774,1.0416204936663231,0.7581852751325331,nan,nan,nan,1163.277356303006,0.4847281110123731,1163.7620844140183,0.00855885399505496,0.41828336101025343,0.4268422150053084,0.0010967420239467174,0.019734253000933677,0.923844712000573,9.754218055491037e-08,3.5457620939430316e-08,True,743,1163.277356303006,0,0,0.06675059199450897,7.584816233167875e+21,outputs/Mach_interpolation/naca0012/iso/hessian/eig/h0.025/M0.90-1.00/drift_ffd/gmin0.001
eig,0.025,mach,0.0,1.0,1.1,23548,ffd,0.001,5,0.025188773178596552,0.029569762679791278,0.011086574479924859,0.6370702839560054,0.5999207735061646,0.4968964909632104,nan,nan,nan,0.001482902180505398,0.0009745000508351448,0.011104575930622465,0.0015426284297794595,0.0007717009289351178,0.0009127803807398247,0.0030573697352588233,0.0008484240233315544,0.001081227576858565,0.10355119820397703,0.0006436220963663847,,0.07040226663589376,0.06157419357666578,0.03628074639075437,nan,nan,nan,0.8907417771571873,1.1066384017070223,0.9016028041612637,nan,nan,nan,1238.4757255148143,0.48676756024360657,1238.9624930750579,0.009488033130764961,0.4180098818615079,0.42749791499227285,0.0011355765163898468,0.019627348519861698,0.9255433743819594,9.138472023551003e-08,3.754730359294591e-08,True,797,1238.4757255148143,0,0,0.02946631890381679,1.3497445738891151e+19,outputs/Mach_interpolation/naca0012/iso/hessian/eig/h0.025/M1.00-1.10/drift_ffd/gmin0.001
eig,0.025,mach,0.0,1.1,1.2,23548,ffd,0.001,5,0.018655163282776194,0.026410086575178234,0.010495363346332252,0.39983777417774824,0.3402608156204223,0.5422775297720983,nan,nan,nan,0.003400401350763277,0.00026728502066358643,0.007726646682431189,0.001753676331672779,0.0005891711850093081,0.00105075867351521,0.002504989600134231,0.0007910481083013683,0.0016217930722943435,0.10104820265022862,0.00045845497549726593,,0.01960426967255294,0.0354588181357687,0.021100298309219147,nan,nan,nan,0.7732619998578494,1.0078254631224361,0.5779668500669793,nan,nan,nan,1311.792048453004,0.47739863899187185,1312.269447091996,0.013863459986168891,0.4080163330072537,0.4218797929934226,0.0010734219977166504,0.01906555800815113,0.9055559360131156,9.88312720551221e-08,4.3707989653750587e-08,True,735,1311.792048453004,0,0,0.028211125977406493,1.196790054408388e+24,outputs/Mach_interpolation/naca0012/iso/hessian/eig/h0.025/M1.10-1.20/drift_ffd/gmin0.001
eig,0.025,mach,0.0,1.2,1.3,23548,ffd,0.001,5,0.015704657028072947,0.022609540629959877,0.010132801448620783,0.6127533646203587,0.37157476544380197,0.5695160227155324,nan,nan,nan,0.008485570556258717,0.00019071674470029962,0.007243331273346527,0.003715852013496838,0.0007552199556830961,0.0017237489987364336,0.0065401564670088804,0.00041841563996105073,0.00206300392274726,0.09896135502438419,0.0006784077242135195,,0.028619440809159107,0.08188345061228061,0.02777749305203963,nan,nan,nan,0.9149013219478888,1.0318707990445084,0.6535207456763091,nan,nan,nan,1547.1549044669955,0.4826689180044923,1547.637573385,0.006520621012896299,0.41601898599765263,0.42253960701054893,0.00044915100443176925,0.019671351998113096,0.9188107809750363,9.765346220547144e-08,6.335171005014993e-08,True,1029,1547.1549044669955,0,0,0.08046794162308232,1.8913006007313308e+27,outputs/Mach_interpolation/naca0012/iso/hessian/eig/h0.025/M1.20-1.30/drift_ffd/gmin0.001
eig,0.025,mach,0.0,1.3,1.4,23548,ffd,0.001,5,0.014546456084515562,0.018135030815605028,0.007322013576182788,0.5735125381301049,0.42035608887672415,0.548182528534186,nan,nan,nan,0.007212503410255363,0.00013126764113339303,0.007358189181217746,0.0021055782478626604,0.00046834239629559054,0.0018246382303452487,0.0034696455310981892,0.00041768455964338614,0.0029010597002998386,0.09743348305194131,0.0003854535664023596,,0.027502796692557802,0.07992817366683808,0.02506155670191128,nan,nan,nan,0.7565581526376693,1.0007382264342448,0.6842479324212751,nan,nan,nan,1710.3911647640634,0.48344796407036483,1710.8746127281338,0.009904092992655933,0.4162072400795296,0.4261113330721855,0.0011493309866636992,0.019423838006332517,0.9202307260129601,8.511934623811612e-08,4.1403053813665564e-08,True,1095,1710.3911647640634,0,0,0.07172674388548633,10856975074066.576,outputs/Mach_interpolation/naca0012/iso/hessian/eig/h0.025/M1.30-1.40/drift_ffd/gmin0.001
eig,0.025,mach,0.0,1.4,1.5,23548,ffd,0.001,5,0.012551610543996174,0.013551469054970653,0.005388261984390099,0.6539556441144246,0.5202486753463746,0.44087025973364014,nan,nan,nan,0.004845070918752666,0.00011433794153664943,0.004891708817527548,0.0006853934172571546,0.00028875417339903787,0.00037463555983510585,0.0012775736406121804,0.00010989380886875516,0.0005518770006504672,0.09638692132673897,0.00028859082353992926,,0.027052083230774578,0.06513321512364202,0.023742041429627596,nan,nan,nan,0.6070151859753693,0.9130213919572806,0.7277954717158902,nan,nan,nan,683.4412846947089,0.4442930771037936,683.8855777718127,27.31732611078769,0.3947924328967929,27.712118543684483,0.0010494329035282135,0.017759475857019424,0.8578969724476337,9.488279673064426e-08,4.7321608680599714e-08,True,943,683.4412846947089,0,0,0.04782314947654344,1.0027685689368024e+16,outputs/Mach_interpolation/naca0012/iso/hessian/eig/h0.025/M1.40-1.50/drift_ffd/gmin0.001
eig,0.025,mach,0.0,1.5,1.6,23548,ffd,0.001,5,0.012708891909719244,0.010434668505040013,0.00453863614086832,0.8033403962187052,0.4329843521118164,0.4226627739402199,nan,nan,nan,0.0021817201269697106,0.00023711260078121565,0.002982487233622874,0.0004754664423917334,0.00032683943141845293,0.0015743727028935956,0.00039746067905855226,0.0007535096770369227,0.001693816151038659,0.09540550706252164,0.00037712346087783984,,0.026919775467691726,0.048759325881880505,0.02261099001320986,nan,nan,nan,0.5240023992504567,0.7426430993755051,0.7633240372468654,nan,nan,nan,1251.2712214929634,0.4763712129788473,1251.7475927059422,0.0055159510229714215,0.40841572103090584,0.41393167205387726,0.0010965520050376654,0.01905536197591573,0.904940880020149,9.553157553909841e-08,3.3564060459424676e-08,True,798,1251.2712214929634,0,0,0.03515749979935445,9.067483109430395e+20,outputs/Mach_interpolation/naca0012/iso/hessian/eig/h0.025/M1.50-1.60/drift_ffd/gmin0.001
eig,0.025,mach,0.0,1.6,1.7,23548,ffd,0.001,5,0.013422733174430228,0.00903601512107888,0.006620129002678064,0.8203118619228279,1.0806956678628923,1.0873955183483368,nan,nan,nan,0.002317582345471892,0.0028420745649762246,0.0033577244334882317,0.0022139160690710586,0.0030582568376252197,0.0038806681177405693,0.0022193605588997703,0.0007963798214780307,0.0005751199392542251,0.09110144393464797,0.003606047375843329,,0.04138634101035879,0.03830452694661601,0.036488025598228606,nan,nan,nan,0.5915665788422801,0.7474808539121909,0.7460983382738776,nan,nan,nan,700.9921398097649,0.43807738460600376,701.4302171943709,0.010694251395761967,0.3837572680786252,0.39445151947438717,0.0010838238522410393,0.017659761011600494,0.8405835144221783,9.382687693459957e-08,3.319643875176199e-08,True,788,700.9921398097649,0,0,0.02184439647766879,2970604247360720.5,outputs/Mach_interpolation/naca0012/iso/hessian/eig/h0.025/M1.60-1.70/drift_ffd/gmin0.001
eig,0.025,mach,0.0,1.7,1.8,23548,ffd,0.001,5,0.010830553380573663,0.00790744464315251,0.004461160087830221,1.212612422843917,0.4973820686340332,0.48970526022759087,nan,nan,nan,0.005152488425827427,0.0015946961794066658,0.0026572402386247484,0.00196067911876952,0.0005846794062010577,0.001792686162503657,0.0029620153122643022,0.0011723014067434414,0.0029079074756760454,0.09321922992576821,0.0008472606640478158,,0.029532349746126754,0.03865786459642868,0.024780551143726286,nan,nan,nan,0.6356675191414098,0.9263115998807491,0.7361596831490019,nan,nan,nan,652.7750259451568,0.44030235474929214,653.2153282999061,0.008419410791248083,0.38496073288843036,0.39338014367967844,0.0010928274132311344,0.017703697085380554,0.8440632871352136,8.430009046378473e-08,3.4155940449292215e-08,True,830,652.7750259451568,0,0,0.04168036232789717,774536711183308.2,outputs/Mach_interpolation/naca0012/iso/hessian/eig/h0.025/M1.70-1.80/drift_ffd/gmin0.001
eig,0.025,mach,0.0,1.8,1.9,23548,ffd,0.001,5,0.010120490704256439,0.006111940380036422,0.0034085003268596965,1.1809047711358853,0.3959732532501221,0.4064901934255087,nan,nan,nan,0.000855487937165756,0.000723007261232026,0.0012275738846598118,0.0004635760101730384,0.00027057334630694306,0.0006593129108660113,0.003383421623950967,0.0037104519301695087,0.003318696372891031,0.08537450839473235,0.0025772976030083946,,0.02883544990159216,0.02392847807161358,0.016705395333208917,nan,nan,nan,0.5040007036616525,0.9473895826249251,0.7533351215952694,nan,nan,nan,1616.616917883046,0.4844795214012265,1617.1013974044472,0.01121614035218954,0.4185648178681731,0.42978095822036266,0.0011404668912291527,0.01963482890278101,0.9238225910812616,9.941591727624655e-08,4.913556786639254e-08,True,1027,1616.616917883046,0,0,0.03126822234511414,223213317323925.38,outputs/Mach_interpolation/naca0012/iso/hessian/eig/h0.025/M1.80-1.90/drift_ffd/gmin0.001
eig,0.025,mach,0.0,1.9,2.0,23548,ffd,0.001,5,0.009008228647503249,0.004777764488118775,0.002955255856074452,1.4979194616390137,0.3449802517890932,0.4448948178002694,nan,nan,nan,0.0009459173160049519,0.0002781203042832288,0.000569818352582944,0.001492129500142089,0.00022942479697547362,0.00123620222166391,0.005026136488232589,0.005530893423178863,0.005126661289227451,0.07863133521688818,0.005018376648966553,,0.02932047621550918,0.015972340615512743,0.013383734081342543,nan,nan,nan,0.6293725070730151,1.0005664357969053,0.7292128053676212,nan,nan,nan,1298.654628372984,0.7568672230117954,1299.4114955959958,0.010192379995714873,0.6924103960045613,0.7026027760002762,0.0011016110074706376,0.03529235697351396,1.4856737919617444,9.650010479589355e-08,4.638240434241283e-08,True,1014,1298.654628372984,0,0,0.01804380458572813,13439025597017.506,outputs/Mach_interpolation/naca0012/iso/hessian/eig/h0.025/M1.90-2.00/drift_ffd/gmin0.001
eig,0.025,mach,0.0,2.0,2.1,23548,ffd,0.001,5,0.009345165537207736,0.0054225308689139625,0.00648855649736984,1.6698457673119054,0.6713736489415169,1.012003886236983,nan,nan,nan,0.011977049302420543,0.003969712926709291,0.003713337151868575,0.0020406191755300753,0.0015768844119595613,0.0019609734298914566,0.005951167856512343,0.005530940431691921,0.005079423475840697,0.08404322062889444,0.00430398665330389,,0.03226202647969057,0.02964305529111307,0.03704934302637167,nan,nan,nan,0.46755000717870127,0.7730521928332327,0.6747769983829787,nan,nan,nan,729.4651708272286,0.7266533118672669,730.1918241390958,0.010214549023658037,0.6723040868528187,0.6825186358764768,0.0010095927864313126,0.03373276861384511,1.4337026458233595,9.567971659407704e-08,3.029162163684862e-08,True,950,729.4651708272286,0,0,0.049197403627097104,8.817526112344545e+23,outputs/Mach_interpolation/naca0012/iso/hessian/eig/h0.025/M2.00-2.10/drift_ffd/gmin0.001
eig,0.025,mach,0.0,2.1,2.2,23548,ffd,0.001,5,0.008604509234307202,0.0037368970013583764,0.0029594571066217145,1.6567880182971053,0.8750494778156281,0.8540023765583962,nan,nan,nan,0.010319819244138079,0.0004691653697344311,0.0004978366193309784,0.0018888909847813787,0.0016521043121605272,0.002230273083165716,0.006438296997949972,0.006517725092787959,0.006154509546872214,0.08670235177132207,0.006969910914451998,,0.03006284743948671,0.018983298846759884,0.017964008721896844,nan,nan,nan,0.4512175644914005,0.8633783628645161,0.8492344722684776,nan,nan,nan,843.9831739095971,0.7053719665855169,844.6885458761826,27.536976876668632,0.6552070826292038,28.192183959297836,0.0010542692616581917,0.03234489168971777,1.3939806343987584,9.715100457441395e-08,3.058543814968868e-08,True,1205,843.9831739095971,0,0,0.04512802543509961,545132096999.5263,outputs/Mach_interpolation/naca0012/iso/hessian/eig/h0.025/M2.10-2.20/drift_ffd/gmin0.001
eig,0.025,mach,0.0,2.2,2.3,23548,ffd,0.001,5,0.009551390288785017,0.002605523954210225,0.0028319564118908878,1.701960730846843,0.40266804695129377,0.5157102464503314,nan,nan,nan,0.01015780854946051,0.00014648248240959092,0.00045478367065041357,0.004790842222037711,0.0004187146507091942,0.0016875653094655658,0.0038712068538673265,0.007457386512014414,0.006291157376525679,0.08362252712638468,0.0069628282429214355,,0.03199039193877365,0.006594855496488351,0.012364601307054766,nan,nan,nan,0.3928334708878551,0.9932496330870492,0.7136231847325407,nan,nan,nan,663.6483801482245,0.4529489642009139,664.1013291124254,27.327939128503203,0.38989415392279625,27.717833282426,0.001207379624247551,0.017836682498455048,0.8618946215137839,9.768974251755935e-08,3.3080217836231837e-08,True,882,663.6483801482245,0,0,0.059304635519210856,505456447267.51086,outputs/Mach_interpolation/naca0012/iso/hessian/eig/h0.025/M2.20-2.30/drift_ffd/gmin0.001
eig,0.025,mach,0.0,2.3,2.4,23548,ffd,0.001,5,0.007887350198414718,0.0018929661707917439,0.0018111706042854446,1.6952970918887384,0.09980418682098424,0.16243405080452522,nan,nan,nan,0.004695444284660322,9.085157435999303e-05,0.0007117000311400877,0.002228039709921205,0.0001066260988286508,0.0011545309516809924,0.00732928649298419,0.00876171863955074,0.008260534314927646,0.08106893552139874,0.008387899900902305,,0.027726613856008234,0.004184887059432906,0.0066745849045416715,nan,nan,nan,0.5440156215005127,0.9951755272529581,0.970675329452795,nan,nan,nan,1332.3537543719867,0.47402005596086383,1332.8277744279476,36.60687689005863,0.409802551032044,37.01667944109067,0.0011411140440031886,0.019216660992242396,0.9041847800835967,9.523573751835102e-08,3.4764466850607243e-08,True,1056,1332.3537543719867,0,0,0.01571769663933443,49652538.07246013,outputs/Mach_interpolation/naca0012/iso/hessian/eig/h0.025/M2.30-2.40/drift_ffd/gmin0.001
eig,0.025,mach,0.0,2.4,2.5,23548,ffd,0.001,5,0.007722337794185023,0.001440097699525693,0.0016184212894700001,1.728965136100528,0.153633713722229,0.21979098986325818,nan,nan,nan,0.00459430999733171,0.0003315946024186796,0.0002454264131031913,0.0042995874320234,0.0004011595603640153,0.0017309640343625464,0.0071802503417060124,0.009678528660855695,0.00900347428728603,0.07950355921433928,0.009732829617564685,,0.027102054534065143,0.0037174710797485016,0.0055774207713309145,nan,nan,nan,0.47308732249432256,1.0464977138967224,0.9255227108392846,nan,nan,nan,1347.3172226379975,0.47876834199996665,1347.7959909799974,40.20130056398921,0.4093513159896247,40.61065187997883,0.0011427520075812936,0.01944471098249778,0.9087116100126877,9.992487193244415e-08,3.308584293033895e-08,True,1032,1347.3172226379975,0,0,0.020316568904561388,36255.13517954617,outputs/Mach_interpolation/naca0012/iso/hessian/eig/h0.025/M2.40-2.50/drift_ffd/gmin0.001
eig,0.025,mach,0.0,2.5,2.6,23548,ffd,0.001,5,0.0075420882923490406,0.001327092010334764,0.00153529727012844,1.999329071661505,0.13075394630432124,0.3542543373145719,nan,nan,nan,0.006390853492795757,0.00023016241640120652,0.00047699277800119296,0.004573956022205808,0.0004022947341235444,0.001253907411518831,0.007330805971186053,0.00954584087264791,0.008714705718529722,0.07849810795467219,0.008328256821915243,,0.026004162786072895,0.0031531496666385036,0.0059777900204535375,nan,nan,nan,0.3855418722445944,0.9973900450641393,0.85649294116464,nan,nan,nan,702.7838249504566,0.4472161429002881,703.2310410933569,29.032641801983118,0.39029874466359615,29.422940546646714,0.0010755406692624092,0.018155938014388084,0.8567487187683582,9.683202861765494e-08,3.312421681649953e-08,True,1073,702.7838249504566,0,0,0.027434634284686572,19753.43547888991,outputs/Mach_interpolation/naca0012/iso/hessian/eig/h0.025/M2.50-2.60/drift_ffd/gmin0.001
eig,0.025,mach,0.0,2.6,2.7,23548,ffd,0.001,5,0.0074227569776834194,0.0011827071554286006,0.001776440233557941,2.0332977849032865,0.137337017059326,0.6118797774809024,nan,nan,nan,0.004604441901007839,7.904633389177617e-05,0.0011179931038266349,0.004835547356106019,0.00012958774378914339,0.0008982996274185845,0.005934813381885092,0.009035537572645679,0.008380301676338962,0.07695680231117681,0.008352429290458012,,0.027410099676444505,0.00211248338829067,0.009820792787929947,nan,nan,nan,0.3646120964247395,0.9961751366067619,0.6916827571881513,nan,nan,nan,722.5780136063695,0.6883155917748809,723.2663291981444,28.559072845615447,0.6364985406398773,29.195571386255324,0.0010987874120473862,0.03166997525840998,1.3575862981379032,9.833960845639922e-08,2.7987923005223835e-08,True,1218,722.5780136063695,0,0,0.017804306662384917,12594.047932464902,outputs/Mach_interpolation/naca0012/iso/hessian/eig/h0.025/M2.60-2.70/drift_ffd/gmin0.001
eig,0.025,mach,0.0,2.7,2.8,23548,ffd,0.001,5,0.010869793356668895,0.005920947177049742,0.006154985946095711,2.2608461449160373,2.0625467598438267,2.2954989934173304,nan,nan,nan,0.009443454640994624,0.002935581070613583,0.006179780882266734,0.010007076483116044,0.005766623451982331,0.005640508505206464,0.003678327585159629,0.00818762129727204,0.008505037288739086,0.07619629039920942,0.010222442158535218,,0.03953434046883914,0.02768547012560233,0.03565749161674555,nan,nan,nan,0.3556554242415645,0.8397993726170435,0.7010005100656226,nan,nan,nan,605.8391019087285,0.6938829701393843,606.5329848788679,28.40314713632688,0.6399129591882229,29.043060095515102,0.001001880969852209,0.03199833817780018,1.3668027981184423,9.934179168169521e-08,2.999606326846328e-08,True,991,605.8391019087285,0,0,0.04731927073608418,72602252805.12288,outputs/Mach_interpolation/naca0012/iso/hessian/eig/h0.025/M2.70-2.80/drift_ffd/gmin0.001
eig,0.025,mach,0.0,2.8,2.9,23548,ffd,0.001,5,0.0072498927706521905,0.0011401969079288044,0.0011402004896989342,2.495578358340211,0.15338668823242152,0.1533859952399088,nan,nan,nan,0.01300379769498437,0.00021030966516705373,0.00021031460665605104,0.000705461374087112,0.0002895254210978,0.0002895226204764625,0.0006011690887289264,0.0006285290856446224,0.0006284875561276886,0.08017598229587561,0.0006272627035634155,,0.02104193360814406,0.0021178539458038535,0.0021178474944549093,nan,nan,nan,0.3533108160129376,0.9976829462038905,0.9976797369584408,nan,nan,nan,1703.097168950364,0.47065500263124704,1703.5678239529952,39.74686259869486,0.4082049559801817,40.15506755467504,0.0011409381404519081,0.019541870802640915,0.8995465748012066,9.891319763255524e-08,3.5927290389874344e-08,True,1308,1703.097168950364,0,0,0.021332278990945322,3122.363490229395,outputs/Mach_interpolation/naca0012/iso/hessian/eig/h0.025/M2.80-2.90/drift_ffd/gmin0.001
eig,0.025,mach,0.0,2.9,3.0,23548,ffd,0.001,5,0.00686416964415187,0.0010260359102995922,0.0010260400496400522,2.6164430776182237,0.1009523868560791,0.1009523868560791,nan,nan,nan,0.013099132993207705,0.00011604677142271357,0.00011605595089467852,0.00047281369909139045,0.00012861765654282253,0.0001286070617238233,0.0010931428971800547,0.0020612118462765166,0.002061165670074375,0.07778761795800776,0.0013492652731903064,,0.021540813573471453,0.001838788359388349,0.0018387932273774528,nan,nan,nan,0.3410993578400178,0.9982885972984042,0.998284815019033,nan,nan,nan,599.7608126075938,0.7020471370778978,600.4628597446717,28.878409289754927,0.8307578288950026,29.70916711864993,0.0009871888905763626,0.03266020491719246,1.5664669508114457,9.358931407632554e-08,3.3534191185304914e-08,True,828,599.7608126075938,0,0,0.018515347138932162,31.313246670291665,outputs/Mach_interpolation/naca0012/iso/hessian/eig/h0.025/M2.90-3.00/drift_ffd/gmin0.001
eig,0.025,mach,2.0,0.8,0.9,23548,ffd,0.001,5,0.02069350394016867,0.02487542138029235,0.022217160153816144,0.7112500468862473,0.5464495897293091,0.5948146712499629,nan,nan,nan,0.009651478582920706,0.002176073245361046,0.030790493383153997,0.039410032929651825,0.002849561204956904,0.009107840652722084,0.2368049772019431,0.25399410931522715,0.2526220659404745,0.046312903564739286,0.2535516525864444,,0.050973293762671665,0.06248535257348246,0.01886392497676249,nan,nan,nan,0.6886665851674182,1.0028023593842412,0.5161213931907471,nan,nan,nan,601.4742081277072,0.43377997633069754,601.9079881040379,27.74373717419803,0.37811541464179754,28.12185258883983,0.0011093523353338242,0.01764639373868704,0.8306540306657553,9.99693234859933e-08,3.4628742077049904e-08,True,744,601.4742081277072,0,0,0.05848514740852188,1218524049918377.8,outputs/Mach_interpolation/naca0012/iso/hessian/eig/h0.025/aoa2.00/M0.80-0.90/drift_ffd/gmin0.001
eig,0.025,mach,2.0,0.9,1.0,23548,ffd,0.001,5,0.021346572938567863,0.02932747431243988,0.009217256754255903,0.6726236798283289,0.5190495610237122,0.7435315747268186,nan,nan,nan,0.0033464545530395573,0.0014281042338068176,0.009092208524780288,0.02900150627102956,0.012242044752471688,0.03144160100402002,0.2304979717162201,0.23871986441730053,0.23123790201215866,0.08851231921516327,0.22379281903556875,,0.0431084664036476,0.06599485057223593,0.028916808102322254,nan,nan,nan,0.7691458136984575,1.0409545619726022,0.7309695974689783,nan,nan,nan,664.5966672971845,0.4374296641908586,665.0340969613753,26.19919744413346,0.38253897009417415,26.581736414227635,0.0010174852795898914,0.017684741411358118,0.8386729843914509,9.713435389357983e-08,3.077241966983506e-08,True,896,664.5966672971845,0,0,0.06390751672042536,5.5079301964850344e+16,outputs/Mach_interpolation/naca0012/iso/hessian/eig/h0.025/aoa2.00/M0.90-1.00/drift_ffd/gmin0.001
eig,0.025,mach,2.0,1.0,1.1,23548,ffd,0.001,5,0.024993488013058864,0.02952512893783962,0.010816697206689641,0.6545521328321753,0.7138084471225739,0.5956167987702563,nan,nan,nan,0.002687455773395458,0.0009183565878316489,0.011204153295037272,0.009828401868481813,0.0009430008845788386,0.016084806032833986,0.17282754168438805,0.1782330045549274,0.16878596185896097,0.10307138012644176,0.1685281076065708,,0.057865018621602614,0.05719874050729459,0.02912357999455974,nan,nan,nan,0.9824648193250148,1.2129613781011988,0.8053585256583687,nan,nan,nan,654.0980081250891,0.7333197016268969,654.831327826716,28.058898327872157,0.6748700048774481,28.733768332749605,0.0010271677747368813,0.03394006937742233,1.4431599071249366,9.073815476767777e-08,3.1330909461008195e-08,True,823,654.0980081250891,0,0,0.018920924230530656,3.293223381795299e+20,outputs/Mach_interpolation/naca0012/iso/hessian/eig/h0.025/aoa2.00/M1.00-1.10/drift_ffd/gmin0.001
eig,0.025,mach,2.0,1.1,1.2,23548,ffd,0.001,5,0.019026128891306036,0.026401132497099238,0.010766440300598987,0.4569267625577622,0.3718847751617431,0.603001248053865,nan,nan,nan,0.0035312822650164916,0.00010529726270250746,0.007505604416963387,0.009881278727486136,0.0008710418694749687,0.0108720044140467,0.14854941725748974,0.15505916724897983,0.1480663671158246,0.10074978110746907,0.147850451261338,,0.025653230852882083,0.03637980814104801,0.02247368899748041,nan,nan,nan,0.946549612988151,1.008742853023684,0.6478833094369035,nan,nan,nan,1398.3928200069931,0.4783224320271984,1398.8711424390203,31.400902219000272,0.4096914659603499,31.810593684960622,0.0011443760013207793,0.019340861996170133,0.9085032030125149,9.95254083591135e-08,4.513000433795109e-08,True,998,1398.3928200069931,0,0,0.03650985103867524,4.8199493376624155e+23,outputs/Mach_interpolation/naca0012/iso/hessian/eig/h0.025/aoa2.00/M1.10-1.20/drift_ffd/gmin0.001
eig,0.025,mach,2.0,1.2,1.3,23548,ffd,0.001,5,0.015697181560610222,0.022672782106855773,0.010085507926687639,0.5592948041000305,0.36341125965118426,0.6292061209377828,nan,nan,nan,0.005721157467902436,0.0001508515897616975,0.007607074993598171,0.015149961420536305,0.00033612007623798964,0.009584431759801178,0.13292296646529808,0.1395486612424047,0.13628730688469212,0.09869635447253826,0.13454213046727162,,0.02200883525646193,0.06889668394924245,0.025445853626629888,nan,nan,nan,0.7247693918667149,0.9981536605338279,0.6750076381869835,nan,nan,nan,853.7498513078317,0.4371628677472472,854.187014175579,26.06600243318826,0.3823612816631794,26.44836371485144,0.0010547293350100517,0.01776867639273405,0.8383520627394319,8.610554402821435e-08,5.313924484719318e-08,True,926,853.7498513078317,0,0,0.04960302925015283,6.09482362134643e+27,outputs/Mach_interpolation/naca0012/iso/hessian/eig/h0.025/aoa2.00/M1.20-1.30/drift_ffd/gmin0.001
eig,0.025,mach,2.0,1.3,1.4,23548,ffd,0.001,5,0.015398392409841853,0.018310647129712396,0.007389103849854015,0.654182373257954,0.4423632025718689,0.5746739095384622,nan,nan,nan,0.01007203661019499,9.083434584757077e-05,0.007263902151014592,0.012083489312548067,0.0003036951612451951,0.0071606517953409264,0.11925105633323352,0.1275779680415231,0.12523349191959732,0.09721338762878678,0.1237618771482562,,0.03052958339786703,0.07970310819460054,0.02529721866614482,nan,nan,nan,0.9154345835767236,0.9320298622364944,0.6987893220708915,nan,nan,nan,977.1424577590078,0.4350434993393719,977.5775012583472,26.32873594481498,0.3836061470210552,26.712342091836035,0.0010328693315386772,0.017605528235435486,0.8372938628308475,9.397695066581946e-08,5.3180044853177627e-08,True,1218,977.1424577590078,0,0,0.09473360993686787,5.504400939534019e+28,outputs/Mach_interpolation/naca0012/iso/hessian/eig/h0.025/aoa2.00/M1.30-1.40/drift_ffd/gmin0.001
eig,0.025,mach,2.0,1.4,1.5,23548,ffd,0.001,5,0.012901453470057254,0.013694445765742247,0.005369946656499514,0.6527902334993166,0.5337103366851808,0.4532547706368688,nan,nan,nan,0.00788928510651607,7.14801789675155e-05,0.004148457240193102,0.0058167829978896385,0.0002338716901804233,0.006733202998096506,0.11343342159237171,0.11816051544607961,0.11433632419546028,0.09620202198594992,0.11415620227264779,,0.03136752457441306,0.06649721837118795,0.023884309773776265,nan,nan,nan,0.8605022147174003,0.8524743193756179,0.7587563443475266,nan,nan,nan,660.0538715329021,0.7197459572926164,660.7736174901947,27.616695756092668,0.6664968300610781,28.283192586153746,0.0009893011301755905,0.03330949880182743,1.4205451216548681,9.583627536002837e-08,3.729612800230998e-08,True,827,660.0538715329021,0,0,0.07181090664751098,1.609636443641914e+18,outputs/Mach_interpolation/naca0012/iso/hessian/eig/h0.025/aoa2.00/M1.40-1.50/drift_ffd/gmin0.001
eig,0.025,mach,2.0,1.5,1.6,23548,ffd,0.001,5,0.012989659996954414,0.010459993010820902,0.004712323566029307,0.8251934446515041,0.42330573797225934,0.48977313491404717,nan,nan,nan,0.004300718035045073,0.00010734423831164507,0.003594809038616753,0.0044983559718063965,0.000362136971465256,0.005252841015466957,0.1069161562071367,0.10887631079472557,0.10684733981810288,0.094986439350618,0.10566167711961695,,0.02908803767853588,0.04789191682569834,0.023795533334182134,nan,nan,nan,0.6495458728106844,1.031739010111765,0.7739071713730512,nan,nan,nan,1582.4813234839821,0.4727303710533306,1582.9540538550355,40.38452976208646,0.40656855900306255,40.79109832108952,0.0011468750890344381,0.01909778406843543,0.8995492199901491,9.213214013925608e-08,3.29178526144897e-08,True,916,1582.4813234839821,0,0,0.04392850278026262,3.419425309988309e+20,outputs/Mach_interpolation/naca0012/iso/hessian/eig/h0.025/aoa2.00/M1.50-1.60/drift_ffd/gmin0.001
eig,0.025,mach,2.0,1.6,1.7,23548,ffd,0.001,5,0.014077569898988162,0.009962466455761113,0.0074454718264235185,1.0069068771478773,1.1230003595352172,1.1427355290536654,nan,nan,nan,0.003015396839349512,0.003241356236484879,0.0031285527999026785,0.013433951620122224,0.005158476458906214,0.01000847083807463,0.09757760343748148,0.1013250669012484,0.09872131855570015,0.09042447682030753,0.10222952064712422,,0.047207026580955866,0.04593297796584159,0.04074744427310084,nan,nan,nan,0.59379064999046,0.8977220933440156,0.7371069338633138,nan,nan,nan,731.3254627450369,0.4330345210619271,731.7584972660989,27.721915724221617,0.37951646000146866,28.101432184223086,0.0010240329429507256,0.017696388997137547,0.8312741159461439,9.967353520323741e-08,3.270583891161921e-08,True,902,731.3254627450369,0,0,0.02968003509861502,1.1173309788563438e+18,outputs/Mach_interpolation/naca0012/iso/hessian/eig/h0.025/aoa2.00/M1.60-1.70/drift_ffd/gmin0.001
eig,0.025,mach,2.0,1.7,1.8,23548,ffd,0.001,5,0.01124505869417274,0.0077349693027059675,0.004518431212913388,1.110287568166983,0.48794112391769884,0.4509712659559703,nan,nan,nan,0.003973785139073677,0.0018236928894858092,0.001561463128530409,0.010257704248052996,0.0010598630260169944,0.008738425903577816,0.08508475488667062,0.09142931771713046,0.08593924338587504,0.0929698445212187,0.08947056866533067,,0.030479046132336225,0.03475205390788943,0.023357035846565247,nan,nan,nan,0.6183444723975731,0.9003384059121554,0.7433648451684339,nan,nan,nan,1326.757160950452,0.4727537343278527,1327.22991468478,36.72457418218255,0.408201165497303,37.13277534767985,0.001140335574746132,0.01963751297444105,0.9017391102388501,9.747685680849827e-08,2.7723050303653998e-08,True,796,1326.757160950452,0,0,0.03926475595265902,2263653642431652.5,outputs/Mach_interpolation/naca0012/iso/hessian/eig/h0.025/aoa2.00/M1.70-1.80/drift_ffd/gmin0.001
eig,0.025,mach,2.0,1.8,1.9,23548,ffd,0.001,5,0.01074460545859974,0.006665719217986872,0.0038434308910855397,1.2807249956105868,0.48552650213241577,0.5894487167131586,nan,nan,nan,0.0005558200994302496,0.0004758522250022394,0.0014147510893132292,0.004546334338698112,0.001277736290961713,0.003544787045584744,0.08398299167661326,0.08590677515330031,0.08495206550144041,0.08523648122131047,0.08523146861963012,,0.029255888931105527,0.02521792321512362,0.019320297426795464,nan,nan,nan,0.5272859486014166,0.8834556490707701,0.6508915615753733,nan,nan,nan,734.873819726985,0.721073601860553,735.5948933288455,27.435183263849467,0.6684165732003748,28.103599837049842,0.0011157519184052944,0.033242231234908104,1.4238516842015088,8.196832190776604e-08,3.5868013902915676e-08,True,915,734.873819726985,0,0,0.024308463904212194,1535229004268089.5,outputs/Mach_interpolation/naca0012/iso/hessian/eig/h0.025/aoa2.00/M1.80-1.90/drift_ffd/gmin0.001
eig,0.025,mach,2.0,1.9,2.0,23548,ffd,0.001,5,0.00887148401189223,0.004786139168248332,0.002850496496690632,1.433533148904102,0.31333452463150024,0.4525401043711258,nan,nan,nan,0.0004623162070817696,8.197371771751566e-05,0.00019194916510725647,0.003466678390739403,0.0002192487407567035,0.0011902986550827227,0.07907139792809434,0.08100056813855426,0.08035378858884075,0.07871285541311167,0.07858738516796132,,0.029454362514439322,0.016443951542314702,0.012620955498454246,nan,nan,nan,0.6306394137022309,0.9947981682973318,0.730029808056508,nan,nan,nan,1635.440882570052,0.4751987830386497,1635.9160813530907,37.5559024940012,0.40674283396219835,37.9626453279634,0.0011076449882239103,0.018933308019768447,0.901987969991751,8.798458850378665e-08,4.052348097463246e-08,True,1025,1635.440882570052,0,0,0.01723540365545447,7510455612183904.0,outputs/Mach_interpolation/naca0012/iso/hessian/eig/h0.025/aoa2.00/M1.90-2.00/drift_ffd/gmin0.001
eig,0.025,mach,2.0,2.0,2.1,23548,ffd,0.001,5,0.011441337165952664,0.005973948565935676,0.006499941634738358,1.1919394172656883,0.9754075706005099,1.0737055283572752,nan,nan,nan,0.003290039167402076,0.004887494475107884,0.00525532089850692,0.005058914081873724,0.0015070894829231568,0.0015043924103561373,0.0738742777123527,0.07660609283179425,0.07570543658754028,0.07884709744016573,0.07486050414206043,,0.03724052896033679,0.025196223659989466,0.026749938107829732,nan,nan,nan,0.533419589819316,0.838543741720407,0.7143431315150421,nan,nan,nan,651.5568372220732,0.7216090653091669,652.2784462873824,26.64369952492416,0.665882796049118,27.309582320973277,0.0003237379714846611,0.033534723334014416,1.4213535971939564,9.719394711282803e-08,3.078977834427474e-08,True,814,651.5568372220732,0,0,0.018302960215069785,2.0174509171842064e+25,outputs/Mach_interpolation/naca0012/iso/hessian/eig/h0.025/aoa2.00/M2.00-2.10/drift_ffd/gmin0.001
eig,0.025,mach,2.0,2.1,2.2,23548,ffd,0.001,5,0.008753970456302131,0.0040856466500802085,0.0032184518392926755,1.6746907038462622,0.9986584067344666,1.0670182419914755,nan,nan,nan,0.009235600807613643,0.0002753656253236382,0.001393101033398449,0.004832935855701298,0.0015295927208643428,0.0032846562396406176,0.07468820683222505,0.07639497992885894,0.07554106835833696,0.08696294973568151,0.07654752399747672,,0.029999633118359285,0.020614104376690687,0.019275452919069302,nan,nan,nan,0.46087814490166834,0.8752829194343847,0.8126296989113123,nan,nan,nan,745.7970758806914,0.4434549966827035,746.2405308773741,27.987762440927327,0.3853922551497817,28.37315469607711,0.0011641336604952812,0.01774562057107687,0.8477595904842019,9.365541764339014e-08,4.488459928729691e-08,True,1084,745.7970758806914,0,0,0.03929669307856672,14461333561410.61,outputs/Mach_interpolation/naca0012/iso/hessian/eig/h0.025/aoa2.00/M2.10-2.20/drift_ffd/gmin0.001
eig,0.025,mach,2.0,2.2,2.3,23548,ffd,0.001,5,0.00849578262488731,0.0025692155808657567,0.002494668816861512,1.6769910329200683,0.39345353841781616,0.3467769978477181,nan,nan,nan,0.004798210410122179,0.0002149731936574923,0.0008137737215289514,0.004612563435837878,0.0006874211033934741,0.002908030219090938,0.07226577248026443,0.07428250446437734,0.07309467081512044,0.08463860310257505,0.0749362753259302,,0.02675688670197698,0.006178707874263622,0.010133958401088024,nan,nan,nan,0.5214725636461562,0.9822961354230941,0.8087413078975714,nan,nan,nan,777.9649003581144,0.43222810979932547,778.3971284679137,28.01242940593511,0.37764633633196354,28.390075742267072,0.0011243349872529507,0.017579955980181694,0.828581920824945,9.307685644444064e-08,2.8745754033983636e-08,True,1067,777.9649003581144,0,0,0.02241862911440306,1262014700073.2893,outputs/Mach_interpolation/naca0012/iso/hessian/eig/h0.025/aoa2.00/M2.20-2.30/drift_ffd/gmin0.001
eig,0.025,mach,2.0,2.3,2.4,23548,ffd,0.001,5,0.008178869369790284,0.0027437829585492766,0.0028142500684191756,1.7808662994103275,0.8146533250808714,0.7152839283409107,nan,nan,nan,0.004689694285003484,0.000587593488046949,0.00032527028210232393,0.0018968088674013882,0.003186087965579867,0.0022070961624718393,0.07168588961797485,0.073838096138618,0.07313082202589545,0.08245432882508782,0.06898625104470207,,0.024865169152929613,0.011121186752839253,0.011073202755315373,nan,nan,nan,0.4077944115269304,0.9113764010831606,0.822466315923466,nan,nan,nan,1364.9350525760092,0.4709679679945111,1365.4060205440037,35.07208788197022,0.4054206410655752,35.477508523035794,0.0011306949891149998,0.01921952108386904,0.8967424920992926,9.358230101952358e-08,2.7575574541686336e-08,True,1065,1364.9350525760092,0,0,0.016984791087915254,2075334.025824681,outputs/Mach_interpolation/naca0012/iso/hessian/eig/h0.025/aoa2.00/M2.30-2.40/drift_ffd/gmin0.001
eig,0.025,mach,2.0,2.4,2.5,23548,ffd,0.001,5,0.010060392986969155,0.0047135846033301045,0.005094025405480362,2.0214900377787046,1.0299310684204102,1.0369585706690727,nan,nan,nan,0.010986431143336375,0.0027934123976160186,0.001068229790183654,0.01101714165678753,0.004328196926897173,0.012541651703581838,0.06383891096364494,0.06872125742858104,0.06423279249930545,0.08221056923076074,0.06783007892185718,,0.029279162050881238,0.017498590037147807,0.019578791324649708,nan,nan,nan,0.42762972579490793,1.0526386454757133,0.9027409732938542,nan,nan,nan,664.2178709469736,0.4350001569837332,664.6528711039573,28.8517523156479,0.3820348968729377,29.233787212520838,0.000996340997517109,0.017596404999494553,0.8356308247894049,9.924105981440334e-08,3.088082604202679e-08,True,992,664.2178709469736,0,0,0.040622263830382574,12657092931.341297,outputs/Mach_interpolation/naca0012/iso/hessian/eig/h0.025/aoa2.00/M2.40-2.50/drift_ffd/gmin0.001
eig,0.025,mach,2.0,2.5,2.6,23548,ffd,0.001,5,0.008273056086445473,0.0016874377423691082,0.002270259188426076,2.2840490558589055,0.19315731525421143,1.0042979528601523,nan,nan,nan,0.012466684039262002,0.00013302077869409445,0.0008821913782992019,0.00045439404919517105,0.00016711713010796817,0.0003001533597493751,0.056684393963815596,0.05686667819984526,0.05671862877276062,0.08597280562489862,0.05429848731717086,,0.026185887926558137,0.0042961201012057535,0.01347332037086566,nan,nan,nan,0.3407486061520562,1.0002403993891071,0.6602843299624209,nan,nan,nan,1260.7274888390675,0.47224278282374144,1261.1997316218913,37.29459506087005,0.4077107831835747,37.702305844053626,0.0011720461770892143,0.01925064530223608,0.9003787115216255,9.390895883143457e-08,3.18990981378656e-08,True,1009,1260.7274888390675,0,0,0.022672640636502164,7666.0082112232185,outputs/Mach_interpolation/naca0012/iso/hessian/eig/h0.025/aoa2.00/M2.50-2.60/drift_ffd/gmin0.001
eig,0.025,mach,2.0,2.6,2.7,23548,ffd,0.001,5,0.00789040103231012,0.001299205433026986,0.00172796168825709,2.278072260788049,0.10158257484436062,0.5976326687002149,nan,nan,nan,0.012546281757866958,0.00010314162196327359,0.0017365988862313457,0.0005881286442999239,0.00019773598271686602,0.00026935445973592546,0.05089296591071998,0.05120841288781661,0.050945970983072894,0.08413751077269527,0.04995176953340401,,0.025427981780696662,0.0029366050098234044,0.008180506695748838,nan,nan,nan,0.3540750345921124,1.0039563893858003,0.7856824519345286,nan,nan,nan,716.0226633800194,0.4319603368639946,716.4546237168834,29.14510856755078,0.3789029950276017,29.52401156257838,0.0010123653337359428,0.01746671088039875,0.8293452309444547,9.74572191836387e-08,2.6997281177641663e-08,True,1050,716.0226633800194,0,0,0.02343228966987727,2278.7224753859105,outputs/Mach_interpolation/naca0012/iso/hessian/eig/h0.025/aoa2.00/M2.60-2.70/drift_ffd/gmin0.001
eig,0.025,mach,2.0,2.7,2.8,23548,ffd,0.001,5,0.00781462558908096,0.0012522751064992644,0.0019165423115136441,2.3335604623789665,0.5823301792144777,0.5897437750077119,nan,nan,nan,0.01262959122407977,0.00022648585977810061,0.002715048663466244,0.0009631588218226179,0.0008123557095437817,0.0004090967297985526,0.049916675288314824,0.05006719951603126,0.04935822734610864,0.0820153128808109,0.04882063241263463,,0.023757670498342938,0.0042095634774460535,0.008079648671857011,nan,nan,nan,0.3556295334783497,1.001845859367781,0.7491096758101294,nan,nan,nan,708.077986722812,0.4349974039942026,708.5129841268063,28.235370104201138,0.38024362176656723,28.615613725967705,0.0011214101687073708,0.01776434015482664,0.8341325442306697,9.827602198697605e-08,3.41520140264538e-08,True,1012,708.077986722812,0,0,0.022411382984312358,544060.065933573,outputs/Mach_interpolation/naca0012/iso/hessian/eig/h0.025/aoa2.00/M2.70-2.80/drift_ffd/gmin0.001
eig,0.025,mach,2.0,2.8,2.9,23548,ffd,0.001,5,0.007369513493909027,0.0011202049327288172,0.0014079374380853112,2.5457639601038045,0.09242403507232666,0.3513453159070512,nan,nan,nan,0.012473685919155647,0.00022446729525179657,0.00031688272421692546,0.0010489841730524586,0.0001763045011058503,0.00042436057401730605,0.049223017941003096,0.049877999196430295,0.04953111506720458,0.07972839343197863,0.0485419456352501,,0.021164951051461836,0.0018669128985223035,0.004385376839539364,nan,nan,nan,0.34492911477854243,1.0021499417172766,0.8666680194060558,nan,nan,nan,607.4743486884981,0.4357087407261133,607.9100574292243,28.285602686926723,0.38149730674922466,28.667099993675947,0.0010402565822005272,0.01775904931128025,0.8360135369002819,9.797610900363907e-08,3.09331721201286e-08,True,915,607.4743486884981,0,0,0.01804083410900583,72.40064591309329,outputs/Mach_interpolation/naca0012/iso/hessian/eig/h0.025/aoa2.00/M2.80-2.90/drift_ffd/gmin0.001
eig,0.025,mach,0.0,0.8,0.9,23548,ffd,0.01,2,0.021477983234326068,0.023340495322464398,0.02069282244865053,0.5392516067626396,0.4341567218303679,0.4704005302783578,nan,nan,nan,0.006287196306574738,0.002194889800959858,0.01973424185390393,0.0005444250249511731,0.0011406771668571467,0.001350625787537862,0.0026156785555324657,0.003472331325497623,0.002286360029693496,0.04602296675976563,0.0012042733848182956,,0.05010339851366841,0.05436803577402452,0.012110735794983169,nan,nan,nan,0.5030222317298901,0.9997669412075901,0.6635320822720236,nan,nan,nan,714.4040739280172,0.4728584409458563,714.876932368963,0.011048751068301499,0.4075451800599694,0.4185939311282709,0.001204614993184805,0.019493750063702464,0.9011042390484363,8.332688361534224e-08,2.6547563259184664e-08,True,140,714.4040739280172,0,0,0.04041357176092292,254.3291089364688,outputs/Mach_interpolation/naca0012/iso/hessian/eig/h0.025/M0.80-0.90/drift_ffd/gmin0.01
eig,0.025,mach,0.0,0.9,1.0,23548,ffd,0.01,2,0.021387655664625842,0.029057661532371486,0.008961569703089157,0.4144411424826049,0.5637418031692505,0.5628250155941315,nan,nan,nan,0.010399149354996782,0.0015857134560530004,0.005942805751220651,0.001861744552585994,0.0009921530728408884,0.002316764082295173,0.004569282449967365,0.003231997929473239,0.003808174161249631,0.08889940095738784,0.0019486100606276799,,0.035092283247360884,0.06616363696814194,0.02493817669636522,nan,nan,nan,0.9962518903932656,1.0416204936663231,0.7581852751325331,nan,nan,nan,706.9319568609935,0.7727874029951636,707.7047442639887,0.0093511359882541,0.7080338380183093,0.7173849740065634,0.001161171996500343,0.03618334999191575,1.5181713439815212,8.664280315429096e-08,2.7518181379188417e-08,True,145,706.9319568609935,0,0,0.07116810474195089,35849.64264770752,outputs/Mach_interpolation/naca0012/iso/hessian/eig/h0.025/M0.90-1.00/drift_ffd/gmin0.01
eig,0.025,mach,0.0,1.0,1.1,23548,ffd,0.01,2,0.02914614537256254,0.029569762679791278,0.011086574479924859,0.7015658259544996,0.5999207735061646,0.4968964909632104,nan,nan,nan,0.008220539942107289,0.0009745000508351448,0.011104575930622465,0.004088551470020477,0.0007717009289351178,0.0009127803807398247,0.008133854606839946,0.0008484240233315544,0.001081227576858565,0.10355119820397703,0.0006436220963663847,,0.08332140664505054,0.06157419357666578,0.03628074639075437,nan,nan,nan,0.6037550460286241,1.1066384017070223,0.9016028041612637,nan,nan,nan,764.0633252775297,0.4857753086835146,764.5491005862132,0.009977960027754307,0.4165942072868347,0.426572167314589,0.001189076341688633,0.01983324158936739,0.9234019946306944,7.460983164619961e-08,2.694279775746352e-08,True,157,764.0633252775297,0,0,0.06190156915099093,2496.7153933282325,outputs/Mach_interpolation/naca0012/iso/hessian/eig/h0.025/M1.00-1.10/drift_ffd/gmin0.01
eig,0.025,mach,0.0,1.1,1.2,23548,ffd,0.01,2,0.024517552281600467,0.026410086575178234,0.010495363346332252,0.3294053010702258,0.3402608156204223,0.5422775297720983,nan,nan,nan,0.0018862605371294389,0.00026728502066358643,0.007726646682431189,0.0032355760837672787,0.0005891711850093081,0.00105075867351521,0.004670603301676226,0.0007910481083013683,0.0016217930722943435,0.10104820265022862,0.00045845497549726593,,0.013774550031108808,0.0354588181357687,0.021100298309219147,nan,nan,nan,0.7919884019912297,1.0078254631224361,0.5779668500669793,nan,nan,nan,918.8582049919933,0.4780749900091905,919.3362799820025,0.009980784001527354,0.40920991901657544,0.4191907030181028,0.0010904039954766631,0.019655568001326174,0.908032874984201,9.940468181923734e-08,4.849251599980835e-08,True,196,918.8582049919933,0,0,0.027931710146791033,280097.0249570155,outputs/Mach_interpolation/naca0012/iso/hessian/eig/h0.025/M1.10-1.20/drift_ffd/gmin0.01
eig,0.025,mach,0.0,1.2,1.3,23548,ffd,0.01,2,0.023797169417012806,0.022609540629959877,0.01010982549009215,0.5511225142277475,0.37157476544380197,0.5676972414951533,nan,nan,nan,0.004271270076442025,0.00019071674470029962,0.0071277353648204304,0.006323734303470226,0.0007552199556830961,0.0017227184764422138,0.01021416696482681,0.00041841563996105073,0.0020599210719829007,0.09896135502438419,0.0006784077242135195,,0.028423935204664814,0.08188345061228061,0.027823533548568608,nan,nan,nan,0.8637182457054527,1.0318707990445084,0.6399045323691234,nan,nan,nan,836.3795060003176,0.4859271515160799,836.8654331518337,0.009829680435359478,0.4186232415959239,0.4284529220312834,0.0011484809219837189,0.02034112438559532,0.926042664796114,8.479432267449738e-08,3.868473547990899e-08,True,175,836.3795060003176,0,0,0.07561692073162823,10504445.311951693,outputs/Mach_interpolation/naca0012/iso/hessian/eig/h0.025/M1.20-1.30/drift_ffd/gmin0.01
eig,0.025,mach,0.0,1.3,1.4,23548,ffd,0.01,2,0.023967889291970926,0.018135030815605028,0.007322013576182788,0.6520492950322035,0.42035608887672415,0.548182528534186,nan,nan,nan,0.005787812935789218,0.00013126764113339303,0.007358189181217746,0.0029463436489750496,0.00046834239629559054,0.0018246382303452487,0.004797744489818437,0.00041768455964338614,0.0029010597002998386,0.09743348305194131,0.0003854535664023596,,0.03487243605422369,0.07992817366683808,0.02506155670191128,nan,nan,nan,0.7120262837784584,1.0007382264342448,0.6842479324212751,nan,nan,nan,1050.5267003629124,0.47916007600724697,1051.0058604389196,0.01009040791541338,0.41541344893630594,0.4255038568517193,0.0011349529959261417,0.020047841942869127,0.9157583239721134,7.915345534570406e-08,3.5920443155306024e-08,True,211,1050.5267003629124,0,0,0.08181374246092107,186.3930734159111,outputs/Mach_interpolation/naca0012/iso/hessian/eig/h0.025/M1.30-1.40/drift_ffd/gmin0.01
eig,0.025,mach,0.0,1.4,1.5,23548,ffd,0.01,2,0.02343167429621539,0.013551469054970653,0.005388261984390099,0.8369824555473162,0.5202486753463746,0.44087025973364014,nan,nan,nan,0.012654042608477746,0.00011433794153664943,0.004891708817527548,0.00029696892997329834,0.00028875417339903787,0.00037463555983510585,0.0008702312944591238,0.00010989380886875516,0.0005518770006504672,0.09638692132673897,0.00028859082353992926,,0.03986605950934799,0.06513321512364202,0.023742041429627596,nan,nan,nan,0.7398199800247947,0.9130213919572806,0.7277954717158902,nan,nan,nan,390.45712187420577,0.44864968676120043,390.90577156096697,27.028285805135965,0.3947238503023982,27.423009655438364,0.00106126070022583,0.018119114451110363,0.8625571979209781,7.933250856240193e-08,1.753773208259122e-08,True,152,390.45712187420577,0,0,0.08403613735353287,4156.998011697589,outputs/Mach_interpolation/naca0012/iso/hessian/eig/h0.025/M1.40-1.50/drift_ffd/gmin0.01
eig,0.025,mach,0.0,1.5,1.6,23548,ffd,0.01,2,0.023524422311232793,0.010434668505040013,0.00453863614086832,1.1506091737950574,0.4329843521118164,0.4226627739402199,nan,nan,nan,0.021153450551559434,0.00023711260078121565,0.002982487233622874,0.0004442245656389882,0.00032683943141845293,0.0015743727028935956,0.0014814909540152136,0.0007535096770369227,0.001693816151038659,0.09540550706252164,0.00037712346087783984,,0.043622767873904095,0.048759325881880505,0.02261099001320986,nan,nan,nan,0.6029797521670249,0.7426430993755051,0.7633240372468654,nan,nan,nan,739.9997728540329,0.7684987519751303,740.768271606008,0.005722236994188279,0.6973127120290883,0.7030349490232766,0.0010983049869537354,0.036077711964026093,1.5029895959887654,8.11103451070494e-08,3.929380500455367e-08,True,157,739.9997728540329,0,0,0.0851510378012275,2495.3816657215266,outputs/Mach_interpolation/naca0012/iso/hessian/eig/h0.025/M1.50-1.60/drift_ffd/gmin0.01
eig,0.025,mach,0.0,1.6,1.7,23548,ffd,0.01,2,0.02461088799823074,0.00903601512107888,0.006620129002678064,1.2080791150326058,1.0806956678628923,1.0873955183483368,nan,nan,nan,0.02314266115439918,0.0028420745649762246,0.0033577244334882317,0.0035693652509331173,0.0030582568376252197,0.0038806681177405693,0.000575438944602252,0.0007963798214780307,0.0005751199392542251,0.09110144393464797,0.003606047375843329,,0.05758924892743256,0.03830452694661601,0.036488025598228606,nan,nan,nan,0.4793840171517195,0.7474808539121909,0.7460983382738776,nan,nan,nan,428.99026355706155,0.4450639430433512,429.4353275001049,0.008251569233834743,0.39291364792734385,0.4011652171611786,0.0010073687881231308,0.017940014600753784,0.8569275988265872,7.488881559325478e-08,3.452178548163929e-08,True,167,428.99026355706155,0,0,0.07851120434267353,12238.923405203615,outputs/Mach_interpolation/naca0012/iso/hessian/eig/h0.025/M1.60-1.70/drift_ffd/gmin0.01
eig,0.025,mach,0.0,1.7,1.8,23548,ffd,0.01,2,0.022234682938229736,0.00790744464315251,0.004461160087830221,1.5067146341197484,0.4973820686340332,0.48970526022759087,nan,nan,nan,0.02979241050349753,0.0015946961794066658,0.0026572402386247484,0.00213126265932283,0.0005846794062010577,0.001792686162503657,0.003253594236727446,0.0011723014067434414,0.0029079074756760454,0.09321922992576821,0.0008472606640478158,,0.04897454938428017,0.03865786459642868,0.024780551143726286,nan,nan,nan,0.507140048746917,0.9263115998807491,0.7361596831490019,nan,nan,nan,390.5481162336655,0.6764152403920889,391.2245314740576,0.008405310101807117,0.6262406497262418,0.6346459598280489,0.0010815500281751156,0.03100305236876011,1.3347434173338115,9.386444688175288e-08,4.409824093101074e-08,True,153,390.5481162336655,0,0,0.09459784167391225,148.67133763352504,outputs/Mach_interpolation/naca0012/iso/hessian/eig/h0.025/M1.70-1.80/drift_ffd/gmin0.01
eig,0.025,mach,0.0,1.8,1.9,23548,ffd,0.01,2,0.02170932557540684,0.006111940380036422,0.0034085003268596965,1.7356300420569888,0.3959732532501221,0.4064901934255087,nan,nan,nan,0.020242076782351345,0.000723007261232026,0.0012275738846598118,0.002384586774282596,0.00027057334630694306,0.0006593129108660113,0.00278921089128678,0.0037104519301695087,0.003318696372891031,0.08537450839473235,0.0025772976030083946,,0.04716903894690173,0.02392847807161358,0.016705395333208917,nan,nan,nan,0.3476264524747748,0.9473895826249251,0.7533351215952694,nan,nan,nan,952.1507271397859,0.48488664627075195,952.6356137860566,0.009788237512111664,0.4198564002290368,0.42964463774114847,0.0011987462639808655,0.01978930551558733,0.9257339043542743,8.683756824723332e-08,3.6772008584771446e-08,True,192,952.1507271397859,0,0,0.09724350396906194,298.48266819436543,outputs/Mach_interpolation/naca0012/iso/hessian/eig/h0.025/M1.80-1.90/drift_ffd/gmin0.01
eig,0.025,mach,0.0,1.9,2.0,23548,ffd,0.01,2,0.020728919224754016,0.004777764488118775,0.002955255856074452,1.8891165094319144,0.3449802517890932,0.4448948178002694,nan,nan,nan,0.016458978966578372,0.0002781203042832288,0.000569818352582944,0.0030761876393572783,0.00022942479697547362,0.00123620222166391,0.003698062860733444,0.005530893423178863,0.005126661289227451,0.07863133521688818,0.005018376648966553,,0.04970054447297152,0.015972340615512743,0.013383734081342543,nan,nan,nan,0.3757377461218276,1.0005664357969053,0.7292128053676212,nan,nan,nan,693.430770610983,0.470038482977543,693.9008090939606,0.0111555409966968,0.4077395519707352,0.418895092967432,0.0013044209918007255,0.01985974796116352,0.8989490649546497,9.770065734215905e-08,4.2985810850694715e-08,True,141,693.430770610983,0,0,0.08832089566029303,77.96289395084845,outputs/Mach_interpolation/naca0012/iso/hessian/eig/h0.025/M1.90-2.00/drift_ffd/gmin0.01
eig,0.025,mach,0.0,2.0,2.1,23548,ffd,0.01,2,0.02044557758650198,0.0054225308689139625,0.00648855649736984,1.7042519281344937,0.6713736489415169,1.012003886236983,nan,nan,nan,0.029638737950678853,0.003969712926709291,0.003713337151868575,0.0021713150198916587,0.0015768844119595613,0.0019609734298914566,0.00488105652468601,0.005530940431691921,0.005079423475840697,0.08404322062889444,0.00430398665330389,,0.04985818291429821,0.02964305529111307,0.03704934302637167,nan,nan,nan,0.32540163752328877,0.7730521928332327,0.6747769983829787,nan,nan,nan,422.19020603690296,0.43707351572811604,422.6272795526311,27.3609513444826,0.38243136927485466,27.743382713757455,0.00112829077988863,0.017606869339942932,0.8382505215704441,8.290561126500506e-08,2.9356389701180362e-08,True,164,422.19020603690296,0,0,0.10065679692937356,495296.3272715416,outputs/Mach_interpolation/naca0012/iso/hessian/eig/h0.025/M2.00-2.10/drift_ffd/gmin0.01
eig,0.025,mach,0.0,2.1,2.2,23548,ffd,0.01,2,0.02033179936580301,0.0037368970013583764,0.0029594571066217145,1.7707119550598445,0.8750494778156281,0.8540023765583962,nan,nan,nan,0.031761608013057135,0.0004691653697344311,0.0004978366193309784,0.0041680622867104,0.0016521043121605272,0.002230273083165716,0.0039340671818392445,0.006517725092787959,0.006154509546872214,0.08670235177132207,0.006969910914451998,,0.045540747331010566,0.018983298846759884,0.017964008721896844,nan,nan,nan,0.27796388722591553,0.8633783628645161,0.8492344722684776,nan,nan,nan,483.35975494328886,0.43489736784249544,483.79465231113136,27.58507094439119,0.37922243028879166,27.964293374679983,0.0010674502700567245,0.01782138179987669,0.8330149883404374,7.941254054344427e-08,3.356133348457287e-08,True,180,483.35975494328886,0,0,0.09860711867564056,49.673819970876266,outputs/Mach_interpolation/naca0012/iso/hessian/eig/h0.025/M2.10-2.20/drift_ffd/gmin0.01
eig,0.025,mach,0.0,2.2,2.3,23548,ffd,0.01,2,0.020552589761478113,0.002605523954210225,0.0028319564118908878,1.8201071699676927,0.40266804695129377,0.5157102464503314,nan,nan,nan,0.02973878278620045,0.00014648248240959092,0.00045478367065041357,0.005376650021969368,0.0004187146507091942,0.0016875653094655658,0.0037159183418769355,0.007457386512014414,0.006291157376525679,0.08362252712638468,0.0069628282429214355,,0.04336789995096854,0.006594855496488351,0.012364601307054766,nan,nan,nan,0.23046447986922738,0.9932496330870492,0.7136231847325407,nan,nan,nan,394.90482021216303,0.48622899129986763,395.3910492034629,0.008400297723710537,0.38157158251851797,0.3899718802422285,0.001122182235121727,0.01760044600814581,0.8865260444581509,6.389487516855752e-08,2.0024770928067536e-08,True,148,394.90482021216303,0,0,0.1130832625901055,53.03246108476764,outputs/Mach_interpolation/naca0012/iso/hessian/eig/h0.025/M2.20-2.30/drift_ffd/gmin0.01
eig,0.025,mach,0.0,2.3,2.4,23548,ffd,0.01,2,0.019865698011934285,0.0018929661707917439,0.0018111706042854446,2.1045224935528424,0.09980418682098424,0.16243405080452522,nan,nan,nan,0.02876868421849164,9.085157435999303e-05,0.0007117000311400877,0.004950231750604231,0.0001066260988286508,0.0011545309516809924,0.004430912968840099,0.00876171863955074,0.008260534314927646,0.08106893552139874,0.008387899900902305,,0.043233016940418895,0.004184887059432906,0.0066745849045416715,nan,nan,nan,0.23584759460438312,0.9951755272529581,0.970675329452795,nan,nan,nan,692.8874965129653,0.47611420101020485,693.3636107139755,39.69468401407357,0.4123597440775484,40.10704375815112,0.0013497660402208567,0.019573603058233857,0.9094001500634477,9.37368529463356e-08,3.0832130491658556e-08,True,138,692.8874965129653,0,0,0.0922749354055474,4.563873822396493,outputs/Mach_interpolation/naca0012/iso/hessian/eig/h0.025/M2.30-2.40/drift_ffd/gmin0.01
eig,0.025,mach,0.0,2.4,2.5,23548,ffd,0.01,2,0.019617204449083478,0.001440097699525693,0.0016184212896003549,2.1374296374491992,0.153633713722229,0.21979098975005984,nan,nan,nan,0.02939564736692908,0.0003315946024186796,0.00024542641363889086,0.0062805873855362035,0.0004011595603640153,0.0017309640324486963,0.004734851567623668,0.009678528660855695,0.009003474288160403,0.07950355921433928,0.009732829617564685,,0.04399887005802889,0.0037174710797485016,0.005577420770917,nan,nan,nan,0.22459800045314846,1.0464977138967224,0.9255227106817024,nan,nan,nan,385.56787810102105,0.4343766891397536,386.0022547901608,27.87763128383085,0.38087826780974865,28.2585095516406,0.0009710029698908329,0.01765949185937643,0.8338919030502439,8.377599414188808e-08,2.994216120000166e-08,True,146,385.56787810102105,0,0,0.09084189273275102,3.5058871259139575,outputs/Mach_interpolation/naca0012/iso/hessian/eig/h0.025/M2.40-2.50/drift_ffd/gmin0.01
eig,0.025,mach,0.0,2.5,2.6,23548,ffd,0.01,2,0.019274928053252646,0.001327092010334764,0.00153529727012844,2.2224225950723357,0.13075394630432124,0.3542543373145719,nan,nan,nan,0.030773223017405964,0.00023016241640120652,0.00047699277800119296,0.005351665494000269,0.0004022947341235444,0.001253907411518831,0.004386732526802303,0.00954584087264791,0.008714705718529722,0.07849810795467219,0.008328256821915243,,0.04505460911988659,0.0031531496666385036,0.0059777900204535375,nan,nan,nan,0.18029785716979402,0.9973900450641393,0.85649294116464,nan,nan,nan,340.5226202700287,0.4359083818271756,340.9585286518559,29.596750024706125,0.3769865743815899,29.973736599087715,0.001107669435441494,0.017797096632421017,0.8318027770146728,7.36110514765187e-08,2.5387609227155787e-08,True,130,340.5226202700287,0,0,0.09333660782063653,3.9899065448209914,outputs/Mach_interpolation/naca0012/iso/hessian/eig/h0.025/M2.50-2.60/drift_ffd/gmin0.01
eig,0.025,mach,0.0,2.6,2.7,23548,ffd,0.01,2,0.019294904706648644,0.0011827071554286006,0.001776440233557941,2.4981360602196685,0.137337017059326,0.6118797774809024,nan,nan,nan,0.031065953617740543,7.904633389177617e-05,0.0011179931038266349,0.006023790616597006,0.00012958774378914339,0.0008982996274185845,0.00335886538981637,0.009035537572645679,0.008380301676338962,0.07695680231117681,0.008352429290458012,,0.04628273690200697,0.00211248338829067,0.009820792787929947,nan,nan,nan,0.1702886032176489,0.9961751366067619,0.6916827571881513,nan,nan,nan,355.55740007944405,0.4319737209007144,355.98937380034477,28.23423264361918,0.37824788969010115,28.61248053330928,0.0010595778003335,0.017614657059311867,0.8288988601416349,7.08099667789952e-08,1.5232903961621047e-08,True,140,355.55740007944405,0,0,0.09126359102572149,2.8358128670380047,outputs/Mach_interpolation/naca0012/iso/hessian/eig/h0.025/M2.60-2.70/drift_ffd/gmin0.01
eig,0.025,mach,0.0,2.7,2.8,23548,ffd,0.01,2,0.021439214000227937,0.005920947177049742,0.006154985946095711,2.4250280627515663,2.0625467598438267,2.2954989934173304,nan,nan,nan,0.03145518469720391,0.002935581070613583,0.006179780882266734,0.008623273315846976,0.005766623451982331,0.005640508505206464,0.002230295229759687,0.00818762129727204,0.008505037288739086,0.07619629039920942,0.010222442158535218,,0.048345540214248105,0.02768547012560233,0.03565749161674555,nan,nan,nan,0.1700529359917385,0.8397993726170435,0.7010005100656226,nan,nan,nan,308.3211996201426,0.7136195506900549,309.03481917083263,28.370359097141773,0.6620073728263378,29.03236646996811,0.0010723969899117947,0.033272399101406336,1.409975266084075,9.043983251189047e-08,2.5880664822825302e-08,True,119,308.3211996201426,0,0,0.10456528137220174,40.49401224897339,outputs/Mach_interpolation/naca0012/iso/hessian/eig/h0.025/M2.70-2.80/drift_ffd/gmin0.01
eig,0.025,mach,0.0,2.8,2.9,23548,ffd,0.01,2,0.019155261259686356,0.0011401969079288044,0.0011402004896989342,2.4373048998263833,0.15338668823242152,0.1533859952399088,nan,nan,nan,0.03511508125742967,0.00021030966516705373,0.00021031460665605104,0.0008805752948392327,0.0002895254210978,0.0002895226204764625,0.0006496176510789227,0.0006285290856446224,0.0006284875561276886,0.08017598229587561,0.0006272627035634155,,0.034725075766182834,0.0021178539458038535,0.0021178474944549093,nan,nan,nan,0.136962320869023,0.9976829462038905,0.9976797369584408,nan,nan,nan,825.8090705440263,0.47121172602055594,826.2802822700469,36.58169070701115,0.40886260400293395,36.99055331101408,0.0010995370103046298,0.019136046001221985,0.9003124769660644,7.858954731432277e-08,2.7254069116835413e-08,True,163,825.8090705440263,0,0,0.08911892080421624,3.1827361440744144,outputs/Mach_interpolation/naca0012/iso/hessian/eig/h0.025/M2.80-2.90/drift_ffd/gmin0.01
eig,0.025,mach,0.0,2.9,3.0,23548,ffd,0.01,2,0.01862360324432789,0.0010260359102995922,0.0010260400496400522,2.5802670198095643,0.1009523868560791,0.1009523868560791,nan,nan,nan,0.03409749135610548,0.00011604677142271357,0.00011605595089467852,0.001188159959674701,0.00012861765654282253,0.0001286070617238233,0.0008061879939958565,0.0020612118462765166,0.002061165670074375,0.07778761795800776,0.0013492652731903064,,0.03491208189741427,0.001838788359388349,0.0018387932273774528,nan,nan,nan,0.13004169028237453,0.9982885972984042,0.998284815019033,nan,nan,nan,345.42953135911375,0.4663803023286164,345.89591166144237,28.760296986903995,0.6051287418231368,29.365425728727132,0.00030992692336440086,0.017490787897258997,1.0893121040426195,9.188268901283436e-08,2.9515489401595635e-08,True,129,345.42953135911375,0,0,0.08783262912394355,1.8450984580128351,outputs/Mach_interpolation/naca0012/iso/hessian/eig/h0.025/M2.90-3.00/drift_ffd/gmin0.01
eig,0.025,mach,2.0,0.8,0.9,23548,ffd,0.01,2,0.02163714293059449,0.02487542138029235,0.022217160153816144,0.7115190118839181,0.5464495897293091,0.5948146712499629,nan,nan,nan,0.010604289803500587,0.002176073245361046,0.030790493383153997,0.056782529389868844,0.002849561204956904,0.009107840652722084,0.2270149789627211,0.25399410931522715,0.2526220659404745,0.046312903564739286,0.2535516525864444,,0.05089110366831084,0.06248535257348246,0.01886392497676249,nan,nan,nan,0.5349281504653984,1.0028023593842412,0.5161213931907471,nan,nan,nan,355.18361723516136,0.438873372040689,355.62249060720205,27.905392590910196,0.38379500713199377,28.28918759804219,0.0010731667280197144,0.017723871394991875,0.841468540020287,9.153007463069684e-08,3.846730582165042e-08,True,133,355.18361723516136,0,0,0.05856960430761991,333.77960842649577,outputs/Mach_interpolation/naca0012/iso/hessian/eig/h0.025/aoa2.00/M0.80-0.90/drift_ffd/gmin0.01
eig,0.025,mach,2.0,0.9,1.0,23548,ffd,0.01,2,0.023202417488171975,0.02932747431243988,0.009217256754255903,0.6404291015498369,0.5190495610237122,0.7435315747268186,nan,nan,nan,0.0080513579528209,0.0014281042338068176,0.009092208524780288,0.04044776199242425,0.012242044752471688,0.03144160100402002,0.22420269660012976,0.23871986441730053,0.23123790201215866,0.08851231921516327,0.22379281903556875,,0.045460748612646,0.06599485057223593,0.028916808102322254,nan,nan,nan,0.8507343109070831,1.0409545619726022,0.7309695974689783,nan,nan,nan,376.62368218880147,0.7190823801793158,377.3427645689808,26.25451829424128,0.6645725881680846,26.919090882409364,0.0010339408181607723,0.03320560697466135,1.4178976910188794,9.673408740695777e-08,4.7748407311636516e-08,True,149,376.62368218880147,0,0,0.06296610384615807,594.8321585194291,outputs/Mach_interpolation/naca0012/iso/hessian/eig/h0.025/aoa2.00/M0.90-1.00/drift_ffd/gmin0.01
eig,0.025,mach,2.0,1.0,1.1,23548,ffd,0.01,2,0.02871685235509094,0.02952512893783962,0.010854379502364002,0.6838426170299516,0.7138084471225739,0.5930076957626014,nan,nan,nan,0.006027405455186468,0.0009183565878316489,0.01132947353622903,0.033422995623811826,0.0009430008845788386,0.016057808322681236,0.16535728254330617,0.1782330045549274,0.1688463281271151,0.10307138012644176,0.1685281076065708,,0.06397893380674852,0.05719874050729459,0.029277940882757383,nan,nan,nan,0.6663804692227613,1.2129613781011988,0.8031082356128274,nan,nan,nan,768.8751899800263,0.4743822289747186,769.349572209001,33.02698858000804,0.40832466998836026,33.4353132499964,0.0012047149939462543,0.019515321007929742,0.9034312120056711,9.032707826150954e-08,4.278958626899986e-08,True,159,768.8751899800263,0,0,0.04735738803672499,60040.99700056021,outputs/Mach_interpolation/naca0012/iso/hessian/eig/h0.025/aoa2.00/M1.00-1.10/drift_ffd/gmin0.01
eig,0.025,mach,2.0,1.1,1.2,23548,ffd,0.01,2,0.02435980020099986,0.026401132497099238,0.010766440300598987,0.35347198179939465,0.3718847751617431,0.603001248053865,nan,nan,nan,0.0019700986493843445,0.00010529726270250746,0.007505604416963387,0.013408673367001352,0.0008710418694749687,0.0108720044140467,0.1465511717094755,0.15505916724897983,0.1480663671158246,0.10074978110746907,0.147850451261338,,0.018571578860079,0.03637980814104801,0.02247368899748041,nan,nan,nan,1.0223141821592516,1.008742853023684,0.6478833094369035,nan,nan,nan,730.1333457590081,0.47500291402684525,730.6083486730349,33.93621727498248,0.40616822498850524,34.34238549997099,0.0012212300207465887,0.01963723503286019,0.9020351929939352,9.287397517709906e-08,4.745589136577718e-08,True,149,730.1333457590081,0,0,0.03738169174258216,1363784.4776009328,outputs/Mach_interpolation/naca0012/iso/hessian/eig/h0.025/aoa2.00/M1.10-1.20/drift_ffd/gmin0.01
eig,0.025,mach,2.0,1.2,1.3,23548,ffd,0.01,2,0.023590929466234957,0.022672782106855773,0.010085507926687639,0.581340441785613,0.36341125965118426,0.6292061209377828,nan,nan,nan,0.004263298094345185,0.0001508515897616975,0.007607074993598171,0.018062128069876175,0.00033612007623798964,0.009584431759801178,0.1308752176986674,0.1395486612424047,0.13628730688469212,0.09869635447253826,0.13454213046727162,,0.021620204760232794,0.06889668394924245,0.025445853626629888,nan,nan,nan,0.6792626455589925,0.9981536605338279,0.6750076381869835,nan,nan,nan,535.8914416963235,0.7018835581839085,536.5933252545074,25.91535604465753,0.648948123678565,26.564304168336093,0.0011299727484583855,0.0324111869558692,1.3843759270384908,9.209555429379179e-08,4.658821714940736e-08,True,214,535.8914416963235,0,0,0.05191339453005183,7078675.2210622635,outputs/Mach_interpolation/naca0012/iso/hessian/eig/h0.025/aoa2.00/M1.20-1.30/drift_ffd/gmin0.01
eig,0.025,mach,2.0,1.3,1.4,23548,ffd,0.01,2,0.02429563350291187,0.018310647129712396,0.007389103849854015,0.6613781119662892,0.4423632025718689,0.5746739095384622,nan,nan,nan,0.006737164185015374,9.083434584757077e-05,0.007263902151014592,0.014665976005671917,0.0003036951612451951,0.0071606517953409264,0.11635156776268625,0.1275779680415231,0.12523349191959732,0.09721338762878678,0.1237618771482562,,0.03534170389083221,0.07970310819460054,0.02529721866614482,nan,nan,nan,0.8525053924137209,0.9320298622364944,0.6987893220708915,nan,nan,nan,616.5065364851616,0.44242306891828775,616.9489595540799,26.280551843810827,0.3897144068032503,26.670266250614077,0.0009891628287732601,0.01823863387107849,0.8513679979369044,9.219617247424594e-08,4.0777430427678535e-08,True,252,616.5065364851616,0,0,0.09439147047226643,32580.300841448097,outputs/Mach_interpolation/naca0012/iso/hessian/eig/h0.025/aoa2.00/M1.30-1.40/drift_ffd/gmin0.01
eig,0.025,mach,2.0,1.4,1.5,23548,ffd,0.01,2,0.023702924975435666,0.013694445765742247,0.005369946656499514,0.8395264641140228,0.5337103366851808,0.4532547706368688,nan,nan,nan,0.013497412467536623,7.14801789675155e-05,0.004148457240193102,0.012534998725845877,0.0002338716901804233,0.006733202998096506,0.11101297003907781,0.11816051544607961,0.11433632419546028,0.09620202198594992,0.11415620227264779,,0.042157675158115485,0.06649721837118795,0.023884309773776265,nan,nan,nan,0.7650104599174582,0.8524743193756179,0.7587563443475266,nan,nan,nan,414.7440188601613,0.6838546651415527,415.42787352530286,27.405845476780087,0.6323098000138998,28.038155276793987,0.0010580336675047874,0.031392885372042656,1.348623014986515,9.114824983669223e-08,3.700211635606208e-08,True,160,414.7440188601613,0,0,0.09627028224318934,2504.822879911722,outputs/Mach_interpolation/naca0012/iso/hessian/eig/h0.025/aoa2.00/M1.40-1.50/drift_ffd/gmin0.01
eig,0.025,mach,2.0,1.5,1.6,23548,ffd,0.01,2,0.023706467558375317,0.010459993010820902,0.004712323566029307,1.1944172157933903,0.42330573797225934,0.48977313491404717,nan,nan,nan,0.020590310823481322,0.00010734423831164507,0.003594809038616753,0.012140853724176677,0.000362136971465256,0.005252841015466957,0.10209825861905317,0.10887631079472557,0.10684733981810288,0.094986439350618,0.10566167711961695,,0.044827453973638846,0.04789191682569834,0.023795533334182134,nan,nan,nan,0.6156116214652038,1.031739010111765,0.7739071713730512,nan,nan,nan,977.7934875270585,0.481240087072365,978.2747276141308,42.67825193004683,0.4184733259025961,43.09672525594942,0.0011908350279554725,0.020320910960435867,0.9212335450574756,8.435719678345777e-08,3.045457875055838e-08,True,200,977.7934875270585,0,0,0.08580061183783162,3170.2718403525255,outputs/Mach_interpolation/naca0012/iso/hessian/eig/h0.025/aoa2.00/M1.50-1.60/drift_ffd/gmin0.01
eig,0.025,mach,2.0,1.6,1.7,23548,ffd,0.01,2,0.025139547591281314,0.009962466455761113,0.0074454718264235185,1.2734659144177376,1.1230003595352172,1.1427355290536654,nan,nan,nan,0.02208844087266986,0.003241356236484879,0.0031285527999026785,0.01898575681496329,0.005158476458906214,0.01000847083807463,0.09409581209634928,0.1013250669012484,0.09872131855570015,0.09042447682030753,0.10222952064712422,,0.06191165700787317,0.04593297796584159,0.04074744427310084,nan,nan,nan,0.48851714772174465,0.8977220933440156,0.7371069338633138,nan,nan,nan,431.8589067826979,0.4319449821487069,432.2908517648466,27.555055600125343,0.38206274807453156,27.937118348199874,0.0010414998978376389,0.01764885801821947,0.832700562197715,8.450220878586379e-08,2.898145483066484e-08,True,173,431.8589067826979,0,0,0.07993524871780855,37827.36806461097,outputs/Mach_interpolation/naca0012/iso/hessian/eig/h0.025/aoa2.00/M1.60-1.70/drift_ffd/gmin0.01
eig,0.025,mach,2.0,1.7,1.8,23548,ffd,0.01,2,0.02264897727668303,0.0077349693027059675,0.004518431212913388,1.4998708399611,0.48794112391769884,0.4509712659559703,nan,nan,nan,0.02948586542721781,0.0018236928894858092,0.001561463128530409,0.015181717926211155,0.0010598630260169944,0.008738425903577816,0.08375975661139191,0.09142931771713046,0.08593924338587504,0.0929698445212187,0.08947056866533067,,0.04919217467784093,0.03475205390788943,0.023357035846565247,nan,nan,nan,0.5266780043461021,0.9003384059121554,0.7433648451684339,nan,nan,nan,823.762250402011,0.4743520859628916,824.2366024879739,36.79239608440548,0.4083086708560586,37.20070475526154,0.0011196378618478775,0.01928404439240694,0.9030672153457999,9.990767324552507e-08,4.523006873006933e-08,True,161,823.762250402011,0,0,0.09354974788289785,367.3268437664178,outputs/Mach_interpolation/naca0012/iso/hessian/eig/h0.025/aoa2.00/M1.70-1.80/drift_ffd/gmin0.01
eig,0.025,mach,2.0,1.8,1.9,23548,ffd,0.01,2,0.022074768032913313,0.006665719217986872,0.003843430891462789,1.7484989302989733,0.48552650213241577,0.5894487169500854,nan,nan,nan,0.0195427065561531,0.0004758522250022394,0.0014147510893158244,0.015237615464530833,0.001277736290961713,0.0035447870482517773,0.07965623698723233,0.08590677515330031,0.08495206549915792,0.08523648122131047,0.08523146861963012,,0.046665814243678966,0.02521792321512362,0.0193202974288159,nan,nan,nan,0.34380391044862413,0.8834556490707701,0.6508915614529672,nan,nan,nan,795.1858822796494,0.4818801125511527,795.6677623922005,34.80522559210658,0.41937934421002865,35.22460493631661,0.0012944350019097328,0.02040280867367983,0.9229626832529902,9.235010178798575e-08,3.761795163939268e-08,True,163,795.1858822796494,0,0,0.09416886993143832,345.12972121047017,outputs/Mach_interpolation/naca0012/iso/hessian/eig/h0.025/aoa2.00/M1.80-1.90/drift_ffd/gmin0.01
eig,0.025,mach,2.0,1.9,2.0,23548,ffd,0.01,2,0.02066363920865157,0.004786139168248332,0.002850496496690632,1.8656478085012598,0.31333452463150024,0.4525401043711258,nan,nan,nan,0.016159968504383344,8.197371771751566e-05,0.00019194916510725647,0.014981689271469858,0.0002192487407567035,0.0011902986550827227,0.07362171967214753,0.08100056813855426,0.08035378858884075,0.07871285541311167,0.07858738516796132,,0.05103995869415626,0.016443951542314702,0.012620955498454246,nan,nan,nan,0.3815766437171688,0.9947981682973318,0.730029808056508,nan,nan,nan,1006.2328784469864,0.4739773829933256,1006.7068558299798,39.774862190010026,0.40542505896883085,40.18028724897886,0.0011076369555667043,0.019135003036353737,0.8996505020186305,9.689652280542305e-08,4.187973578806188e-08,True,214,1006.2328784469864,0,0,0.08940387554248226,200.18156654555654,outputs/Mach_interpolation/naca0012/iso/hessian/eig/h0.025/aoa2.00/M1.90-2.00/drift_ffd/gmin0.01
eig,0.025,mach,2.0,2.0,2.1,23548,ffd,0.01,2,0.022285806666284727,0.005973948565935676,0.006499941634738358,1.90888849185411,0.9754075706005099,1.0737055283572752,nan,nan,nan,0.022369680997270748,0.004887494475107884,0.00525532089850692,0.014196940394548475,0.0015070894829231568,0.0015043924103561373,0.0685869082652412,0.07660609283179425,0.07570543658754028,0.07884709744016573,0.07486050414206043,,0.0503043742285921,0.025196223659989466,0.026749938107829732,nan,nan,nan,0.35833079372848714,0.838543741720407,0.7143431315150421,nan,nan,nan,396.5052803521976,0.43715501111000776,396.9424353633076,27.385005434975028,0.38248975295573473,27.767495187930763,0.0010987268760800362,0.017874902114272118,0.838632854167372,9.760224095600734e-08,3.6861488017536704e-08,True,159,396.5052803521976,0,0,0.07871762490023895,543667.9191111114,outputs/Mach_interpolation/naca0012/iso/hessian/eig/h0.025/aoa2.00/M2.00-2.10/drift_ffd/gmin0.01
eig,0.025,mach,2.0,2.1,2.2,23548,ffd,0.01,2,0.0205146995740373,0.0040856466500802085,0.0032184518392926755,1.8167739591341912,0.9986584067344666,1.0670182419914755,nan,nan,nan,0.03151748262429301,0.0002753656253236382,0.001393101033398449,0.014551206096872339,0.0015295927208643428,0.0032846562396406176,0.06880258369642482,0.07639497992885894,0.07554106835833696,0.08696294973568151,0.07654752399747672,,0.04679759051039348,0.020614104376690687,0.019275452919069302,nan,nan,nan,0.2569821288231652,0.8752829194343847,0.8126296989113123,nan,nan,nan,406.2234651800245,0.4364029932767153,406.6598681733012,28.08217059355229,0.3816384542733431,28.463809047825634,0.0010239910334348679,0.01794671267271042,0.837014744989574,9.073586326735494e-08,3.5298204098294125e-08,True,160,406.2234651800245,0,0,0.09469834031474753,67.92662185058168,outputs/Mach_interpolation/naca0012/iso/hessian/eig/h0.025/aoa2.00/M2.10-2.20/drift_ffd/gmin0.01
eig,0.025,mach,2.0,2.2,2.3,23548,ffd,0.01,2,0.02053691080267766,0.0025692155808657567,0.002494668816861512,1.992321221887566,0.39345353841781616,0.3467769978477181,nan,nan,nan,0.029244871330740718,0.0002149731936574923,0.0008137737215289514,0.01613671588555312,0.0006874211033934741,0.002908030219090938,0.065114744624014,0.07428250446437734,0.07309467081512044,0.08463860310257505,0.0749362753259302,,0.04307595193136024,0.006178707874263622,0.010133958401088024,nan,nan,nan,0.23243488971730586,0.9822961354230941,0.8087413078975714,nan,nan,nan,450.0476572676562,0.43809490324929357,450.48575217090547,27.660897685214877,0.3847638829611242,28.045661568176,0.0010153213515877724,0.017672632820904255,0.841549342032522,8.531166351133379e-08,2.746671051811318e-08,True,175,450.0476572676562,0,0,0.09328607891712173,47.35462621546381,outputs/Mach_interpolation/naca0012/iso/hessian/eig/h0.025/aoa2.00/M2.20-2.30/drift_ffd/gmin0.01
eig,0.025,mach,2.0,2.3,2.4,23548,ffd,0.01,2,0.020081225714140023,0.0027437829585492766,0.0028142500684191756,2.079291783569004,0.8146533250808714,0.7152839283409107,nan,nan,nan,0.02946751725494547,0.000587593488046949,0.00032527028210232393,0.011716355993644317,0.003186087965579867,0.0022070961624718393,0.06432861061573043,0.073838096138618,0.07313082202589545,0.08245432882508782,0.06898625104470207,,0.04149035798149765,0.011121186752839253,0.011073202755315373,nan,nan,nan,0.18015785934620307,0.9113764010831606,0.822466315923466,nan,nan,nan,718.7391591120977,0.47227329399902374,719.2114324060967,37.40389650501311,0.40543448692187667,37.809330991934985,0.00113471201620996,0.019683498074300587,0.8985313210869208,9.703494718849015e-08,4.130497449562754e-08,True,148,718.7391591120977,0,0,0.0899994182891283,5.486996166087395,outputs/Mach_interpolation/naca0012/iso/hessian/eig/h0.025/aoa2.00/M2.30-2.40/drift_ffd/gmin0.01
eig,0.025,mach,2.0,2.4,2.5,23548,ffd,0.01,2,0.021236497080368132,0.0047135846033301045,0.005094025405480362,2.074241340838749,1.0299310684204102,1.0369585706690727,nan,nan,nan,0.03256841297416691,0.0027934123976160186,0.001068229790183654,0.017559362853389937,0.004328196926897173,0.012541651703581838,0.05926965390494189,0.06872125742858104,0.06423279249930545,0.08221056923076074,0.06783007892185718,,0.04190656845924745,0.017498590037147807,0.019578791324649708,nan,nan,nan,0.1774325495883284,1.0526386454757133,0.9027409732938542,nan,nan,nan,374.0776177709922,0.4278361340984702,374.5054539050907,28.722875020466745,0.3779537305235863,29.10082875099033,0.00032398849725723267,0.017687853425741196,0.823804578743875,9.949550516807903e-08,3.0548022578002515e-08,True,147,374.0776177709922,0,0,0.09922051386835475,24.332685864132245,outputs/Mach_interpolation/naca0012/iso/hessian/eig/h0.025/aoa2.00/M2.40-2.50/drift_ffd/gmin0.01
eig,0.025,mach,2.0,2.5,2.6,23548,ffd,0.01,2,0.020367565842077617,0.0016874377423691082,0.002270259188426076,2.3266981615782854,0.19315731525421143,1.0042979528601523,nan,nan,nan,0.037430957238886044,0.00013302077869409445,0.0008821913782992019,0.008106577016801762,0.00016711713010796817,0.0003001533597493751,0.05329789797182127,0.05686667819984526,0.05671862877276062,0.08597280562489862,0.05429848731717086,,0.0430909461790554,0.0042961201012057535,0.01347332037086566,nan,nan,nan,0.14159658893629867,1.0002403993891071,0.6602843299624209,nan,nan,nan,676.9446393819526,0.4697654126212001,677.4144047945738,36.57968781515956,0.40566236339509487,36.985350178554654,0.0011725863441824913,0.019856342114508152,0.8964623175561428,8.042386667739265e-08,1.807090703785713e-08,True,140,676.9446393819526,0,0,0.09033718836196757,3.497853469735145,outputs/Mach_interpolation/naca0012/iso/hessian/eig/h0.025/aoa2.00/M2.50-2.60/drift_ffd/gmin0.01
eig,0.025,mach,2.0,2.6,2.7,23548,ffd,0.01,2,0.01997150674278571,0.001299205433026986,0.00172796168825709,2.3491538167330743,0.10158257484436062,0.5976326687002149,nan,nan,nan,0.03659549019112621,0.00010314162196327359,0.0017365988862313457,0.006956864667447862,0.00019773598271686602,0.00026935445973592546,0.048096620133673454,0.05120841288781661,0.050945970983072894,0.08413751077269527,0.04995176953340401,,0.039737450934562886,0.0029366050098234044,0.008180506695748838,nan,nan,nan,0.1564411951461039,1.0039563893858003,0.7856824519345286,nan,nan,nan,371.73931233910844,0.7095401268452406,372.4488524659537,28.63518489804119,0.6561231738887727,29.29130807192996,0.0010388861410319805,0.03330410132184625,1.400009733159095,9.426035774140473e-08,2.7429574157059458e-08,True,147,371.73931233910844,0,0,0.08756297414822138,2.764822739486398,outputs/Mach_interpolation/naca0012/iso/hessian/eig/h0.025/aoa2.00/M2.60-2.70/drift_ffd/gmin0.01
eig,0.025,mach,2.0,2.7,2.8,23548,ffd,0.01,2,0.019864486240729645,0.0012522751064992644,0.0019165423115136441,2.3443597705960078,0.5823301792144777,0.5897437750077119,nan,nan,nan,0.03569781279795589,0.00022648585977810061,0.002715048663466244,0.007024268787743058,0.0008123557095437817,0.0004090967297985526,0.04676523108806607,0.05006719951603126,0.04935822734610864,0.0820153128808109,0.04882063241263463,,0.0371319605065418,0.0042095634774460535,0.008079648671857011,nan,nan,nan,0.16687255448496263,1.001845859367781,0.7491096758101294,nan,nan,nan,412.0790408621542,0.42883172491565347,412.50787258706987,28.057270344812423,0.3754679118283093,28.432738256640732,0.0011147302575409412,0.017561483196914196,0.8229791051708162,9.46828198067351e-08,2.6120862119847223e-08,True,156,412.0790408621542,0,0,0.08802649958977597,5.818694883408462,outputs/Mach_interpolation/naca0012/iso/hessian/eig/h0.025/aoa2.00/M2.70-2.80/drift_ffd/gmin0.01
eig,0.025,mach,2.0,2.8,2.9,23548,ffd,0.01,2,0.019343628347098837,0.0011202049327288172,0.0014079374380853112,2.55029367017532,0.09242403507232666,0.3513453159070512,nan,nan,nan,0.034639277907816186,0.00022446729525179657,0.00031688272421692546,0.0074005277828131395,0.0001763045011058503,0.00042436057401730605,0.04595022599647922,0.049877999196430295,0.04953111506720458,0.07972839343197863,0.0485419456352501,,0.036427678611265515,0.0018669128985223035,0.004385376839539364,nan,nan,nan,0.15412047420305205,1.0021499417172766,0.8666680194060558,nan,nan,nan,312.4050318123773,0.4298936706036329,312.8349254829809,28.44369300827384,0.3735050205141306,28.81719802878797,0.0003280751407146454,0.01756514422595501,0.8212972357869148,9.671203127226136e-08,3.453483896254205e-08,True,120,312.4050318123773,0,0,0.08707375738873827,2.0125126149179478,outputs/Mach_interpolation/naca0012/iso/hessian/eig/h0.025/aoa2.00/M2.80-2.90/drift_ffd/gmin0.01
eig,0.025,mach,0.0,0.8,0.9,23548,null,0.0001,8,0.020737558426131883,0.023340495322464398,0.02069282244865053,0.398293582396682,0.4341567218303679,0.4704005302783578,nan,nan,nan,0.0030623323653804144,0.002194889800959858,0.01973424185390393,0.0013424195059790578,0.0011406771668571467,0.001350625787537862,0.0036736384973703926,0.003472331325497623,0.002286360029693496,0.04602296675976563,0.0012042733848182956,,0.04324224382366075,0.05436803577402452,0.012110735794983169,nan,nan,nan,0.8295786324929324,0.9997669412075901,0.6635320822720236,nan,nan,nan,986.8544738719938,0.4768503219820559,987.3313241939759,0.0095357580576092,0.4102500160224736,0.4197857740800828,0.0020447130082175136,0.019289845949970186,0.9084379229461774,1.914225080668075e-07,4.940576122238887e-08,False,3058,986.8544738719938,0,0,0.017809384286178193,4.765927197118248e+59,outputs/Mach_interpolation/naca0012/iso/hessian/eig/h0.025/M0.80-0.90/drift_null/gmin0.0001
eig,0.025,mach,0.0,0.9,1.0,23548,null,0.0001,8,0.019158194524816877,0.029057661532371486,0.008961569703089157,0.4051462723098047,0.5637418031692505,0.5628250155941315,nan,nan,nan,0.0028809483936601387,0.0015857134560530004,0.005942805751220651,0.0019284931428977326,0.0009921530728408884,0.002316764082295173,0.005338216669406876,0.003231997929473239,0.003808174161249631,0.08889940095738784,0.0019486100606276799,,0.04002903317297221,0.06616363696814194,0.02493817669636522,nan,nan,nan,0.8252465410728024,1.0416204936663231,0.7581852751325331,nan,nan,nan,985.6043144017458,0.4763806611299515,986.0806950628757,0.009773759171366692,0.4105563787743449,0.4203301379457116,0.001155594363808632,0.019167635589838028,0.9072635369375348,1.3933826323864196e-06,3.8813599117412345e-07,False,3153,985.6043144017458,0,0,0.0632052982894893,1.7452494574115363e+110,outputs/Mach_interpolation/naca0012/iso/hessian/eig/h0.025/M0.90-1.00/drift_null/gmin0.0001
eig,0.025,mach,0.0,1.0,1.1,23548,null,0.0001,8,0.023995100987261677,0.029569762679791278,0.011086574479924859,0.598149987588824,0.5999207735061646,0.4968964909632104,nan,nan,nan,0.00173698707817779,0.0009745000508351448,0.011104575930622465,0.0010479148246518909,0.0007717009289351178,0.0009127803807398247,0.0012628240595661886,0.0008484240233315544,0.001081227576858565,0.10355119820397703,0.0006436220963663847,,0.05644933676051719,0.06157419357666578,0.03628074639075437,nan,nan,nan,1.029801949876956,1.1066384017070223,0.9016028041612637,nan,nan,nan,871.3115336913615,0.49346334487199783,871.8049970362335,0.009512137621641159,0.4270530194044113,0.4365651570260525,0.0011534616351127625,0.020093522034585476,0.9417665349319577,9.865544825515826e-08,2.7852567797486882e-08,True,2225,871.3115336913615,0,0,0.02086141606453981,6.086483306073659e+122,outputs/Mach_interpolation/naca0012/iso/hessian/eig/h0.025/M1.00-1.10/drift_null/gmin0.0001
eig,0.025,mach,0.0,1.1,1.2,23548,null,0.0001,8,0.01585348401837493,0.026410086575178234,0.010495363346332252,0.32095287800144795,0.3402608156204223,0.5422775297720983,nan,nan,nan,0.0026066427722527463,0.00026728502066358643,0.007726646682431189,0.000801144937068213,0.0005891711850093081,0.00105075867351521,0.0011424383831072774,0.0007910481083013683,0.0016217930722943435,0.10104820265022862,0.00045845497549726593,,0.014652581745111097,0.0354588181357687,0.021100298309219147,nan,nan,nan,0.861058168982984,1.0078254631224361,0.5779668500669793,nan,nan,nan,1098.716268691991,0.4786451840191148,1099.19491387601,0.00956223500543274,0.4105936080159154,0.4201558430213481,0.0011739500041585416,0.019190417020581663,0.909605544002261,9.570874226483284e-08,5.371271162440946e-08,True,2954,1098.716268691991,0,0,0.03403501684141426,2.7833028356703445e+161,outputs/Mach_interpolation/naca0012/iso/hessian/eig/h0.025/M1.10-1.20/drift_null/gmin0.0001
eig,0.025,mach,0.0,1.2,1.3,23548,null,0.0001,8,0.01694557491427655,0.022609540629959877,0.01010982549009215,0.8873547630703714,0.37157476544380197,0.5676972414951533,nan,nan,nan,0.005409960501661127,0.00019071674470029962,0.0071277353648204304,0.0012856445620811749,0.0007552199556830961,0.0017227184764422138,0.0024567739224752535,0.00041841563996105073,0.0020599210719829007,0.09896135502438419,0.0006784077242135195,,0.02166803555580396,0.08188345061228061,0.027823533548568608,nan,nan,nan,0.9065538374584695,1.0318707990445084,0.6399045323691234,nan,nan,nan,1517.5319355772808,0.48263294622302055,1518.0145685235038,0.028915323317050934,0.41058624908328056,0.4395015724003315,0.001140114851295948,0.019249307923018932,0.9136139685288072,0.0960183370424943,0.00824455544236195,False,3536,1517.5319355772808,0,0,0.04613262172482138,1.3002373261674571e+169,outputs/Mach_interpolation/naca0012/iso/hessian/eig/h0.025/M1.20-1.30/drift_null/gmin0.0001
eig,0.025,mach,0.0,1.3,1.4,23548,null,0.0001,8,0.011861384302865041,0.018135030815605028,0.007322013576182788,0.48811436540245534,0.42035608887672415,0.548182528534186,nan,nan,nan,0.006528968920268197,0.00013126764113339303,0.007358189181217746,0.001593995052647684,0.00046834239629559054,0.0018246382303452487,0.0023057826096797873,0.00041768455964338614,0.0029010597002998386,0.09743348305194131,0.0003854535664023596,,0.023176032377955784,0.07992817366683808,0.02506155670191128,nan,nan,nan,0.8995960602321456,1.0007382264342448,0.6842479324212751,nan,nan,nan,1472.5619709879975,0.4826902429922484,1473.0446612309897,0.009967756981495768,0.41293659299844876,0.4229043499799445,0.0011135980021208525,0.0194769770023413,0.9162196859833784,9.341825091269129e-08,6.193539752692614e-08,True,3946,1472.5619709879975,0,0,0.053898722673346916,3.509765148364251e+134,outputs/Mach_interpolation/naca0012/iso/hessian/eig/h0.025/M1.30-1.40/drift_null/gmin0.0001
eig,0.025,mach,0.0,1.4,1.5,23548,null,0.0001,8,0.009202821447067223,0.013551469054970653,0.005388261984390099,0.4107391618698172,0.5202486753463746,0.44087025973364014,nan,nan,nan,0.0034534732041192635,0.00011433794153664943,0.004891708817527548,0.0005895154532226342,0.00028875417339903787,0.00037463555983510585,0.001092621969832009,0.00010989380886875516,0.0005518770006504672,0.09638692132673897,0.00028859082353992926,,0.022379491138796677,0.06513321512364202,0.023742041429627596,nan,nan,nan,0.7480835264511302,0.9130213919572806,0.7277954717158902,nan,nan,nan,686.620681187138,0.4496547160670161,687.070335903205,30.215497240424156,0.3945091897621751,30.61000643018633,0.000994889996945858,0.018312270753085613,0.8634741296991706,4.0838244785845745e-07,1.8623276561683313e-07,False,3667,686.620681187138,0,0,0.034305638852228953,7.135603911442758e+123,outputs/Mach_interpolation/naca0012/iso/hessian/eig/h0.025/M1.40-1.50/drift_null/gmin0.0001
eig,0.025,mach,0.0,1.5,1.6,23548,null,0.0001,8,0.009055615717615293,0.010434668505040013,0.00453863614086832,0.48965810641358454,0.4329843521118164,0.4226627739402199,nan,nan,nan,0.0014862479540766486,0.00023711260078121565,0.002982487233622874,0.0005218068997699686,0.00032683943141845293,0.0015743727028935956,0.0006312523945638808,0.0007535096770369227,0.001693816151038659,0.09540550706252164,0.00037712346087783984,,0.02020774803372186,0.048759325881880505,0.02261099001320986,nan,nan,nan,0.6915195422813837,0.7426430993755051,0.7633240372468654,nan,nan,nan,1113.6522931070067,0.47469291801098734,1114.1269860250177,0.0055891069932840765,0.41110204003052786,0.41669114702381194,0.0010872849961742759,0.01911205897340551,0.9059965139604174,1.3618483173161167e-05,3.955320602783556e-06,False,2988,1113.6522931070067,0,0,0.021329085850703318,5.58774921618763e+87,outputs/Mach_interpolation/naca0012/iso/hessian/eig/h0.025/M1.50-1.60/drift_null/gmin0.0001
eig,0.025,mach,0.0,1.6,1.7,23548,null,0.0001,8,0.01001128897777938,0.00903601512107888,0.006620129002678064,1.0409652678875319,1.0806956678628923,1.0873955183483368,nan,nan,nan,0.0014813843084006068,0.0028420745649762246,0.0033577244334882317,0.003128161473040144,0.0030582568376252197,0.0038806681177405693,0.0008091590519783613,0.0007963798214780307,0.0005751199392542251,0.09110144393464797,0.003606047375843329,,0.0347936133269505,0.03830452694661601,0.036488025598228606,nan,nan,nan,0.7119859998226103,0.7474808539121909,0.7460983382738776,nan,nan,nan,585.7118357680738,0.44615210592746735,586.1579878740013,0.008528826758265495,0.3939204253256321,0.4024492520838976,0.0009966930374503136,0.018125654198229313,0.8591976426541805,9.627262897993205e-08,2.846954615503077e-08,True,2801,585.7118357680738,0,0,0.011994538544767099,7.159531405628664e+94,outputs/Mach_interpolation/naca0012/iso/hessian/eig/h0.025/M1.60-1.70/drift_null/gmin0.0001
eig,0.025,mach,0.0,1.7,1.8,23548,null,0.0001,8,0.007476684530866271,0.00790744464315251,0.0044611600876320575,0.6264526321858805,0.4973820686340332,0.4897052603041243,nan,nan,nan,0.0027066170334187085,0.0015946961794066658,0.002657240236155309,0.0009551705334293946,0.0005846794062010577,0.0017926861606309573,0.0006924110174055165,0.0011723014067434414,0.002907907473316277,0.09321922992576821,0.0008472606640478158,,0.022626696608401206,0.03865786459642868,0.024780551145254404,nan,nan,nan,0.7446058448011912,0.9263115998807491,0.7361596832244927,nan,nan,nan,657.0197277916595,0.4388503390364349,657.458578130696,0.00811926694586873,0.3827100032940507,0.3908292702399194,0.001070614904165268,0.017622402869164944,0.8402555729262531,3.989832663364723e-06,9.479736088656387e-07,False,3566,657.0197277916595,0,0,0.021149167709712067,1.9366972613152053e+108,outputs/Mach_interpolation/naca0012/iso/hessian/eig/h0.025/M1.70-1.80/drift_null/gmin0.0001
eig,0.025,mach,0.0,1.8,1.9,23548,null,0.0001,8,0.006242943918231929,0.006111940380036422,0.0034085003268596965,0.3884119858985189,0.3959732532501221,0.4064901934255087,nan,nan,nan,0.0008539250017289572,0.000723007261232026,0.0012275738846598118,0.0007715630158304045,0.00027057334630694306,0.0006593129108660113,0.00391114563940278,0.0037104519301695087,0.003318696372891031,0.08537450839473235,0.0025772976030083946,,0.016037414028509014,0.02392847807161358,0.016705395333208917,nan,nan,nan,0.7697965933287791,0.9473895826249251,0.7533351215952694,nan,nan,nan,1241.6682639773935,0.4735709633678198,1242.1418349407613,0.00947109330445528,0.41804234869778156,0.42751344200223684,0.001139514148235321,0.019057976081967354,0.9118133150041103,2.09416238732274e-05,4.840959882884897e-06,False,3560,1241.6682639773935,0,0,0.01866248137123264,3.1916038239596885e+86,outputs/Mach_interpolation/naca0012/iso/hessian/eig/h0.025/M1.80-1.90/drift_null/gmin0.0001
eig,0.025,mach,0.0,1.9,2.0,23548,null,0.0001,8,0.004595410896893703,0.004777764488118775,0.002955255856074452,0.38234840378190826,0.3449802517890932,0.4448948178002694,nan,nan,nan,0.0003963011840669439,0.0002781203042832288,0.000569818352582944,0.00042160830863896743,0.00022942479697547362,0.00123620222166391,0.00535711565652471,0.005530893423178863,0.005126661289227451,0.07863133521688818,0.005018376648966553,,0.012639986108649628,0.015972340615512743,0.013383734081342543,nan,nan,nan,0.8339433783520098,1.0005664357969053,0.7292128053676212,nan,nan,nan,1335.3983962810016,0.4836457759956829,1335.8820420569973,0.009810973017010838,0.4204009399982169,0.43021191301522776,0.0010941879590973258,0.019781170005444437,0.9249241260113195,3.591823792703508e-05,9.529621840858458e-06,False,3726,1335.3983962810016,0,0,0.006690248381916145,1.3716297999141107e+66,outputs/Mach_interpolation/naca0012/iso/hessian/eig/h0.025/M1.90-2.00/drift_null/gmin0.0001
eig,0.025,mach,0.0,2.0,2.1,23548,null,0.0001,8,0.00589201776406833,0.0054225308689139625,0.00648855649736984,0.9562976233072695,0.6713736489415169,1.012003886236983,nan,nan,nan,0.004696157532612322,0.003969712926709291,0.003713337151868575,0.002221478832705493,0.0015768844119595613,0.0019609734298914566,0.006657012886480845,0.005530940431691921,0.005079423475840697,0.08404322062889444,0.00430398665330389,,0.028296691481995588,0.02964305529111307,0.03704934302637167,nan,nan,nan,0.7401217435349752,0.7730521928332327,0.6747769983829787,nan,nan,nan,666.0332073029131,0.4787793876603246,666.5119866905734,27.290812227874994,0.3823677580803633,27.673179985955358,0.0011094417423009872,0.01759045012295246,0.8798499936237931,6.294210344037765e-05,1.366273993257644e-05,False,3924,666.0332073029131,0,0,0.0073305679170429724,9.93184723700339e+85,outputs/Mach_interpolation/naca0012/iso/hessian/eig/h0.025/M2.00-2.10/drift_null/gmin0.0001
eig,0.025,mach,0.0,2.1,2.2,23548,null,0.0001,8,0.004288357204889629,0.0037368970013583764,0.0029594571066217145,0.9710169179086722,0.8750494778156281,0.8540023765583962,nan,nan,nan,0.005041989824635105,0.0004691653697344311,0.0004978366193309784,0.0021751414166904805,0.0016521043121605272,0.002230273083165716,0.006246227120142265,0.006517725092787959,0.006154509546872214,0.08670235177132207,0.006969910914451998,,0.021036379031961493,0.018983298846759884,0.017964008721896844,nan,nan,nan,0.6748964721694802,0.8633783628645161,0.8492344722684776,nan,nan,nan,769.4127923119813,0.43692479422315955,769.8497171062045,0.008493855129927397,0.3844135492108762,0.3929074043408036,0.001028741244226694,0.01762921828776598,0.839999777264893,6.379140216949963e-06,1.567931131444929e-06,False,3902,769.4127923119813,0,0,0.03219830038873719,3.5466159567169354e+70,outputs/Mach_interpolation/naca0012/iso/hessian/eig/h0.025/M2.10-2.20/drift_null/gmin0.0001
eig,0.025,mach,0.0,2.2,2.3,23548,null,0.0001,8,0.003959999121337573,0.002605523954210225,0.0028319564118908878,0.9987909663588265,0.40266804695129377,0.5157102464503314,nan,nan,nan,0.0013189398836082318,0.00014648248240959092,0.00045478367065041357,0.0030461252167482467,0.0004187146507091942,0.0016875653094655658,0.006423823748976686,0.007457386512014414,0.006291157376525679,0.08362252712638468,0.0069628282429214355,,0.017477294158200055,0.006594855496488351,0.012364601307054766,nan,nan,nan,0.7244414051002432,0.9932496330870492,0.7136231847325407,nan,nan,nan,641.4458747263998,0.4914540695026517,641.9373287959024,0.008156104944646358,0.3802104787901044,0.38836658373475075,0.0011078976094722748,0.017518904991447926,0.8902938542887568,4.184232281545519e-06,1.1739808727908613e-06,False,3959,641.4458747263998,0,0,0.02548783164174862,2.894657072603589e+67,outputs/Mach_interpolation/naca0012/iso/hessian/eig/h0.025/M2.20-2.30/drift_null/gmin0.0001
eig,0.025,mach,0.0,2.3,2.4,23548,null,0.0001,8,0.002692904082979111,0.0018929661707917439,0.0017775719414669917,0.44846889061619777,0.09980418682098424,0.17036606461595127,nan,nan,nan,0.00010765197963774311,9.085157435999303e-05,0.0003018131580881979,0.00013376493904157052,0.0001066260988286508,0.0007385629854058068,0.008712509557465236,0.00876171863955074,0.008459336539343868,0.08106893552139874,0.008387899900902305,,0.007653655395610697,0.004184887059432906,0.006363460704660905,nan,nan,nan,0.8398192939671089,0.9951755272529581,0.9873940994382197,nan,nan,nan,1280.6408887379803,0.48336982005275786,1281.124258558033,0.009834693046286702,0.4184604079928249,0.4282951010391116,0.0011145150056108832,0.0198775950120762,0.922824420966208,4.545444568293533e-06,1.5229430880416728e-06,False,4115,1280.6408887379803,0,0,0.00324253442647677,5.2242586291644146e+35,outputs/Mach_interpolation/naca0012/iso/hessian/eig/h0.025/M2.30-2.40/drift_null/gmin0.0001
eig,0.025,mach,0.0,2.4,2.5,23548,null,0.0001,8,0.002534715047779112,0.001440097699525693,0.0016184212896003549,0.7300221798890227,0.153633713722229,0.21979098975005984,nan,nan,nan,0.0007573277037690837,0.0003315946024186796,0.00024542641363889086,0.0023241871538018342,0.0004011595603640153,0.0017309640324486963,0.00885820979816951,0.009678528660855695,0.009003474288160403,0.07950355921433928,0.009732829617564685,,0.010005308084230781,0.0037174710797485016,0.005577420770917,nan,nan,nan,0.7748282995811119,1.0464977138967224,0.9255227106817024,nan,nan,nan,722.6540576978587,0.44334889529272914,723.0974065931514,27.930914897006005,0.3901265491731465,28.32104144617915,0.0011133486405014992,0.01813426800072193,0.852726346347481,2.9330431615903763e-05,9.94088882263e-06,False,4134,722.6540576978587,0,0,0.011947251184353523,6.970280343476777e+36,outputs/Mach_interpolation/naca0012/iso/hessian/eig/h0.025/M2.40-2.50/drift_null/gmin0.0001
eig,0.025,mach,0.0,2.5,2.6,23548,null,0.0001,8,0.0028715461150998363,0.001327092010334764,0.0015356947112065806,1.6221827352219034,0.13075394630432124,0.3544684328965042,nan,nan,nan,0.0016373058246594698,0.00023016241640120652,0.00047728274947563605,0.004275304006185394,0.0004022947341235444,0.0012545939050328356,0.007194398291155506,0.00954584087264791,0.00871453331549246,0.07849810795467219,0.008328256821915243,,0.014726845544976528,0.0031531496666385036,0.005979455792203432,nan,nan,nan,0.5458575516963243,0.9973900450641393,0.8564054667113487,nan,nan,nan,1212.1631766017526,0.4727656366303563,1212.635942238383,37.193823031149805,0.4069090699777007,37.600732101127505,0.0011288449168205261,0.019230960868299007,0.9000371182337403,0.0004562985036518086,0.00013263980402001698,False,3894,1212.1631766017526,0,0,0.020023508201358724,1.2671152483928278e+23,outputs/Mach_interpolation/naca0012/iso/hessian/eig/h0.025/M2.50-2.60/drift_null/gmin0.0001
eig,0.025,mach,0.0,2.6,2.7,23548,null,0.0001,8,0.002161502936225186,0.0011827071554286006,0.001776440233557941,0.661171381567452,0.137337017059326,0.6118797774809024,nan,nan,nan,0.0002267056367377257,7.904633389177617e-05,0.0011179931038266349,0.000751633969370331,0.00012958774378914339,0.0008982996274185845,0.008634890561862207,0.009035537572645679,0.008380301676338962,0.07695680231117681,0.008352429290458012,,0.007949236500449102,0.00211248338829067,0.009820792787929947,nan,nan,nan,0.7163740000811872,0.9961751366067619,0.6916827571881513,nan,nan,nan,644.9475946286693,0.4553425684571266,645.4029371971264,28.29057770036161,0.40220099594444036,28.69277869630605,0.0011102836579084396,0.01881323102861643,0.8774697547778487,3.341055118077918e-05,1.0255223997523906e-05,False,3844,644.9475946286693,0,0,0.0051174128298225865,1.0399844058670472e+31,outputs/Mach_interpolation/naca0012/iso/hessian/eig/h0.025/M2.60-2.70/drift_null/gmin0.0001
eig,0.025,mach,0.0,2.7,2.8,23548,null,0.0001,8,0.007034577370483618,0.005920947177049742,0.006154985946095711,2.2350299238898383,2.0625467598438267,2.2954989934173304,nan,nan,nan,0.0026521535245004058,0.002935581070613583,0.006179780882266734,0.012052122451084992,0.005766623451982331,0.005640508505206464,0.0053183701203221205,0.00818762129727204,0.008505037288739086,0.07619629039920942,0.010222442158535218,,0.033667759770119085,0.02768547012560233,0.03565749161674555,nan,nan,nan,0.5133092898622957,0.8397993726170435,0.7010005100656226,nan,nan,nan,631.9487220081501,0.43537636613473296,632.3840983742848,28.3444262878038,0.38290936267003417,28.727335650473833,0.0011225119233131409,0.017691119108349085,0.83710309676826,5.693539677054105e-06,1.8255447320303538e-06,False,3733,631.9487220081501,0,0,0.0422942023928338,1.8745995575912542e+34,outputs/Mach_interpolation/naca0012/iso/hessian/eig/h0.025/M2.70-2.80/drift_null/gmin0.0001
eig,0.025,mach,0.0,2.8,2.9,23548,null,0.0001,8,0.0021732198483282636,0.0011401969079288044,0.0011402004896989342,1.2455871566963084,0.15338668823242152,0.1533859952399088,nan,nan,nan,0.001131902608446342,0.00021030966516705373,0.00021031460665605104,0.0007312789225581043,0.0002895254210978,0.0002895226204764625,0.0008750443795941771,0.0006285290856446224,0.0006284875561276886,0.08017598229587561,0.0006272627035634155,,0.008401410684364084,0.0021178539458038535,0.0021178474944549093,nan,nan,nan,0.8325397144013452,0.9976829462038905,0.9976797369584408,nan,nan,nan,1199.2348466920084,0.473581581027247,1199.7084282730357,36.67401363700628,0.4125938130309805,37.08660745003726,0.0011273999698460102,0.019227176962886006,0.9065327559947036,2.139355304819901e-05,7.778782420370283e-06,False,3729,1199.2348466920084,0,0,0.012008311864299064,1.8281760323687665e+27,outputs/Mach_interpolation/naca0012/iso/hessian/eig/h0.025/M2.80-2.90/drift_null/gmin0.0001
eig,0.025,mach,0.0,2.9,3.0,23548,null,0.0001,8,0.001946326431375688,0.0010260359102995922,0.0010260400496400522,1.0437696245253234,0.1009523868560791,0.1009523868560791,nan,nan,nan,0.0002664690628203129,0.00011604677142271357,0.00011605595089467852,0.000428789955074666,0.00012861765654282253,0.0001286070617238233,0.0015949010785062821,0.0020612118462765166,0.002061165670074375,0.07778761795800776,0.0013492652731903064,,0.007474530956245732,0.001838788359388349,0.0018387932273774528,nan,nan,nan,0.7796711564962091,0.9982885972984042,0.998284815019033,nan,nan,nan,706.9371589757502,0.44061114080250263,707.3777701165527,28.75238075852394,0.5734493238851428,29.325830082409084,0.00110686756670475,0.01827529165893793,1.0334455193951726,3.769003906128887e-05,1.0663973315408836e-05,False,3873,706.9371589757502,0,0,0.008586039958003102,460720031262.3892,outputs/Mach_interpolation/naca0012/iso/hessian/eig/h0.025/M2.90-3.00/drift_null/gmin0.0001
eig,0.025,mach,2.0,0.8,0.9,23548,null,0.0001,8,0.02050508318220309,0.02487542138029235,0.022217160153816144,0.6464937954007444,0.5464495897293091,0.5948146712499629,nan,nan,nan,0.010620704323303067,0.002176073245361046,0.030790493383153997,0.017480406794273498,0.002849561204956904,0.009107840652722084,0.24344129606867668,0.25399410931522715,0.2526220659404745,0.046312903564739286,0.2535516525864444,,0.04551134408983605,0.06248535257348246,0.01886392497676249,nan,nan,nan,0.9276995720742651,1.0028023593842412,0.5161213931907471,nan,nan,nan,586.0302843973041,0.44116624537855387,586.4714506426826,27.877017735503614,0.38298033736646175,28.259998072870076,0.00107595045119524,0.017714034765958786,0.8429396757856011,6.191798043175822e-07,1.0330967262737948e-07,False,3087,586.0302843973041,0,0,0.06587893162306323,5.200546137658876e+110,outputs/Mach_interpolation/naca0012/iso/hessian/eig/h0.025/aoa2.00/M0.80-0.90/drift_null/gmin0.0001
eig,0.025,mach,2.0,0.9,1.0,23548,null,0.0001,8,0.021153511236577327,0.02932747431243988,0.009217256754255903,0.5773108237476949,0.5190495610237122,0.7435315747268186,nan,nan,nan,0.002307312788187754,0.0014281042338068176,0.009092208524780288,0.021169186879470465,0.012242044752471688,0.03144160100402002,0.23096194670505246,0.23871986441730053,0.23123790201215866,0.08851231921516327,0.22379281903556875,,0.04590718154488817,0.06599485057223593,0.028916808102322254,nan,nan,nan,0.8125604950914073,1.0409545619726022,0.7309695974689783,nan,nan,nan,594.8621486593038,0.4369501997716725,595.2990988590755,26.215280042029917,0.3823943040333688,26.597674346063286,0.001026068814098835,0.0176151180639863,0.8379885051399469,9.965691560864798e-08,2.0768525643850432e-08,True,3136,594.8621486593038,0,0,0.05798325099860913,3.516398197334761e+107,outputs/Mach_interpolation/naca0012/iso/hessian/eig/h0.025/aoa2.00/M0.90-1.00/drift_null/gmin0.0001
eig,0.025,mach,2.0,1.0,1.1,23548,null,0.0001,8,0.023402650262769185,0.02952512893783962,0.010854379502364002,0.666371909909086,0.7138084471225739,0.5930076957626014,nan,nan,nan,0.001710088379094236,0.0009183565878316489,0.01132947353622903,0.0006988934318882164,0.0009430008845788386,0.016057808322681236,0.17869297531963313,0.1782330045549274,0.1688463281271151,0.10307138012644176,0.1685281076065708,,0.04977577078233867,0.05719874050729459,0.029277940882757383,nan,nan,nan,1.0513354849847831,1.2129613781011988,0.8031082356128274,nan,nan,nan,985.3102273460245,0.4849682560306974,985.7951956020552,32.9621420330368,0.4172932999790646,33.37943533301586,0.001094428007490933,0.019590636016801,0.9229489439749159,9.598630867913016e-08,3.907937878232372e-08,True,2112,985.3102273460245,0,0,0.02600846593389746,5.2775137979106414e+123,outputs/Mach_interpolation/naca0012/iso/hessian/eig/h0.025/aoa2.00/M1.00-1.10/drift_null/gmin0.0001
eig,0.025,mach,2.0,1.1,1.2,23548,null,0.0001,8,0.01604355980694365,0.026401132497099238,0.010766440300598987,0.4588704118295943,0.3718847751617431,0.603001248053865,nan,nan,nan,0.005091024754223507,0.00010529726270250746,0.007505604416963387,0.0044572638344109,0.0008710418694749687,0.0108720044140467,0.15216105699053745,0.15505916724897983,0.1480663671158246,0.10074978110746907,0.147850451261338,,0.0226887698333916,0.03637980814104801,0.02247368899748041,nan,nan,nan,1.0169840382521893,1.008742853023684,0.6478833094369035,nan,nan,nan,1147.3324642935768,0.4808228863403201,1147.813287179917,32.42482172232121,0.41378798335790634,32.83860970567912,0.001107846386730671,0.01931933220475912,0.9150407817214727,9.880164952846826e-08,3.576542081424492e-08,True,2620,1147.3324642935768,0,0,0.03678632876465903,6.189638999799063e+164,outputs/Mach_interpolation/naca0012/iso/hessian/eig/h0.025/aoa2.00/M1.10-1.20/drift_null/gmin0.0001
eig,0.025,mach,2.0,1.2,1.3,23548,null,0.0001,8,0.016484291424726207,0.022672782106855773,0.010085507926687639,0.8329522987053679,0.36341125965118426,0.6292061209377828,nan,nan,nan,0.003153284405824735,0.0001508515897616975,0.007607074993598171,0.003977353082780309,0.00033612007623798964,0.009584431759801178,0.1376194455382283,0.1395486612424047,0.13628730688469212,0.09869635447253826,0.13454213046727162,,0.017578555888180258,0.06889668394924245,0.025445853626629888,nan,nan,nan,0.7626531429041287,0.9981536605338279,0.6750076381869835,nan,nan,nan,751.864982791245,0.4402414755895734,752.3052242668346,25.970197847113013,0.38232885021716356,26.352526697330177,0.0011089006438851357,0.017664460465312004,0.841346169821918,0.07090843703173277,0.0059381506193209865,False,3440,751.864982791245,0,0,0.036689269582795364,2.4795130112384296e+176,outputs/Mach_interpolation/naca0012/iso/hessian/eig/h0.025/aoa2.00/M1.20-1.30/drift_null/gmin0.0001
eig,0.025,mach,2.0,1.3,1.4,23548,null,0.0001,8,0.013244943936386517,0.018310647129712396,0.007389103849854015,0.5992272030967952,0.4423632025718689,0.5746739095384622,nan,nan,nan,0.010678644158288945,9.083434584757077e-05,0.007263902151014592,0.006907462569921462,0.0003036951612451951,0.0071606517953409264,0.1240315756439163,0.1275779680415231,0.12523349191959732,0.09721338762878678,0.1237618771482562,,0.026571252078648726,0.07970310819460054,0.02529721866614482,nan,nan,nan,0.9148295980092025,0.9320298622364944,0.6987893220708915,nan,nan,nan,855.7002830277197,0.4365593269467354,856.1368423546664,26.316954697016627,0.38147344859316945,26.698428145609796,0.0010936912149190903,0.017706406768411398,0.8368354770354927,8.692180131220084e-08,1.47349289875154e-08,True,3504,855.7002830277197,0,0,0.06693823901130842,6.582292681661939e+181,outputs/Mach_interpolation/naca0012/iso/hessian/eig/h0.025/aoa2.00/M1.30-1.40/drift_null/gmin0.0001
eig,0.025,mach,2.0,1.4,1.5,23548,null,0.0001,8,0.009462077692218839,0.013694445765742247,0.005369946656499514,0.5997656544556222,0.5337103366851808,0.4532547706368688,nan,nan,nan,0.009917652554350532,7.14801789675155e-05,0.004148457240193102,0.004352904084694543,0.0002338716901804233,0.006733202998096506,0.11568288287422492,0.11816051544607961,0.11433632419546028,0.09620202198594992,0.11415620227264779,,0.02575714443363734,0.06649721837118795,0.023884309773776265,nan,nan,nan,0.8750058149963966,0.8524743193756179,0.7587563443475266,nan,nan,nan,692.562950045336,0.4339535622857511,692.9969036076218,27.416617672890425,0.3830432938411832,27.799660966731608,0.0003059203736484051,0.017594541888684034,0.8349006748758256,6.415966126382955e-06,2.7021226873196043e-06,False,3542,692.562950045336,0,0,0.05318072682184566,1.778677131159878e+129,outputs/Mach_interpolation/naca0012/iso/hessian/eig/h0.025/aoa2.00/M1.40-1.50/drift_null/gmin0.0001
eig,0.025,mach,2.0,1.5,1.6,23548,null,0.0001,8,0.009249731134344753,0.010459993010820902,0.004712323566029307,0.4932820162069751,0.42330573797225934,0.48977313491404717,nan,nan,nan,0.002150612214453687,0.00010734423831164507,0.003594809038616753,0.0022096080702666923,0.000362136971465256,0.005252841015466957,0.10791024912979068,0.10887631079472557,0.10684733981810288,0.094986439350618,0.10566167711961695,,0.021310195924753517,0.04789191682569834,0.023795533334182134,nan,nan,nan,0.6990894636854647,1.031739010111765,0.7739071713730512,nan,nan,nan,1223.0687248059548,0.4755498410668224,1223.5442746470217,40.29972739494406,0.4151589530520141,40.71488634799607,0.0010956090409308672,0.01908372901380062,0.9108902260195464,9.562661773543368e-08,2.7660837278801195e-08,True,3400,1223.0687248059548,0,0,0.023917765177473908,5.43099945118285e+88,outputs/Mach_interpolation/naca0012/iso/hessian/eig/h0.025/aoa2.00/M1.50-1.60/drift_null/gmin0.0001
eig,0.025,mach,2.0,1.6,1.7,23548,null,0.0001,8,0.010635884467111641,0.009962466455761113,0.0074454718264235185,1.1003448924786017,1.1230003595352172,1.1427355290536654,nan,nan,nan,0.0016257424118556402,0.003241356236484879,0.0031285527999026785,0.008272890413183258,0.005158476458906214,0.01000847083807463,0.09967880730429103,0.1013250669012484,0.09872131855570015,0.09042447682030753,0.10222952064712422,,0.039578417270388716,0.04593297796584159,0.04074744427310084,nan,nan,nan,0.7097112888372527,0.8977220933440156,0.7371069338633138,nan,nan,nan,615.7093411888927,0.4322834499180317,616.1416246388108,27.51099203201011,0.3824306232854724,27.89342265529558,0.0011039851233363152,0.017783756833523512,0.8336044601164758,9.948647061719385e-08,2.279263112700051e-08,True,2863,615.7093411888927,0,0,0.011507261436178659,7.780747098722669e+90,outputs/Mach_interpolation/naca0012/iso/hessian/eig/h0.025/aoa2.00/M1.60-1.70/drift_null/gmin0.0001
eig,0.025,mach,2.0,1.7,1.8,23548,null,0.0001,8,0.007737343374298978,0.0077349693027059675,0.004518431212913388,0.5227668406633037,0.48794112391769884,0.4509712659559703,nan,nan,nan,0.002397197938795901,0.0018236928894858092,0.001561463128530409,0.0021796423837575876,0.0010598630260169944,0.008738425903577816,0.08965586923236572,0.09142931771713046,0.08593924338587504,0.0929698445212187,0.08947056866533067,,0.022373092645117908,0.03475205390788943,0.023357035846565247,nan,nan,nan,0.734918462515721,0.9003384059121554,0.7433648451684339,nan,nan,nan,1332.221012558788,0.4743405617773533,1332.6953531205654,36.59744531195611,0.41141150053590536,37.00885681249201,0.0011449456214904785,0.019218613393604755,0.9061184665188193,1.639752468918232e-06,3.620236932827372e-07,False,3599,1332.221012558788,0,0,0.02189275687631636,3.374007388603346e+107,outputs/Mach_interpolation/naca0012/iso/hessian/eig/h0.025/aoa2.00/M1.70-1.80/drift_null/gmin0.0001
eig,0.025,mach,2.0,1.8,1.9,23548,null,0.0001,8,0.006995938347631659,0.006665719217986872,0.003843430891462789,0.4605014588573022,0.48552650213241577,0.5894487169500854,nan,nan,nan,0.0008629842368555971,0.0004758522250022394,0.0014147510893158244,0.00316644603473247,0.001277736290961713,0.0035447870482517773,0.0847578436796445,0.08590677515330031,0.08495206549915792,0.08523648122131047,0.08523146861963012,,0.016042527421276882,0.02521792321512362,0.0193202974288159,nan,nan,nan,0.7787917472959398,0.8834556490707701,0.6508915614529672,nan,nan,nan,1284.482532906346,0.47992477752268314,1284.9624576838687,34.65220189187676,0.4159831814467907,35.06818507332355,0.001272754743695259,0.019499298185110092,0.9166827192530036,2.6095348232502147e-05,6.646465611705522e-06,False,3260,1284.482532906346,0,0,0.01219775533738079,1.4892318681702011e+97,outputs/Mach_interpolation/naca0012/iso/hessian/eig/h0.025/aoa2.00/M1.80-1.90/drift_null/gmin0.0001
eig,0.025,mach,2.0,1.9,2.0,23548,null,0.0001,8,0.004358152893480899,0.004786139168248332,0.0028654767923014207,0.37607347065310415,0.31333452463150024,0.4578018379465105,nan,nan,nan,0.00011173261863211177,8.197371771751566e-05,0.00017819489779809393,0.0011795035623982776,0.0002192487407567035,0.0012790120527456743,0.08033033140034278,0.08100056813855426,0.08030647062517267,0.07871285541311167,0.07858738516796132,,0.011279545477267554,0.016443951542314702,0.012637693861224342,nan,nan,nan,0.8989827618228141,0.9947981682973318,0.727230962184135,nan,nan,nan,766.3719955580309,0.4393627089448273,766.8113582669757,27.60009068902582,0.38521480513736606,27.985305494163185,0.0009966441430151463,0.01780011225491762,0.8433772940188646,1.0140578169171022e-05,3.0249281978249853e-06,False,3940,766.3719955580309,0,0,0.006309871101091305,2.3662972554722246e+83,outputs/Mach_interpolation/naca0012/iso/hessian/eig/h0.025/aoa2.00/M1.90-2.00/drift_null/gmin0.0001
eig,0.025,mach,2.0,2.0,2.1,23548,null,0.0001,8,0.007010855014501145,0.005973948565935676,0.006499941634738358,0.8332400623553187,0.9754075706005099,1.0737055283572752,nan,nan,nan,0.004880490692245046,0.004887494475107884,0.00525532089850692,0.001910493646002493,0.0015070894829231568,0.0015043924103561373,0.07514310254127872,0.07660609283179425,0.07570543658754028,0.07884709744016573,0.07486050414206043,,0.025717105885622638,0.025196223659989466,0.026749938107829732,nan,nan,nan,0.7468880321803627,0.838543741720407,0.7143431315150421,nan,nan,nan,791.6467069750652,0.45217563211917877,792.0988826071844,26.950072010047734,0.3969576503150165,27.34702966036275,0.001097122672945261,0.01869189226999879,0.8689242689870298,2.5794674471057988e-05,6.343790577472407e-06,False,3701,791.6467069750652,0,0,0.009207579817456001,2.6401185713887657e+84,outputs/Mach_interpolation/naca0012/iso/hessian/eig/h0.025/aoa2.00/M2.00-2.10/drift_null/gmin0.0001
eig,0.025,mach,2.0,2.1,2.2,23548,null,0.0001,8,0.004341171518761036,0.0040856466500802085,0.0032184518392926755,1.080440659624587,0.9986584067344666,1.0670182419914755,nan,nan,nan,0.0028697009315038938,0.0002753656253236382,0.001393101033398449,0.004283369122654522,0.0015295927208643428,0.0032846562396406176,0.07529895882838764,0.07639497992885894,0.07554106835833696,0.08696294973568151,0.07654752399747672,,0.020679330083835466,0.020614104376690687,0.019275452919069302,nan,nan,nan,0.6865159564426714,0.8752829194343847,0.8126296989113123,nan,nan,nan,734.8451486378908,0.4433797784149647,735.2885284163058,27.86952301673591,0.390455705113709,28.25997872184962,0.0003076838329434395,0.01814824715256691,0.8522941479459405,1.740577744158145e-07,4.8317442261675434e-08,False,3966,734.8451486378908,0,0,0.02462665261307556,2.956492325717271e+81,outputs/Mach_interpolation/naca0012/iso/hessian/eig/h0.025/aoa2.00/M2.10-2.20/drift_null/gmin0.0001
eig,0.025,mach,2.0,2.2,2.3,23548,null,0.0001,8,0.0034857555981950444,0.0025692155808657567,0.002494668816861512,0.5487015668739095,0.39345353841781616,0.3467769978477181,nan,nan,nan,0.00013713740579483923,0.0002149731936574923,0.0008137737215289514,0.0011985276245325678,0.0006874211033934741,0.002908030219090938,0.07399532865362789,0.07428250446437734,0.07309467081512044,0.08463860310257505,0.0749362753259302,,0.00932109643117659,0.006178707874263622,0.010133958401088024,nan,nan,nan,0.8237996945956094,0.9822961354230941,0.8087413078975714,nan,nan,nan,744.7041126741096,0.434390929993242,745.1385036041029,27.6694723139517,0.3799542570486665,28.049426571000367,0.001104746013879776,0.01780652580782771,0.8332592337392271,1.685564831177544e-05,4.453738279174574e-06,False,4010,744.7041126741096,0,0,0.007152524130710629,2.145319155380245e+74,outputs/Mach_interpolation/naca0012/iso/hessian/eig/h0.025/aoa2.00/M2.20-2.30/drift_null/gmin0.0001
eig,0.025,mach,2.0,2.3,2.4,23548,null,0.0001,8,0.00344906569958926,0.0027437829585492766,0.0028142500684191756,0.6254347656558672,0.8146533250808714,0.7152839283409107,nan,nan,nan,0.0008299136634887162,0.000587593488046949,0.00032527028210232393,0.002450729251110298,0.003186087965579867,0.0022070961624718393,0.07340159513639281,0.073838096138618,0.07313082202589545,0.08245432882508782,0.06898625104470207,,0.010862064039602388,0.011121186752839253,0.011073202755315373,nan,nan,nan,0.7361463962778718,0.9113764010831606,0.822466315923466,nan,nan,nan,1383.111673606967,0.47208293504081666,1383.583756542008,35.23158655205043,0.4088384819915518,35.64042503404198,0.0010759030119515955,0.019132439978420734,0.9011318450211547,1.040902188265136e-05,2.461104418994751e-06,False,3988,1383.111673606967,0,0,0.002012065086844081,2.9114714254144674e+59,outputs/Mach_interpolation/naca0012/iso/hessian/eig/h0.025/aoa2.00/M2.30-2.40/drift_null/gmin0.0001
eig,0.025,mach,2.0,2.4,2.5,23548,null,0.0001,8,0.005350934877720136,0.0047135846033301045,0.005094025405480362,1.05019724176999,1.0299310684204102,1.0369585706690727,nan,nan,nan,0.001230035745355584,0.0027934123976160186,0.001068229790183654,0.005754408065184639,0.004328196926897173,0.012541651703581838,0.0679293564784082,0.06872125742858104,0.06423279249930545,0.08221056923076074,0.06783007892185718,,0.018754504099753565,0.017498590037147807,0.019578791324649708,nan,nan,nan,0.7096739538494486,1.0526386454757133,0.9027409732938542,nan,nan,nan,758.5420252298936,0.43559354916214943,758.9776187790558,28.93389329034835,0.3820372065529227,29.315930496901274,0.0010269777849316597,0.01771879941225052,0.8363854959607124,1.4432148489618157e-05,4.997703186898014e-06,False,4273,758.5420252298936,0,0,0.009952091348711974,3.190734184376961e+69,outputs/Mach_interpolation/naca0012/iso/hessian/eig/h0.025/aoa2.00/M2.40-2.50/drift_null/gmin0.0001
eig,0.025,mach,2.0,2.5,2.6,23548,null,0.0001,8,0.00280872394539153,0.0016874377423691082,0.002270259188426076,0.9355804772239489,0.19315731525421143,1.0042979528601523,nan,nan,nan,0.0007695418687739202,0.00013302077869409445,0.0008821913782992019,0.00022253997758430054,0.00016711713010796817,0.0003001533597493751,0.05684950049317173,0.05686667819984526,0.05671862877276062,0.08597280562489862,0.05429848731717086,,0.008851234104854905,0.0042961201012057535,0.01347332037086566,nan,nan,nan,0.6922069117874818,1.0002403993891071,0.6602843299624209,nan,nan,nan,1241.711838843301,0.47468472737818956,1242.1865235706791,36.48783892579377,0.410419893451035,36.8982588192448,0.0011493945494294167,0.019379827193915844,0.9056362574920058,0.0006518827940311667,0.0002019980857329629,False,4004,1241.711838843301,0,0,0.007334861951041788,1.0580260316487649e+20,outputs/Mach_interpolation/naca0012/iso/hessian/eig/h0.025/aoa2.00/M2.50-2.60/drift_null/gmin0.0001
eig,0.025,mach,2.0,2.6,2.7,23548,null,0.0001,8,0.0024465338193407644,0.001299205433026986,0.00172796168825709,1.0287282550521486,0.10158257484436062,0.5976326687002149,nan,nan,nan,0.0025401339575868587,0.00010314162196327359,0.0017365988862313457,0.0004400334980113499,0.00019773598271686602,0.00026935445973592546,0.05155263102774199,0.05120841288781661,0.050945970983072894,0.08413751077269527,0.04995176953340401,,0.01153846046587275,0.0029366050098234044,0.008180506695748838,nan,nan,nan,0.7027779422579484,1.0039563893858003,0.7856824519345286,nan,nan,nan,711.367425460834,0.4454234610311687,711.8128489218652,28.53532336698845,0.39591789012774825,28.9312412571162,0.0012142341583967209,0.017630722373723984,0.8601897321641445,0.0005032118396499641,0.00015456388765406422,False,4131,711.367425460834,0,0,0.014005638515868167,6.2049888130394025e+22,outputs/Mach_interpolation/naca0012/iso/hessian/eig/h0.025/aoa2.00/M2.60-2.70/drift_null/gmin0.0001
eig,0.025,mach,2.0,2.7,2.8,23548,null,0.0001,8,0.002532403602624511,0.0012522751064992644,0.0019165423115136441,1.360710814198825,0.5823301792144777,0.5897437750077119,nan,nan,nan,0.0026192425532360897,0.00022648585977810061,0.002715048663466244,0.0005260409760549005,0.0008123557095437817,0.0004090967297985526,0.05006807078608401,0.05006719951603126,0.04935822734610864,0.0820153128808109,0.04882063241263463,,0.010564737760895443,0.0042095634774460535,0.008079648671857011,nan,nan,nan,0.7855160354128708,1.001845859367781,0.7491096758101294,nan,nan,nan,689.3222932438366,0.43274950981140137,689.755042753648,27.823297640308738,0.3784479829482734,28.20174562325701,0.00031563639640808105,0.017781425267457962,0.8292988911271095,1.8782616798995733e-05,7.794559396028763e-06,False,3906,689.3222932438366,0,0,0.014606750939142401,1.148153318284807e+25,outputs/Mach_interpolation/naca0012/iso/hessian/eig/h0.025/aoa2.00/M2.70-2.80/drift_null/gmin0.0001
eig,0.025,mach,2.0,2.8,2.9,23548,null,0.0001,8,0.0019904118535858744,0.0011202049327288172,0.0014079374380853112,0.8630824034870646,0.09242403507232666,0.3513453159070512,nan,nan,nan,0.0005133022616852347,0.00022446729525179657,0.00031688272421692546,0.0002386127769898844,0.0001763045011058503,0.00042436057401730605,0.04964627170628641,0.049877999196430295,0.04953111506720458,0.07972839343197863,0.0485419456352501,,0.00661255405974392,0.0018669128985223035,0.004385376839539364,nan,nan,nan,0.7745483196824461,1.0021499417172766,0.8666680194060558,nan,nan,nan,676.5971559919417,0.4352189935743809,677.0323749855161,28.332147012464702,0.3831371534615755,28.715284165926278,0.0009907018393278122,0.0181941045448184,0.837550618685782,0.00020668551233171684,5.924785160906739e-05,False,4085,676.5971559919417,0,0,0.006302262691843708,5037799015528.201,outputs/Mach_interpolation/naca0012/iso/hessian/eig/h0.025/aoa2.00/M2.80-2.90/drift_null/gmin0.0001
eig,0.025,mach,2.0,2.9,3.0,23548,null,0.0001,8,0.0023410021074537894,0.0008592397230329104,0.0011225334773219938,1.7693041112362962,0.0836418867111206,0.3225465362155302,nan,nan,nan,0.0044440557578295375,4.582574071433026e-05,0.0007850553752515496,0.000634602127748357,8.379457684616081e-05,0.0004150299136782122,0.04722534678174189,0.04705862662332646,0.04686561189436496,0.07757563207635648,0.04629046986161089,,0.010830774363124247,0.0013979666274815845,0.003108931272834601,nan,nan,nan,0.8043226689052355,0.9992539876896599,0.8771042847697805,nan,nan,nan,673.7031991686672,0.43409492913633585,674.1372940978035,28.42675831913948,0.3748794347047806,28.80163775384426,0.0003108978271484375,0.017761305905878544,0.8270511766895652,3.127318339579688e-05,1.0115381659421615e-05,False,4110,673.7031991686672,0,0,0.019719879151642507,6.72741504132701e+42,outputs/Mach_interpolation/naca0012/iso/hessian/eig/h0.025/aoa2.00/M2.90-3.00/drift_null/gmin0.0001
eig,0.025,mach,0.0,0.8,0.9,23548,null,0.001,5,0.020374341086353175,0.023340495322464398,0.02069282244865053,0.39431372986076796,0.4341567218303679,0.4704005302783578,nan,nan,nan,0.0012753703266502523,0.002194889800959858,0.01973424185390393,0.0019204167661952592,0.0011406771668571467,0.001350625787537862,0.003730102767284619,0.003472331325497623,0.002286360029693496,0.04602296675976563,0.0012042733848182956,,0.041468787729042444,0.05436803577402452,0.012110735794983169,nan,nan,nan,0.7392452697902002,0.9997669412075901,0.6635320822720236,nan,nan,nan,857.4381831609644,0.4803171129897237,857.9185002739541,0.011765548028051853,0.41214725200552493,0.4239128000335768,0.00157976895570755,0.019175350898876786,0.913223170908168,9.090015140600372e-08,3.29059655993907e-08,True,865,857.4381831609644,0,0,0.022599287838120402,1.8334926781421812e+22,outputs/Mach_interpolation/naca0012/iso/hessian/eig/h0.025/M0.80-0.90/drift_null/gmin0.001
eig,0.025,mach,0.0,0.9,1.0,23548,null,0.001,5,0.01890148698366825,0.029057661532371486,0.008961569703089157,0.4000576157185055,0.5637418031692505,0.5628250155941315,nan,nan,nan,0.004397496428845731,0.0015857134560530004,0.005942805751220651,0.0016416162129077217,0.0009921530728408884,0.002316764082295173,0.002694246430166238,0.003231997929473239,0.003808174161249631,0.08889940095738784,0.0019486100606276799,,0.028472797130844392,0.06616363696814194,0.02493817669636522,nan,nan,nan,0.7672449764483387,1.0416204936663231,0.7581852751325331,nan,nan,nan,831.5607250928879,0.4791616555303335,832.0398867484182,0.013849171809852123,0.4132740208879113,0.42712319269776344,0.001139243133366108,0.01944733690470457,0.9130244813859463,8.604534684764076e-08,2.522751573599762e-08,True,701,831.5607250928879,0,0,0.08032731989157404,1.2667389355427223e+39,outputs/Mach_interpolation/naca0012/iso/hessian/eig/h0.025/M0.90-1.00/drift_null/gmin0.001
eig,0.025,mach,0.0,1.0,1.1,23548,null,0.001,5,0.024398834504562084,0.029569762679791278,0.011086574479924859,0.6294177873868734,0.5999207735061646,0.4968964909632104,nan,nan,nan,0.0030339955729820267,0.0009745000508351448,0.011104575930622465,0.0009250128614556574,0.0007717009289351178,0.0009127803807398247,0.0014553754555567894,0.0008484240233315544,0.001081227576858565,0.10355119820397703,0.0006436220963663847,,0.060519801503335836,0.06157419357666578,0.03628074639075437,nan,nan,nan,1.0210955435272884,1.1066384017070223,0.9016028041612637,nan,nan,nan,762.5726635589963,0.47763781901448965,763.0503013780108,0.0097186149796471,0.40976625098846853,0.41948486596811563,0.0011102770222350955,0.019124581944197416,0.9076410220004618,8.99502339279934e-08,2.770114886495915e-08,True,650,762.5726635589963,0,0,0.02300616627130588,5.8880005345721875e+47,outputs/Mach_interpolation/naca0012/iso/hessian/eig/h0.025/M1.00-1.10/drift_null/gmin0.001
eig,0.025,mach,0.0,1.1,1.2,23548,null,0.001,5,0.016317072813921002,0.026410086575178234,0.010495363346332252,0.44140280725277203,0.3402608156204223,0.5422775297720983,nan,nan,nan,0.003817974362132873,0.00026728502066358643,0.007726646682431189,0.002605422011232056,0.0005891711850093081,0.00105075867351521,0.00422784645092102,0.0007910481083013683,0.0016217930722943435,0.10104820265022862,0.00045845497549726593,,0.01607582409908019,0.0354588181357687,0.021100298309219147,nan,nan,nan,0.7689344222872802,1.0078254631224361,0.5779668500669793,nan,nan,nan,963.0009634760208,0.4889245679951273,963.489888044016,0.009623746009310707,0.42178824299480766,0.43141198900411837,0.0011011539900209755,0.019899369013728574,0.9317153790034354,8.433237042027031e-08,3.992806327375924e-08,True,866,963.0009634760208,0,0,0.0521575869672024,2.5021167908065388e+63,outputs/Mach_interpolation/naca0012/iso/hessian/eig/h0.025/M1.10-1.20/drift_null/gmin0.001
eig,0.025,mach,0.0,1.2,1.3,23548,null,0.001,5,0.014098524889308177,0.022609540629959877,0.01010982549009215,0.5988233782249691,0.37157476544380197,0.5676972414951533,nan,nan,nan,0.008884881415469571,0.00019071674470029962,0.0071277353648204304,0.004780477503845528,0.0007552199556830961,0.0017227184764422138,0.00821153043442349,0.00041841563996105073,0.0020599210719829007,0.09896135502438419,0.0006784077242135195,,0.027779689403502523,0.08188345061228061,0.027823533548568608,nan,nan,nan,0.8830409811112113,1.0318707990445084,0.6399045323691234,nan,nan,nan,1367.0535119278356,0.4780368097126484,1367.5315487375483,0.009883463382720947,0.41080290731042624,0.4206863706931472,0.0011534709483385086,0.01940980087965727,0.9094096599146724,9.804428202642157e-08,4.9270995231572826e-08,True,1270,1367.0535119278356,0,0,0.0888877803111637,4.0550121397290927e+95,outputs/Mach_interpolation/naca0012/iso/hessian/eig/h0.025/M1.20-1.30/drift_null/gmin0.001
eig,0.025,mach,0.0,1.3,1.4,23548,null,0.001,5,0.013631619497872175,0.018135030815605028,0.007322013576182788,0.555243965554381,0.42035608887672415,0.548182528534186,nan,nan,nan,0.006744167674955067,0.00013126764113339303,0.007358189181217746,0.003905973446250388,0.00046834239629559054,0.0018246382303452487,0.005995894120147916,0.00041768455964338614,0.0029010597002998386,0.09743348305194131,0.0003854535664023596,,0.02590642974824607,0.07992817366683808,0.02506155670191128,nan,nan,nan,0.8808865374914332,1.0007382264342448,0.6842479324212751,nan,nan,nan,1268.4905418560083,0.4797278289915994,1268.970269685,0.021176384994760156,0.41146850600489415,0.4326448909996543,0.0010655770020093769,0.019133858993882313,0.9113980149850249,7.814075786427566e-08,4.302463340055515e-08,True,1162,1268.4905418560083,0,0,0.068935720497111,1.2326707136252323e+45,outputs/Mach_interpolation/naca0012/iso/hessian/eig/h0.025/M1.30-1.40/drift_null/gmin0.001
eig,0.025,mach,0.0,1.4,1.5,23548,null,0.001,5,0.011732335703496192,0.013551469054970653,0.005388262043534889,0.6376458763022566,0.5202486753463746,0.4408702648962266,nan,nan,nan,0.003932183373222201,0.00011433794153664943,0.004891709136308851,0.0008139869753828159,0.00028875417339903787,0.0003746355628278199,0.0011224769051848885,0.00010989380886875516,0.0005518772509699541,0.09638692132673897,0.00028859082353992926,,0.026121554003159367,0.06513321512364202,0.02374204122367489,nan,nan,nan,0.6444892045292253,0.9130213919572806,0.7277954816172043,nan,nan,nan,1140.7725473260507,0.4782460555434227,1141.2507933815941,0.009913462214171886,0.4102998226881027,0.4202132849022746,0.001123303547501564,0.019290069118142128,0.908961808308959,9.726637273388405e-08,2.370996476979208e-08,True,1271,1140.7725473260507,0,0,0.04341721880035473,2.079140279239989e+50,outputs/Mach_interpolation/naca0012/iso/hessian/eig/h0.025/M1.40-1.50/drift_null/gmin0.001
eig,0.025,mach,0.0,1.5,1.6,23548,null,0.001,5,0.011982331822565986,0.010434668505040013,0.00453863614086832,0.7817898552807858,0.4329843521118164,0.4226627739402199,nan,nan,nan,0.0015659380763077006,0.00023711260078121565,0.002982487233622874,0.0009585943989113505,0.00032683943141845293,0.0015743727028935956,0.0016187029259730156,0.0007535096770369227,0.001693816151038659,0.09540550706252164,0.00037712346087783984,,0.025998277091375862,0.048759325881880505,0.02261099001320986,nan,nan,nan,0.557143253300898,0.7426430993755051,0.7633240372468654,nan,nan,nan,979.5004581260146,0.4890853759716265,979.9895435019862,0.00543996796477586,0.4235838719760068,0.42902383994078264,0.001093756000045687,0.019971497007645667,0.9337362340302207,8.999636169626513e-08,3.7577904403032845e-08,True,861,979.5004581260146,0,0,0.03108999735978405,2.1038825038060596e+29,outputs/Mach_interpolation/naca0012/iso/hessian/eig/h0.025/M1.50-1.60/drift_null/gmin0.001
eig,0.025,mach,0.0,1.6,1.7,23548,null,0.001,5,0.012938646212815508,0.00903601512107888,0.006620129002678064,0.8256776988249437,1.0806956678628923,1.0873955183483368,nan,nan,nan,0.0019632170614117695,0.0028420745649762246,0.0033577244334882317,0.0021966606547262502,0.0030582568376252197,0.0038806681177405693,0.0025726392599965697,0.0007963798214780307,0.0005751199392542251,0.09110144393464797,0.003606047375843329,,0.040382041130721504,0.03830452694661601,0.036488025598228606,nan,nan,nan,0.6244370347605339,0.7474808539121909,0.7460983382738776,nan,nan,nan,519.6607428463176,0.4429761916399002,520.1037190379575,0.008282908238470554,0.38902195543050766,0.3973048636689782,0.0010787975043058395,0.017843909561634064,0.8509232560172677,9.801906131201576e-08,3.367795354272595e-08,True,936,519.6607428463176,0,0,0.018768801568488452,1.2060863749884112e+37,outputs/Mach_interpolation/naca0012/iso/hessian/eig/h0.025/M1.60-1.70/drift_null/gmin0.001
eig,0.025,mach,0.0,1.7,1.8,23548,null,0.001,5,0.010285648853025698,0.00790744464315251,0.0044611600876320575,1.1250961171790652,0.4973820686340332,0.4897052603041243,nan,nan,nan,0.003865886638423247,0.0015946961794066658,0.002657240236155309,0.0012513706688157724,0.0005846794062010577,0.0017926861606309573,0.0014999831592594519,0.0011723014067434414,0.002907907473316277,0.09321922992576821,0.0008472606640478158,,0.027424893668216,0.03865786459642868,0.024780551145254404,nan,nan,nan,0.6223328182113402,0.9263115998807491,0.7361596832244927,nan,nan,nan,567.1303486279212,0.4396281410008669,567.5699767689221,0.008680461905896664,0.3850284041836858,0.39370886608958244,0.0010787281207740307,0.017703764140605927,0.8434424721635878,9.316431359707167e-08,2.765546401019553e-08,True,957,567.1303486279212,0,0,0.028671222013586403,1.6805056495232926e+38,outputs/Mach_interpolation/naca0012/iso/hessian/eig/h0.025/M1.70-1.80/drift_null/gmin0.001
eig,0.025,mach,0.0,1.8,1.9,23548,null,0.001,5,0.009551761392730743,0.006111940380036422,0.0034085003268596965,1.1640003312927842,0.3959732532501221,0.4064901934255087,nan,nan,nan,0.0010928482933913264,0.000723007261232026,0.0012275738846598118,0.000838401035101629,0.00027057334630694306,0.0006593129108660113,0.004097097656091129,0.0037104519301695087,0.003318696372891031,0.08537450839473235,0.0025772976030083946,,0.027795450362544747,0.02392847807161358,0.016705395333208917,nan,nan,nan,0.5156531458053459,0.9473895826249251,0.7533351215952694,nan,nan,nan,1074.23167271493,0.47606005996931344,1074.7077327748993,0.009334004949778318,0.4120684680528939,0.4214024730026722,0.0011224390473216772,0.019186062971130013,0.9084393649827689,9.070936712873845e-08,2.248962815650835e-08,True,959,1074.23167271493,0,0,0.027288892697695064,5.782161156584713e+25,outputs/Mach_interpolation/naca0012/iso/hessian/eig/h0.025/M1.80-1.90/drift_null/gmin0.001
eig,0.025,mach,0.0,1.9,2.0,23548,null,0.001,5,0.008529296172218157,0.004777764488118775,0.002955255856074452,1.4791728963357045,0.3449802517890932,0.4448948178002694,nan,nan,nan,0.0011183570894728308,0.0002781203042832288,0.000569818352582944,0.0006385201685291709,0.00022942479697547362,0.00123620222166391,0.005276201199059791,0.005530893423178863,0.005126661289227451,0.07863133521688818,0.005018376648966553,,0.028893535488463604,0.015972340615512743,0.013383734081342543,nan,nan,nan,0.6423550443007064,1.0005664357969053,0.7292128053676212,nan,nan,nan,1171.1870529099833,0.48424755601445213,1171.6713004659978,0.009161756956018507,0.420208110997919,0.4293698679539375,0.0004430290427990258,0.01987869996810332,0.924779258959461,9.994378658007008e-08,5.2110617348710484e-08,True,1127,1171.1870529099833,0,0,0.014878823483746358,4.830860957360361e+18,outputs/Mach_interpolation/naca0012/iso/hessian/eig/h0.025/M1.90-2.00/drift_null/gmin0.001
eig,0.025,mach,0.0,2.0,2.1,23548,null,0.001,5,0.00815964423608865,0.0054225308689139625,0.00648855649736984,1.5059628176022275,0.6713736489415169,1.012003886236983,nan,nan,nan,0.007825640173008706,0.003969712926709291,0.003713337151868575,0.0014014070223452124,0.0015768844119595613,0.0019609734298914566,0.00679323938636251,0.005530940431691921,0.005079423475840697,0.08404322062889444,0.00430398665330389,,0.02849797780134768,0.02964305529111307,0.03704934302637167,nan,nan,nan,0.529356563689158,0.7730521928332327,0.6747769983829787,nan,nan,nan,553.5826428513974,0.44938721135258675,554.03203006275,27.195178787223995,0.3939042454585433,27.589083032682538,0.00109025277197361,0.018158490769565105,0.8625464290380478,9.722132077172319e-08,2.7082304308097463e-08,True,1075,553.5826428513974,0,0,0.01758298632037634,2.6628581486893405e+22,outputs/Mach_interpolation/naca0012/iso/hessian/eig/h0.025/M2.00-2.10/drift_null/gmin0.001
eig,0.025,mach,0.0,2.1,2.2,23548,null,0.001,5,0.008326621613553277,0.0037368970013583764,0.0029594571066217145,1.662130616597282,0.8750494778156281,0.8540023765583962,nan,nan,nan,0.010589564259691738,0.0004691653697344311,0.0004978366193309784,0.00177544974805629,0.0016521043121605272,0.002230273083165716,0.006446422706016614,0.006517725092787959,0.006154509546872214,0.08670235177132207,0.006969910914451998,,0.030197037719632298,0.018983298846759884,0.017964008721896844,nan,nan,nan,0.4482316167669351,0.8633783628645161,0.8492344722684776,nan,nan,nan,671.0185498637147,0.4390212409198284,671.4575711046346,0.008554290980100632,0.3856822117231786,0.39423650270327926,0.0011207889765501022,0.0176877249032259,0.8435156121850014,8.802383888451004e-08,4.095767896801655e-08,True,1147,671.0185498637147,0,0,0.04529353986746642,422784857292136.25,outputs/Mach_interpolation/naca0012/iso/hessian/eig/h0.025/M2.10-2.20/drift_null/gmin0.001
eig,0.025,mach,0.0,2.2,2.3,23548,null,0.001,5,0.00845276146468408,0.002605523954210225,0.0028319564118908878,1.6050461343570859,0.40266804695129377,0.5157102464503314,nan,nan,nan,0.006867406912506145,0.00014648248240959092,0.00045478367065041357,0.002327374909887581,0.0004187146507091942,0.0016875653094655658,0.00599409155991386,0.007457386512014414,0.006291157376525679,0.08362252712638468,0.0069628282429214355,,0.02832342534149669,0.006594855496488351,0.012364601307054766,nan,nan,nan,0.4630450783341329,0.9932496330870492,0.7136231847325407,nan,nan,nan,529.2466314872727,0.4322468847967684,529.6788783720694,27.030002227053046,0.37809300515800714,27.408095232211053,0.0009980951435863972,0.017533092759549618,0.8288734406232834,9.821124535847048e-08,3.2695326342552916e-08,True,1145,529.2466314872727,0,0,0.036666414926519994,12492451272458.389,outputs/Mach_interpolation/naca0012/iso/hessian/eig/h0.025/M2.20-2.30/drift_null/gmin0.001
eig,0.025,mach,0.0,2.3,2.4,23548,null,0.001,5,0.007554317296117604,0.0018929661707917439,0.0017775719414669917,1.6823907093615587,0.09980418682098424,0.17036606461595127,nan,nan,nan,0.00464107749463558,9.085157435999303e-05,0.0003018131580881979,0.0023345515323487513,0.0001066260988286508,0.0007385629854058068,0.007295606577563835,0.00876171863955074,0.008459336539343868,0.08106893552139874,0.008387899900902305,,0.02742134403908813,0.004184887059432906,0.006363460704660905,nan,nan,nan,0.5394228328432094,0.9951755272529581,0.9873940994382197,nan,nan,nan,1061.8692303190473,0.47625711001455784,1062.345487429062,0.010469327098689973,0.4098098719259724,0.4202791990246624,0.001125735929235816,0.01917794207111001,0.9063727440079674,9.86067760777587e-08,3.6474872453923904e-08,True,1115,1061.8692303190473,0,0,0.015160088594154261,523061.0607701578,outputs/Mach_interpolation/naca0012/iso/hessian/eig/h0.025/M2.30-2.40/drift_null/gmin0.001
eig,0.025,mach,0.0,2.4,2.5,23548,null,0.001,5,0.007486844989953624,0.001440097699525693,0.0016184212896003549,1.773945025847126,0.153633713722229,0.21979098975005984,nan,nan,nan,0.004241232008522716,0.0003315946024186796,0.00024542641363889086,0.004040561819931334,0.0004011595603640153,0.0017309640324486963,0.007220969687731655,0.009678528660855695,0.009003474288160403,0.07950355921433928,0.009732829617564685,,0.026911804260143144,0.0037174710797485016,0.005577420770917,nan,nan,nan,0.47508015323744124,1.0464977138967224,0.9255227106817024,nan,nan,nan,598.609011289198,0.4357799361459911,599.0447912253439,27.88174751587212,0.3804716393351555,28.262219155207276,0.0011178250424563885,0.017702747136354446,0.8350806101225317,9.516635279815944e-08,3.031287915737896e-08,True,1134,598.609011289198,0,0,0.017951967396917994,153716.4562550654,outputs/Mach_interpolation/naca0012/iso/hessian/eig/h0.025/M2.40-2.50/drift_null/gmin0.001
eig,0.025,mach,0.0,2.5,2.6,23548,null,0.001,5,0.007373561109495876,0.001327092010334764,0.0015356947112065806,2.0023825985464048,0.13075394630432124,0.3544684328965042,nan,nan,nan,0.006027431699616827,0.00023016241640120652,0.00047728274947563605,0.004338834256015417,0.0004022947341235444,0.0012545939050328356,0.0074287055365078545,0.00954584087264791,0.00871453331549246,0.07849810795467219,0.008328256821915243,,0.025880665450708565,0.0031531496666385036,0.005979455792203432,nan,nan,nan,0.38491057690541614,0.9973900450641393,0.8564054667113487,nan,nan,nan,995.6305132294074,0.4769793311133981,996.1074925605208,37.172987713478506,0.40977133996784687,37.58275905344635,0.0011455658823251724,0.01935884729027748,0.9072619266808033,8.967617315391863e-08,2.7667184706359007e-08,True,894,995.6305132294074,0,0,0.026090259996987324,990.0287981883124,outputs/Mach_interpolation/naca0012/iso/hessian/eig/h0.025/M2.50-2.60/drift_null/gmin0.001
eig,0.025,mach,0.0,2.6,2.7,23548,null,0.001,5,0.007231066846564285,0.0011827071554286006,0.001776440233557941,2.0300704224536625,0.137337017059326,0.6118797774809024,nan,nan,nan,0.004322012425244841,7.904633389177617e-05,0.0011179931038266349,0.004919969753106193,0.00012958774378914339,0.0008982996274185845,0.006108916471971749,0.009035537572645679,0.008380301676338962,0.07695680231117681,0.008352429290458012,,0.02731871147862841,0.00211248338829067,0.009820792787929947,nan,nan,nan,0.3663440109807129,0.9961751366067619,0.6916827571881513,nan,nan,nan,556.482649940066,0.435331589076668,556.9179815291427,28.207624280825257,0.37962396210059524,28.587248242925853,0.0010219407267868519,0.01763941114768386,0.8336192551068962,9.652869947807119e-08,2.9166744685559543e-08,True,1261,556.482649940066,0,0,0.01636797765467367,6347.321602995103,outputs/Mach_interpolation/naca0012/iso/hessian/eig/h0.025/M2.60-2.70/drift_null/gmin0.001
eig,0.025,mach,0.0,2.7,2.8,23548,null,0.001,5,0.010616382653533912,0.005920947177049742,0.006154985946095711,2.3455743652493255,2.0625467598438267,2.2954989934173304,nan,nan,nan,0.00935035363330065,0.002935581070613583,0.006179780882266734,0.010766291689990678,0.005766623451982331,0.005640508505206464,0.003424842305081886,0.00818762129727204,0.008505037288739086,0.07619629039920942,0.010222442158535218,,0.039104243484986395,0.02768547012560233,0.03565749161674555,nan,nan,nan,0.36486019407906456,0.8397993726170435,0.7010005100656226,nan,nan,nan,535.5262956451625,0.437041612342,535.9633372575045,28.3166261469014,0.3802714077755809,28.69689755467698,0.001132757868617773,0.017717665992677212,0.8361665387637913,9.406221579411067e-08,3.4037727322862456e-08,True,1067,535.5262956451625,0,0,0.052130787278987206,26513.26679914912,outputs/Mach_interpolation/naca0012/iso/hessian/eig/h0.025/M2.70-2.80/drift_null/gmin0.001
eig,0.025,mach,0.0,2.8,2.9,23548,null,0.001,5,0.007259703087626101,0.0011401969079288044,0.0011402004896989342,2.49491908688117,0.15338668823242152,0.1533859952399088,nan,nan,nan,0.01295620014270517,0.00021030966516705373,0.00021031460665605104,0.0006962846817471945,0.0002895254210978,0.0002895226204764625,0.000600807838522201,0.0006285290856446224,0.0006284875561276886,0.08017598229587561,0.0006272627035634155,,0.021044810242823356,0.0021178539458038535,0.0021178474944549093,nan,nan,nan,0.3536485859162366,0.9976829462038905,0.9976797369584408,nan,nan,nan,1020.7577586399857,0.4674208770156838,1021.2251795170014,36.663846982992254,0.40845077799167484,37.07229776098393,0.001112661964725703,0.0191485479590483,0.89613535994431,9.848844406690205e-08,3.519910826633786e-08,True,1027,1020.7577586399857,0,0,0.021319113159086755,376.73004361536533,outputs/Mach_interpolation/naca0012/iso/hessian/eig/h0.025/M2.80-2.90/drift_null/gmin0.001
eig,0.025,mach,0.0,2.9,3.0,23548,null,0.001,5,0.006872510011123685,0.0010260359102995922,0.0010260400496400522,2.6166554031923455,0.1009523868560791,0.1009523868560791,nan,nan,nan,0.01305378511789634,0.00011604677142271357,0.00011605595089467852,0.0004674357000244022,0.00012861765654282253,0.0001286070617238233,0.0010992590396440105,0.0020612118462765166,0.002061165670074375,0.07778761795800776,0.0013492652731903064,,0.021532168041900432,0.001838788359388349,0.0018387932273774528,nan,nan,nan,0.3413327577534188,0.9982885972984042,0.998284815019033,nan,nan,nan,597.9963645702228,0.43358637392520905,598.429950944148,28.712411485612392,0.5690135061740875,29.28142499178648,0.0011112354695796967,0.017751052044332027,1.0214686375111341,9.632077002663664e-08,3.3279585939782586e-08,True,1309,597.9963645702228,0,0,0.01849095250111024,3.8236672460253467,outputs/Mach_interpolation/naca0012/iso/hessian/eig/h0.025/M2.90-3.00/drift_null/gmin0.001
eig,0.025,mach,2.0,0.8,0.9,23548,null,0.001,5,0.020318960372515897,0.02487542138029235,0.022217160158254902,0.6740320396308881,0.5464495897293091,0.5948146712423183,nan,nan,nan,0.012166309302148681,0.002176073245361046,0.03079049344649395,0.026575476754833315,0.002849561204956904,0.00910784063184903,0.23904249717894355,0.25399410931522715,0.2526220659499447,0.046312903564739286,0.2535516525864444,,0.0440613056272119,0.06248535257348246,0.018863924984519432,nan,nan,nan,0.8820241753603619,1.0028023593842412,0.5161213919606473,nan,nan,nan,924.0717458479339,0.47926944005303085,924.551015287987,35.23013204801828,0.4117876719683409,35.64191971998662,0.001196228084154427,0.019271456985734403,0.911526981042698,9.623376939771333e-08,3.583043432753719e-08,True,850,924.0717458479339,0,0,0.07816032342340468,4.25853420208549e+37,outputs/Mach_interpolation/naca0012/iso/hessian/eig/h0.025/aoa2.00/M0.80-0.90/drift_null/gmin0.001
eig,0.025,mach,2.0,0.9,1.0,23548,null,0.001,5,0.020787821382154445,0.02932747431243988,0.009217256754255903,0.6783224741057423,0.5190495610237122,0.7435315747268186,nan,nan,nan,0.00332529017961343,0.0014281042338068176,0.009092208524780288,0.02131453044500579,0.012242044752471688,0.03144160100402002,0.2332618253163754,0.23871986441730053,0.23123790201215866,0.08851231921516327,0.22379281903556875,,0.03945064651298856,0.06599485057223593,0.028916808102322254,nan,nan,nan,0.8184170351199767,1.0409545619726022,0.7309695974689783,nan,nan,nan,521.6741370451637,0.436746665276587,522.1108837104402,26.14993371302262,0.38287176424637437,26.532805477268994,0.0010358840227127075,0.01763840112835169,0.8382955268025398,9.707437698125432e-08,3.214543768467503e-08,True,899,521.6741370451637,0,0,0.07160089912053487,2.173266642966047e+38,outputs/Mach_interpolation/naca0012/iso/hessian/eig/h0.025/aoa2.00/M0.90-1.00/drift_null/gmin0.001
eig,0.025,mach,2.0,1.0,1.1,23548,null,0.001,5,0.023760314609343317,0.02952512893783962,0.010854379502364002,0.6572353778170518,0.7138084471225739,0.5930076957626014,nan,nan,nan,0.0029237942185475745,0.0009183565878316489,0.01132947353622903,0.001973037308671957,0.0009430008845788386,0.016057808322681236,0.17788544898345443,0.1782330045549274,0.1688463281271151,0.10307138012644176,0.1685281076065708,,0.05270059741414095,0.05719874050729459,0.029277940882757383,nan,nan,nan,0.9115781061976255,1.2129613781011988,0.8031082356128274,nan,nan,nan,891.8965130620054,0.47990723699331284,892.3764202989987,32.959706867986824,0.4120548139908351,33.37176168197766,0.0011163090239278972,0.019174528948497027,0.912255072966218,6.812180686210922e-08,3.0066482523710625e-08,True,672,891.8965130620054,0,0,0.02900923734267589,4.6135394276163867e+48,outputs/Mach_interpolation/naca0012/iso/hessian/eig/h0.025/aoa2.00/M1.00-1.10/drift_null/gmin0.001
eig,0.025,mach,2.0,1.1,1.2,23548,null,0.001,5,0.01652382488088414,0.026401132497099238,0.010766440300598987,0.5563789315391182,0.3718847751617431,0.603001248053865,nan,nan,nan,0.005819858882529932,0.00010529726270250746,0.007505604416963387,0.007094677810330676,0.0008710418694749687,0.0108720044140467,0.14971218477405684,0.15505916724897983,0.1480663671158246,0.10074978110746907,0.147850451261338,,0.024344258519923483,0.03637980814104801,0.02247368899748041,nan,nan,nan,0.9389889687525212,1.008742853023684,0.6478833094369035,nan,nan,nan,1033.2502340693027,0.47813390474766493,1033.7283679740503,32.68547269701958,0.4096601791679859,33.09513287618756,0.001092858612537384,0.019142559729516506,0.9080357635393739,9.849919990756462e-08,3.7159418390382976e-08,True,905,1033.2502340693027,0,0,0.059430959193599704,5.034447696443509e+64,outputs/Mach_interpolation/naca0012/iso/hessian/eig/h0.025/aoa2.00/M1.10-1.20/drift_null/gmin0.001
eig,0.025,mach,2.0,1.2,1.3,23548,null,0.001,5,0.014331574388522937,0.022672782106855773,0.010085507926687639,0.5345294190425178,0.36341125965118426,0.6292061209377828,nan,nan,nan,0.005556370566038972,0.0001508515897616975,0.007607074993598171,0.009704254327280077,0.00033612007623798964,0.009584431759801178,0.13401661501617232,0.1395486612424047,0.13628730688469212,0.09869635447253826,0.13454213046727162,,0.021072604179272716,0.06889668394924245,0.025445853626629888,nan,nan,nan,0.6848982374707314,0.9981536605338279,0.6750076381869835,nan,nan,nan,670.4496962949634,0.4397777314297855,670.8894740263931,26.082636191044003,0.4050090340897441,26.487645225133747,0.00102959293872118,0.01787184877321124,0.8636915618553758,9.130213385333263e-08,4.221114949709182e-08,True,1074,670.4496962949634,0,0,0.06521713582703483,3.6711130000117734e+90,outputs/Mach_interpolation/naca0012/iso/hessian/eig/h0.025/aoa2.00/M1.20-1.30/drift_null/gmin0.001
eig,0.025,mach,2.0,1.3,1.4,23548,null,0.001,5,0.014906713948752821,0.018310647129712396,0.007389103849854015,0.652045800471718,0.4423632025718689,0.5746739095384622,nan,nan,nan,0.011607444215231385,9.083434584757077e-05,0.007263902151014592,0.0124524122815376,0.0003036951612451951,0.0071606517953409264,0.11985375221007616,0.1275779680415231,0.12523349191959732,0.09721338762878678,0.1237618771482562,,0.029309346102709213,0.07970310819460054,0.02529721866614482,nan,nan,nan,0.8696225239179672,0.9320298622364944,0.6987893220708915,nan,nan,nan,771.1752074100077,0.4421752030029893,771.6173826130107,26.27843792689964,0.3870207699947059,26.665458696894348,0.0009922180324792862,0.01784053025767207,0.8480319958180189,8.178756161214551e-08,2.3053188463575737e-08,True,1298,771.1752074100077,0,0,0.0937173346462382,1.406499470573119e+72,outputs/Mach_interpolation/naca0012/iso/hessian/eig/h0.025/aoa2.00/M1.30-1.40/drift_null/gmin0.001
eig,0.025,mach,2.0,1.4,1.5,23548,null,0.001,5,0.011908980411081441,0.013694445765742247,0.005369946656499514,0.6158595634532031,0.5337103366851808,0.4532547706368688,nan,nan,nan,0.008640394279137873,7.14801789675155e-05,0.004148457240193102,0.0054152883158012826,0.0002338716901804233,0.006733202998096506,0.11493085051125725,0.11816051544607961,0.11433632419546028,0.09620202198594992,0.11415620227264779,,0.029704368664557352,0.06649721837118795,0.023884309773776265,nan,nan,nan,0.834026913969132,0.8524743193756179,0.7587563443475266,nan,nan,nan,606.6307797851041,0.4374847928993404,607.0682645780034,27.39199227001518,0.38192950980737805,27.773921779822558,0.0010449262335896492,0.017678457777947187,0.838141392916441,8.634152237618764e-08,1.907283115694437e-08,True,985,606.6307797851041,0,0,0.06591377925582353,2.223854395210229e+53,outputs/Mach_interpolation/naca0012/iso/hessian/eig/h0.025/aoa2.00/M1.40-1.50/drift_null/gmin0.001
eig,0.025,mach,2.0,1.5,1.6,23548,null,0.001,5,0.01220187629180723,0.010459993010820902,0.004712323566029307,0.8001263550437903,0.42330573797225934,0.48977313491404717,nan,nan,nan,0.0027817888720409883,0.00010734423831164507,0.003594809038616753,0.005857643434594725,0.000362136971465256,0.005252841015466957,0.1057655591784358,0.10887631079472557,0.10684733981810288,0.094986439350618,0.10566167711961695,,0.0278600436374508,0.04789191682569834,0.023795533334182134,nan,nan,nan,0.6153763308855563,1.031739010111765,0.7739071713730512,nan,nan,nan,1082.3974860799499,0.475483188056387,1082.8729692680063,40.43578023905866,0.4119884551037103,40.84776869416237,0.0012260939693078399,0.019203688018023968,0.9079032090958208,9.243112941703657e-08,3.1270244177778736e-08,True,1039,1082.3974860799499,0,0,0.03646693737297904,2.8078061012599482e+29,outputs/Mach_interpolation/naca0012/iso/hessian/eig/h0.025/aoa2.00/M1.50-1.60/drift_null/gmin0.001
eig,0.025,mach,2.0,1.6,1.7,23548,null,0.001,5,0.013502404828287478,0.009962466455761113,0.007445762108578348,1.0008331672031443,1.1230003595352172,1.1427463367307096,nan,nan,nan,0.0020237436902759867,0.003241356236484879,0.00312879606741456,0.011005725071795659,0.005158476458906214,0.010005867166734104,0.09849507322516794,0.1013250669012484,0.0987232032745531,0.09042447682030753,0.10222952064712422,,0.045772235853601725,0.04593297796584159,0.04074919905764189,nan,nan,nan,0.6173977995012502,0.8977220933440156,0.7371196298115619,nan,nan,nan,1008.3739214200177,0.4763046210282482,1008.850226041046,34.58653421496274,0.4100277270190418,34.99656194198178,0.0011261869804002345,0.019206843979191035,0.9066678449744359,9.351584040473426e-08,2.6160466747651978e-08,True,965,1008.3739214200177,0,0,0.02026598336057976,1.623924829275734e+36,outputs/Mach_interpolation/naca0012/iso/hessian/eig/h0.025/aoa2.00/M1.60-1.70/drift_null/gmin0.001
eig,0.025,mach,2.0,1.7,1.8,23548,null,0.001,5,0.010664141134767777,0.0077349693027059675,0.004518431212913388,1.0047020914458669,0.48794112391769884,0.4509712659559703,nan,nan,nan,0.003275825866539574,0.0018236928894858092,0.001561463128530409,0.004361933846767886,0.0010598630260169944,0.008738425903577816,0.08859417361758969,0.09142931771713046,0.08593924338587504,0.0929698445212187,0.08947056866533067,,0.028222383067328365,0.03475205390788943,0.023357035846565247,nan,nan,nan,0.6164440747197177,0.9003384059121554,0.7433648451684339,nan,nan,nan,1158.2514496305957,0.4759610937908292,1158.7274107243866,38.91654597315937,0.410926790907979,39.32747276406735,0.0011601941660046577,0.01926315575838089,0.907316223718226,9.836716685640567e-08,2.3905997931070806e-08,True,935,1158.2514496305957,0,0,0.028592566029116962,6.347996108951741e+37,outputs/Mach_interpolation/naca0012/iso/hessian/eig/h0.025/aoa2.00/M1.70-1.80/drift_null/gmin0.001
eig,0.025,mach,2.0,1.8,1.9,23548,null,0.001,5,0.010180807129469269,0.006665719217986872,0.003843430891462789,1.203904218801176,0.48552650213241577,0.5894487169500854,nan,nan,nan,0.0005439305377181119,0.0004758522250022394,0.0014147510893158244,0.0057425642588905985,0.001277736290961713,0.0035447870482517773,0.08341030882653536,0.08590677515330031,0.08495206549915792,0.08523648122131047,0.08523146861963012,,0.027723907277533197,0.02521792321512362,0.0193202974288159,nan,nan,nan,0.5591364623989215,0.8834556490707701,0.6508915614529672,nan,nan,nan,1148.6653409069404,0.48998674657195807,1149.1553276535124,34.74511214531958,0.429458050057292,35.17457019537687,0.001421312801539898,0.020070236176252365,0.9409392727538943,9.252786270508295e-08,3.225772982763975e-08,True,1035,1148.6653409069404,0,0,0.020303038298119382,2.6978707609529382e+29,outputs/Mach_interpolation/naca0012/iso/hessian/eig/h0.025/aoa2.00/M1.80-1.90/drift_null/gmin0.001
eig,0.025,mach,2.0,1.9,2.0,23548,null,0.001,5,0.008379371523027557,0.004786139168248332,0.0028654767923014207,1.4281752985913998,0.31333452463150024,0.4578018379465105,nan,nan,nan,0.00047240256789370257,8.197371771751566e-05,0.00017819489779809393,0.0032499890511293486,0.0002192487407567035,0.0012790120527456743,0.07927342199188449,0.08100056813855426,0.08030647062517267,0.07871285541311167,0.07858738516796132,,0.028881792729230533,0.016443951542314702,0.012637693861224342,nan,nan,nan,0.6394503694920535,0.9947981682973318,0.727230962184135,nan,nan,nan,660.5765891182236,0.43304107105359435,661.0096301892772,27.591296767815948,0.37923704693093896,27.970533814746886,0.0009804987348616123,0.017619458958506584,0.830880920868367,9.553225766012474e-08,3.308224013348304e-08,True,1150,660.5765891182236,0,0,0.015323594485025058,1.0715874895810172e+26,outputs/Mach_interpolation/naca0012/iso/hessian/eig/h0.025/aoa2.00/M1.90-2.00/drift_null/gmin0.001
eig,0.025,mach,2.0,2.0,2.1,23548,null,0.001,5,0.010373041954580588,0.005973948565935676,0.006499941634738358,1.1090337158607584,0.9754075706005099,1.0737055283572752,nan,nan,nan,0.0032379649725857145,0.004887494475107884,0.00525532089850692,0.003359498354297976,0.0015070894829231568,0.0015043924103561373,0.07455683489509647,0.07660609283179425,0.07570543658754028,0.07884709744016573,0.07486050414206043,,0.035351558244189,0.025196223659989466,0.026749938107829732,nan,nan,nan,0.5320876019222054,0.838543741720407,0.7143431315150421,nan,nan,nan,692.8293894259259,0.4413093673065305,693.2706987932324,27.32187515310943,0.3832993293181062,27.705174482427537,0.001045134849846363,0.017766693606972694,0.8434296809136868,9.730610983638144e-08,2.8353086247803056e-08,True,1100,692.8293894259259,0,0,0.0173098452331168,1.055309716828613e+21,outputs/Mach_interpolation/naca0012/iso/hessian/eig/h0.025/aoa2.00/M2.00-2.10/drift_null/gmin0.001
eig,0.025,mach,2.0,2.1,2.2,23548,null,0.001,5,0.008325524650384572,0.0040856466500802085,0.0032184518392926755,1.6271981764143821,0.9986584067344666,1.0670182419914755,nan,nan,nan,0.008615908078454177,0.0002753656253236382,0.001393101033398449,0.005564689484194426,0.0015295927208643428,0.0032846562396406176,0.07410859300212584,0.07639497992885894,0.07554106835833696,0.08696294973568151,0.07654752399747672,,0.029350329106729314,0.020614104376690687,0.019275452919069302,nan,nan,nan,0.46959837647737085,0.8752829194343847,0.8126296989113123,nan,nan,nan,633.2808040538803,0.45638576056808233,633.7371898144484,27.874934328719974,0.40112471487373114,28.276059043593705,0.001074499450623989,0.018588656559586525,0.8771765353158116,9.948794854608423e-08,5.1508866639170895e-08,True,1229,633.2808040538803,0,0,0.03459759199378668,1.8236273621950462e+22,outputs/Mach_interpolation/naca0012/iso/hessian/eig/h0.025/aoa2.00/M2.10-2.20/drift_null/gmin0.001
eig,0.025,mach,2.0,2.2,2.3,23548,null,0.001,5,0.008172845487981537,0.0025692155808657567,0.002494668816861512,1.6939013566945533,0.39345353841781616,0.3467769978477181,nan,nan,nan,0.004742050204328336,0.0002149731936574923,0.0008137737215289514,0.005028525362347647,0.0006874211033934741,0.002908030219090938,0.07175645200424739,0.07428250446437734,0.07309467081512044,0.08463860310257505,0.0749362753259302,,0.02660496601774361,0.006178707874263622,0.010133958401088024,nan,nan,nan,0.5245780403060532,0.9822961354230941,0.8087413078975714,nan,nan,nan,649.0870295530185,0.43729256512597203,649.5243221181445,27.72456667991355,0.382160603068769,28.10672728298232,0.0010793991386890411,0.01781699573621154,0.8383525069803,9.459185434934625e-08,4.548138339251384e-08,True,1258,649.0870295530185,0,0,0.0223917361819287,7017066238009979.0,outputs/Mach_interpolation/naca0012/iso/hessian/eig/h0.025/aoa2.00/M2.20-2.30/drift_null/gmin0.001
eig,0.025,mach,2.0,2.3,2.4,23548,null,0.001,5,0.007906100856284374,0.0027437829585492766,0.0028142500684191756,1.7643596829435648,0.8146533250808714,0.7152839283409107,nan,nan,nan,0.004582595671782801,0.000587593488046949,0.00032527028210232393,0.0018727865149815001,0.003186087965579867,0.0022070961624718393,0.0714208345190318,0.073838096138618,0.07313082202589545,0.08245432882508782,0.06898625104470207,,0.02478593616666204,0.011121186752839253,0.011073202755315373,nan,nan,nan,0.4068870303818392,0.9113764010831606,0.822466315923466,nan,nan,nan,1190.2896444850485,0.473993732011877,1190.7636382170604,35.109975079016294,0.40742549300193787,35.51740057201823,0.0011345729581080377,0.019122655037790537,0.901681412011385,9.722452354310462e-08,3.3286168047929874e-08,True,1175,1190.2896444850485,0,0,0.01623849729546568,521064873506.1089,outputs/Mach_interpolation/naca0012/iso/hessian/eig/h0.025/aoa2.00/M2.30-2.40/drift_null/gmin0.001
eig,0.025,mach,2.0,2.4,2.5,23548,null,0.001,5,0.009441770864075686,0.0047135846033301045,0.00505472369227837,2.063497052049118,1.0299310684204102,1.0072852341556935,nan,nan,nan,0.007285577728402579,0.0027934123976160186,0.0010888532354972876,0.008285883830468486,0.004328196926897173,0.012493596091743116,0.0652319615959506,0.06872125742858104,0.06426292512394109,0.08221056923076074,0.06783007892185718,,0.02840711146011792,0.017498590037147807,0.019632414992697602,nan,nan,nan,0.4445676750818078,1.0526386454757133,0.8910361760434913,nan,nan,nan,1173.719807405956,0.4737446969957091,1174.1935521029518,36.11681325198151,0.407429268991109,36.52424252097262,0.0010930050048045814,0.01900038297753781,0.9012695889687166,9.869145856100658e-08,2.947791947538491e-08,True,1273,1173.719807405956,0,0,0.021309451040868524,667767801800.6338,outputs/Mach_interpolation/naca0012/iso/hessian/eig/h0.025/aoa2.00/M2.40-2.50/drift_null/gmin0.001
eig,0.025,mach,2.0,2.5,2.6,23548,null,0.001,5,0.008027751614561256,0.0016874377423691082,0.002270259188426076,2.2944306478745675,0.19315731525421143,1.0042979528601523,nan,nan,nan,0.01229255707912723,0.00013302077869409445,0.0008821913782992019,0.0004020704042298376,0.00016711713010796817,0.0003001533597493751,0.056818877737700675,0.05686667819984526,0.05671862877276062,0.08597280562489862,0.05429848731717086,,0.025978503848742174,0.0042961201012057535,0.01347332037086566,nan,nan,nan,0.3450566278447875,1.0002403993891071,0.6602843299624209,nan,nan,nan,1027.0430690217763,0.476230314001441,1027.5192993357778,38.932558454573154,0.4088576827198267,39.34141613729298,0.0011365097016096115,0.01934666931629181,0.9055740302428603,9.662395217269193e-08,2.8844967592227994e-08,True,1040,1027.0430690217763,0,0,0.020909915588963504,447.8373191989808,outputs/Mach_interpolation/naca0012/iso/hessian/eig/h0.025/aoa2.00/M2.50-2.60/drift_null/gmin0.001
eig,0.025,mach,2.0,2.6,2.7,23548,null,0.001,5,0.0077066197149968825,0.001299205433026986,0.00172796168825709,2.2838167473363153,0.10158257484436062,0.5976326687002149,nan,nan,nan,0.012349551661206238,0.00010314162196327359,0.0017365988862313457,0.00045106142607516077,0.00019773598271686602,0.00026935445973592546,0.05110455681111124,0.05120841288781661,0.050945970983072894,0.08413751077269527,0.04995176953340401,,0.025352057377114864,0.0029366050098234044,0.008180506695748838,nan,nan,nan,0.3591777984348908,1.0039563893858003,0.7856824519345286,nan,nan,nan,597.9289167970419,0.4354875502176583,598.3644043472596,28.603070608805865,0.380707950796932,28.983778559602797,0.0011086701415479183,0.01769791590049863,0.8350049220025539,9.869512562765692e-08,2.9508282392003032e-08,True,1292,597.9289167970419,0,0,0.02240398505777601,516.4568752066499,outputs/Mach_interpolation/naca0012/iso/hessian/eig/h0.025/aoa2.00/M2.60-2.70/drift_null/gmin0.001
eig,0.025,mach,2.0,2.7,2.8,23548,null,0.001,5,0.007700169168360909,0.0012522751064992644,0.0019165423115136441,2.3294898712644208,0.5823301792144777,0.5897437750077119,nan,nan,nan,0.012727699943898078,0.00022648585977810061,0.002715048663466244,0.0006121517884510419,0.0008123557095437817,0.0004090967297985526,0.050089303863010234,0.05006719951603126,0.04935822734610864,0.0820153128808109,0.04882063241263463,,0.023877889314864762,0.0042095634774460535,0.008079648671857011,nan,nan,nan,0.35097013338750693,1.001845859367781,0.7491096758101294,nan,nan,nan,579.6090843379498,0.4453512202017009,580.0544355581515,27.79580461094156,0.3929157378152013,28.18872034875676,0.0010241246782243252,0.01830706000328064,0.8576086470857263,9.626329111611653e-08,3.0454453255295245e-08,True,1073,579.6090843379498,0,0,0.0229404784984965,681.4091772945151,outputs/Mach_interpolation/naca0012/iso/hessian/eig/h0.025/aoa2.00/M2.70-2.80/drift_null/gmin0.001
eig,0.025,mach,2.0,2.9,3.0,23548,null,0.001,5,0.007139978102238274,0.0008592397230329104,0.0011225334773219938,2.597787670754054,0.0836418867111206,0.3225465362155302,nan,nan,nan,0.014131272730536869,4.582574071433026e-05,0.0007850553752515496,0.0011805878316608496,8.379457684616081e-05,0.0004150299136782122,0.04758178932231722,0.04705862662332646,0.04686561189436496,0.07757563207635648,0.04629046986161089,,0.021632956010414043,0.0013979666274815845,0.003108931272834601,nan,nan,nan,0.3581589011790103,0.9992539876896599,0.8771042847697805,nan,nan,nan,552.3186622168869,0.43573133274912834,552.754393549636,28.774194922298193,0.37554985098540783,29.1497447732836,0.0010552499443292618,0.017776483669877052,0.8301189476624131,9.982181126133582e-08,3.56453479263809e-08,True,1110,552.3186622168869,0,0,0.02595547632771703,40792.55391220189,outputs/Mach_interpolation/naca0012/iso/hessian/eig/h0.025/aoa2.00/M2.90-3.00/drift_null/gmin0.001
eig,0.025,mach,0.0,0.8,0.9,23548,null,0.01,2,0.020533638272495366,0.023340495322464398,0.02069282244865053,0.39003457585302526,0.4341567218303679,0.4704005302783578,nan,nan,nan,0.007556631396300584,0.002194889800959858,0.01973424185390393,0.002042102307432201,0.0011406771668571467,0.001350625787537862,0.004557785258782139,0.003472331325497623,0.002286360029693496,0.04602296675976563,0.0012042733848182956,,0.03869986823572496,0.05436803577402452,0.012110735794983169,nan,nan,nan,0.970115745725281,0.9997669412075901,0.6635320822720236,nan,nan,nan,497.74626975599676,0.4768609149614349,498.2231306709582,0.01058640202973038,0.40920254203956574,0.4197889440692961,0.0011214870028197765,0.01936406595632434,0.9065515750553459,9.670843859055367e-08,3.855484148084369e-08,True,136,497.74626975599676,0,0,0.02848207224079625,254.23679917316633,outputs/Mach_interpolation/naca0012/iso/hessian/eig/h0.025/M0.80-0.90/drift_null/gmin0.01
eig,0.025,mach,0.0,0.9,1.0,23548,null,0.01,2,0.02144221289633522,0.029057661532371486,0.008961569703089157,0.574771029213399,0.5637418031692505,0.5628250155941315,nan,nan,nan,0.009160292045441666,0.0015857134560530004,0.005942805751220651,0.0014028231195464278,0.0009921530728408884,0.002316764082295173,0.0031533796979025678,0.003231997929473239,0.003808174161249631,0.08889940095738784,0.0019486100606276799,,0.03414918103060144,0.06616363696814194,0.02493817669636522,nan,nan,nan,0.8343004266371957,1.0416204936663231,0.7581852751325331,nan,nan,nan,484.8534611593932,0.4771592142060399,485.33062037359923,0.009787902235984802,0.4115365883335471,0.4213244905695319,0.001119166612625122,0.01950510498136282,0.909322508610785,8.813796981144151e-08,1.9939207123466898e-08,True,129,484.8534611593932,0,0,0.10543188543586782,81227.29443798987,outputs/Mach_interpolation/naca0012/iso/hessian/eig/h0.025/M0.90-1.00/drift_null/gmin0.01
eig,0.025,mach,0.0,1.0,1.1,23548,null,0.01,2,0.0280081622569829,0.029569762679791278,0.011086574479924859,0.6449478030250684,0.5999207735061646,0.4968964909632104,nan,nan,nan,0.003894388926246564,0.0009745000508351448,0.011104575930622465,0.0008937492149502297,0.0007717009289351178,0.0009127803807398247,0.001102447648616727,0.0008484240233315544,0.001081227576858565,0.10355119820397703,0.0006436220963663847,,0.06776925695538076,0.06157419357666578,0.03628074639075437,nan,nan,nan,0.8529267467291464,1.1066384017070223,0.9016028041612637,nan,nan,nan,427.1447096420452,0.47755504003725946,427.62226468208246,0.009325526072643697,0.4112130890134722,0.4205386150861159,0.0011129820486530662,0.01918002893216908,0.9090631339931861,7.040157257165447e-08,2.495822156676497e-08,True,112,427.1447096420452,0,0,0.02779588707422667,2019382.4242663688,outputs/Mach_interpolation/naca0012/iso/hessian/eig/h0.025/M1.00-1.10/drift_null/gmin0.01
eig,0.025,mach,0.0,1.1,1.2,23548,null,0.01,2,0.023165321077153085,0.026410086575178234,0.010495358723077778,0.49656374905550293,0.3402608156204223,0.5422744733831072,nan,nan,nan,0.0038299759494359615,0.00026728502066358643,0.007726608000191138,0.002495157711956693,0.0005891711850093081,0.0010508875562614864,0.004282334346597434,0.0007910481083013683,0.00162207655681103,0.10104820265022862,0.00045845497549726593,,0.017712223990371805,0.0354588181357687,0.02110037895034979,nan,nan,nan,0.6403096961539576,1.0078254631224361,0.5779666307902812,nan,nan,nan,575.9743921959889,0.4788567129871808,576.4532489089761,0.010100126004545018,0.41169196300324984,0.42179208900779486,0.0011919500248041004,0.019194659020286053,0.9109373190149199,9.475224516108938e-08,3.927355574181766e-08,True,153,575.9743921959889,0,0,0.05991631254628506,1809540922.3356051,outputs/Mach_interpolation/naca0012/iso/hessian/eig/h0.025/M1.10-1.20/drift_null/gmin0.01
eig,0.025,mach,0.0,1.2,1.3,23548,null,0.01,2,0.022665424120187013,0.022609540629959877,0.01010982549009215,0.5878890432158559,0.37157476544380197,0.5676972414951533,nan,nan,nan,0.005972010224070496,0.00019071674470029962,0.0071277353648204304,0.006051979122094538,0.0007552199556830961,0.0017227184764422138,0.00984555848951798,0.00041841563996105073,0.0020599210719829007,0.09896135502438419,0.0006784077242135195,,0.030708141116847536,0.08188345061228061,0.027823533548568608,nan,nan,nan,0.6539348185308321,1.0318707990445084,0.6399045323691234,nan,nan,nan,774.6224789666012,0.47647195775061846,775.0989509243518,0.009688565507531166,0.41108848340809345,0.4207770489156246,0.0012068701907992363,0.019439782947301865,0.9082113225013018,9.870174189074987e-08,4.2155717646168755e-08,True,221,774.6224789666012,0,0,0.09070269834881904,9.573754928948909e+16,outputs/Mach_interpolation/naca0012/iso/hessian/eig/h0.025/M1.20-1.30/drift_null/gmin0.01
eig,0.025,mach,0.0,1.3,1.4,23548,null,0.01,2,0.02364603491339407,0.018135030815605028,0.007322013576182788,0.6531239121302198,0.42035608887672415,0.548182528534186,nan,nan,nan,0.005388437868403268,0.00013126764113339303,0.007358189181217746,0.0040907009087940895,0.00046834239629559054,0.0018246382303452487,0.006230768719819296,0.00041768455964338614,0.0029010597002998386,0.09743348305194131,0.0003854535664023596,,0.03417133783306115,0.07992817366683808,0.02506155670191128,nan,nan,nan,0.7313433200750471,1.0007382264342448,0.6842479324212751,nan,nan,nan,745.9921024899813,0.47872090799501166,746.4708233979763,0.009469978016568348,0.41131928699905984,0.4207892650156282,0.0010795840062201023,0.01910547199076973,0.910229661007179,8.363900327879037e-08,3.736802208028509e-08,True,194,745.9921024899813,0,0,0.08238500512953313,110776.26775279177,outputs/Mach_interpolation/naca0012/iso/hessian/eig/h0.025/M1.30-1.40/drift_null/gmin0.01
eig,0.025,mach,0.0,1.4,1.5,23548,null,0.01,2,0.02314719665389116,0.013551469054970653,0.005388262043534889,0.8331113245158608,0.5202486753463746,0.4408702648962266,nan,nan,nan,0.014221572521273151,0.00011433794153664943,0.004891709136308851,0.0009294562161965288,0.00028875417339903787,0.0003746355628278199,0.0013117138327115765,0.00010989380886875516,0.0005518772509699541,0.09638692132673897,0.00028859082353992926,,0.03944905010710256,0.06513321512364202,0.02374204122367489,nan,nan,nan,0.7883356808042626,0.9130213919572806,0.7277954816172043,nan,nan,nan,564.0826864503324,0.4761173827573657,564.5588038330898,0.010060763917863369,0.41214769054204226,0.4222084544599056,0.0011474285274744034,0.01927299704402685,0.9086880534887314,7.082633413091344e-08,3.2271032973382756e-08,True,154,564.0826864503324,0,0,0.08142891643731955,181970840.3805088,outputs/Mach_interpolation/naca0012/iso/hessian/eig/h0.025/M1.40-1.50/drift_null/gmin0.01
eig,0.025,mach,0.0,1.5,1.6,23548,null,0.01,2,0.0232232028074947,0.010434668505040013,0.00453863614086832,1.1358818994585604,0.4329843521118164,0.4226627739402199,nan,nan,nan,0.02122522151206751,0.00023711260078121565,0.002982487233622874,0.00044646572641963246,0.00032683943141845293,0.0015743727028935956,0.0011106939263516062,0.0007535096770369227,0.001693816151038659,0.09540550706252164,0.00037712346087783984,,0.04343923306687486,0.048759325881880505,0.02261099001320986,nan,nan,nan,0.5955504648450585,0.7426430993755051,0.7633240372468654,nan,nan,nan,581.0639529239852,0.47501652204664424,581.5389694460318,0.009618083015084267,0.41008012503152713,0.4196982080466114,0.0010880299960263073,0.01922879699850455,0.9054156659985892,8.63216698121505e-08,4.810059794600707e-08,True,164,581.0639529239852,0,0,0.08222805201434946,2841.3278875313786,outputs/Mach_interpolation/naca0012/iso/hessian/eig/h0.025/M1.50-1.60/drift_null/gmin0.01
eig,0.025,mach,0.0,1.6,1.7,23548,null,0.01,2,0.02434142905396455,0.00903601512107888,0.006620129002678064,1.203374572348868,1.0806956678628923,1.0873955183483368,nan,nan,nan,0.02323794217538654,0.0028420745649762246,0.0033577244334882317,0.0036723246860590236,0.0030582568376252197,0.0038806681177405693,0.0004187058797830184,0.0007963798214780307,0.0005751199392542251,0.09110144393464797,0.003606047375843329,,0.057456046982097594,0.03830452694661601,0.036488025598228606,nan,nan,nan,0.5134506925364027,0.7474808539121909,0.7460983382738776,nan,nan,nan,281.5979882031679,0.4451264310628176,282.04311463423073,0.008624251000583172,0.3900298150256276,0.3986540660262108,0.0011475598439574242,0.017943172715604305,0.8542496403679252,9.374612908175095e-08,4.0669575349890305e-08,True,142,281.5979882031679,0,0,0.07549985386077236,2149824.8050076053,outputs/Mach_interpolation/naca0012/iso/hessian/eig/h0.025/M1.60-1.70/drift_null/gmin0.01
eig,0.025,mach,0.0,1.7,1.8,23548,null,0.01,2,0.02186336518200055,0.00790744464315251,0.0044611600876320575,1.5040031874745616,0.4973820686340332,0.4897052603041243,nan,nan,nan,0.02939258782145871,0.0015946961794066658,0.002657240236155309,0.0009054136814705929,0.0005846794062010577,0.0017926861606309573,0.001141641722325967,0.0011723014067434414,0.002907907473316277,0.09321922992576821,0.0008472606640478158,,0.048309647904394876,0.03865786459642868,0.024780551145254404,nan,nan,nan,0.5043446334353991,0.9263115998807491,0.7361596832244927,nan,nan,nan,327.75019157724455,0.43770827865228057,328.18789985589683,0.00787838501855731,0.38413300178945065,0.39201138680800796,0.001042091753333807,0.01778603997081518,0.840676864143461,7.465139262308185e-08,3.0292362065314625e-08,True,161,327.75019157724455,0,0,0.08844368920250097,157434.1776434072,outputs/Mach_interpolation/naca0012/iso/hessian/eig/h0.025/M1.70-1.80/drift_null/gmin0.01
eig,0.025,mach,0.0,1.8,1.9,23548,null,0.01,2,0.021434436307474495,0.006111940380036422,0.0034085003268596965,1.7677987352574127,0.3959732532501221,0.4064901934255087,nan,nan,nan,0.020271115858818183,0.000723007261232026,0.0012275738846598118,0.001355123121844792,0.00027057334630694306,0.0006593129108660113,0.0034583330527441784,0.0037104519301695087,0.003318696372891031,0.08537450839473235,0.0025772976030083946,,0.046733128369583536,0.02392847807161358,0.016705395333208917,nan,nan,nan,0.3461613150883086,0.9473895826249251,0.7533351215952694,nan,nan,nan,631.984087127028,0.47519537003245205,632.4592824970605,0.009486107039265335,0.41032738995272666,0.419813496991992,0.00116213399451226,0.019129271036945283,0.9058172110235319,6.951799780274825e-08,3.5950553300924504e-08,True,173,631.984087127028,0,0,0.09130163917634403,143.34397986357124,outputs/Mach_interpolation/naca0012/iso/hessian/eig/h0.025/M1.80-1.90/drift_null/gmin0.01
eig,0.025,mach,0.0,1.9,2.0,23548,null,0.01,2,0.020571027285456983,0.004777764488118775,0.002955255856074452,1.920758072023007,0.3449802517890932,0.4448948178002694,nan,nan,nan,0.01638970691282421,0.0002781203042832288,0.000569818352582944,0.0025298213403123046,0.00022942479697547362,0.00123620222166391,0.004033245840247922,0.005530893423178863,0.005126661289227451,0.07863133521688818,0.005018376648966553,,0.049344293479372366,0.015972340615512743,0.013383734081342543,nan,nan,nan,0.38172078595265796,1.0005664357969053,0.7292128053676212,nan,nan,nan,623.205083873996,0.4866388289956376,623.6917227029917,0.009058255993295461,0.4191152799758129,0.42817353596910834,0.0011504259891808033,0.01984514098148793,0.9267535950057209,7.059439566248216e-08,2.4219451749742073e-08,True,164,623.205083873996,0,0,0.08636131820626909,23.396762208361654,outputs/Mach_interpolation/naca0012/iso/hessian/eig/h0.025/M1.90-2.00/drift_null/gmin0.01
eig,0.025,mach,0.0,2.0,2.1,23548,null,0.01,2,0.01950012294090034,0.0054225308689139625,0.00648855649736984,1.9074300589374493,0.6713736489415169,1.012003886236983,nan,nan,nan,0.02756304521857518,0.003969712926709291,0.003713337151868575,0.0018299169804572228,0.0015768844119595613,0.0019609734298914566,0.005020589451099458,0.005530940431691921,0.005079423475840697,0.08404322062889444,0.00430398665330389,,0.04688011145734534,0.02964305529111307,0.03704934302637167,nan,nan,nan,0.34161425730352285,0.7730521928332327,0.6747769983829787,nan,nan,nan,303.4415957676247,0.4362264396622777,303.87782220728695,27.21685692947358,0.3848005486652255,27.601657478138804,0.0010846052318811417,0.017777576111257076,0.8398921024054289,9.247103438525528e-08,4.293195906659531e-08,True,154,303.4415957676247,0,0,0.08693193618933832,60.06680085235962,outputs/Mach_interpolation/naca0012/iso/hessian/eig/h0.025/M2.00-2.10/drift_null/gmin0.01
eig,0.025,mach,0.0,2.1,2.2,23548,null,0.01,2,0.02016288834448775,0.0037368970013583764,0.0029594571066217145,1.771518933083507,0.8750494778156281,0.8540023765583962,nan,nan,nan,0.031681287273690316,0.0004691653697344311,0.0004978366193309784,0.004020605182073149,0.0016521043121605272,0.002230273083165716,0.004140520952267814,0.006517725092787959,0.006154509546872214,0.08670235177132207,0.006969910914451998,,0.045384234015961505,0.018983298846759884,0.017964008721896844,nan,nan,nan,0.275746656335084,0.8633783628645161,0.8492344722684776,nan,nan,nan,355.67824416887015,0.45402894960716367,356.1322731184773,0.012223917990922928,0.40237634535878897,0.4146002633497119,0.0010602977126836777,0.018690061755478382,0.8761588810011744,9.969231928863564e-08,4.6456417333157824e-08,True,174,355.67824416887015,0,0,0.09679447184512621,2.5882863946426844,outputs/Mach_interpolation/naca0012/iso/hessian/eig/h0.025/M2.10-2.20/drift_null/gmin0.01
eig,0.025,mach,0.0,2.2,2.3,23548,null,0.01,2,0.020176565297168245,0.002605523954210225,0.0028319564118908878,1.9442692872473843,0.40266804695129377,0.5157102464503314,nan,nan,nan,0.028871747947640143,0.00014648248240959092,0.00045478367065041357,0.004338748626995518,0.0004187146507091942,0.0016875653094655658,0.0035805495505671823,0.007457386512014414,0.006291157376525679,0.08362252712638468,0.0069628282429214355,,0.04268679092401544,0.006594855496488351,0.012364601307054766,nan,nan,nan,0.25735678600888623,0.9932496330870492,0.7136231847325407,nan,nan,nan,277.8934693709016,0.43856976414099336,278.3320391350426,27.013694178778678,0.3860717071220279,27.399765885900706,0.0010801577009260654,0.017924028914421797,0.8436541608534753,9.45837773658198e-08,4.319181172493803e-08,True,136,277.8934693709016,0,0,0.09942101353983757,2.1294267340242414,outputs/Mach_interpolation/naca0012/iso/hessian/eig/h0.025/M2.20-2.30/drift_null/gmin0.01
eig,0.025,mach,0.0,2.3,2.4,23548,null,0.01,2,0.01967785597577223,0.0018929661707917439,0.0017775719414669917,2.0614031768679455,0.09980418682098424,0.17036606461595127,nan,nan,nan,0.028663982904965395,9.085157435999303e-05,0.0003018131580881964,0.0049569439604638995,0.0001066260988286508,0.0007385629854058054,0.004411846458736091,0.00876171863955074,0.008459336539343868,0.08106893552139874,0.008387899900902305,,0.04297544665843975,0.004184887059432906,0.006363460704660906,nan,nan,nan,0.2355401883887539,0.9951755272529581,0.9873940994382197,nan,nan,nan,329.9865018501878,0.43391437735408545,330.42041622754186,28.94244178570807,0.38193147676065564,29.324373262468725,0.0010761348530650139,0.017779935616999865,0.8347045667469501,7.045072170086542e-08,2.6394524115200017e-08,True,152,329.9865018501878,0,0,0.09152200258475023,0.6004548504934032,outputs/Mach_interpolation/naca0012/iso/hessian/eig/h0.025/M2.30-2.40/drift_null/gmin0.01
eig,0.025,mach,0.0,2.4,2.5,23548,null,0.01,2,0.01946040778648182,0.001440097699525693,0.0016184212896003549,2.148449263335248,0.153633713722229,0.21979098975005984,nan,nan,nan,0.029252741482883055,0.0003315946024186796,0.00024542641363889086,0.006061092064210769,0.0004011595603640153,0.0017309640324486963,0.004891310756932594,0.009678528660855695,0.009003474288160403,0.07950355921433928,0.009732829617564685,,0.04378499377611496,0.0037174710797485016,0.005577420770917,nan,nan,nan,0.22509305924667602,1.0464977138967224,0.9255227106817024,nan,nan,nan,298.90630034403875,0.4352861330844462,299.3415864771232,27.869894767180085,0.38242713920772076,28.252321906387806,0.0009486200287938118,0.017903428990393877,0.8365737241692841,7.776407340287506e-08,2.8767772676272743e-08,True,138,298.90630034403875,0,0,0.08963544317911831,0.4715986435208227,outputs/Mach_interpolation/naca0012/iso/hessian/eig/h0.025/M2.40-2.50/drift_null/gmin0.01
eig,0.025,mach,0.0,2.5,2.6,23548,null,0.01,2,0.019129896180984783,0.001327092010334764,0.0015356947112065806,2.2282519240335987,0.13075394630432124,0.3544684328965042,nan,nan,nan,0.030624179936716043,0.00023016241640120652,0.00047728274947563605,0.005123896494787866,0.0004022947341235444,0.0012545939050328356,0.004635927723960627,0.00954584087264791,0.00871453331549246,0.07849810795467219,0.008328256821915243,,0.04479684873295852,0.0031531496666385036,0.005979455792203432,nan,nan,nan,0.1807196130772977,0.9973900450641393,0.8564054667113487,nan,nan,nan,546.0976456515491,0.48215016163885593,546.579795813188,37.31005645915866,0.4145442880690098,37.72460074722767,0.0011680973693728447,0.01988781802356243,0.9177544936537743,9.412643198203341e-08,3.325209320915442e-08,True,152,546.0976456515491,0,0,0.09227852107063193,0.32073694006875,outputs/Mach_interpolation/naca0012/iso/hessian/eig/h0.025/M2.50-2.60/drift_null/gmin0.01
eig,0.025,mach,0.0,2.6,2.7,23548,null,0.01,2,0.019140338084217685,0.0011827071554286006,0.001776440233557941,2.4730920031644192,0.137337017059326,0.6118797774809024,nan,nan,nan,0.030934380850799605,7.904633389177617e-05,0.0011179931038266349,0.005973554225577889,0.00012958774378914339,0.0008982996274185845,0.0034296292737264118,0.009035537572645679,0.008380301676338962,0.07695680231117681,0.008352429290458012,,0.04605335724974361,0.00211248338829067,0.009820792787929947,nan,nan,nan,0.16997116027036108,0.9961751366067619,0.6916827571881513,nan,nan,nan,263.6294372789562,0.43685768311843276,264.0662949620746,28.183968014083803,0.38263225741684437,28.566600271500647,0.0010269982740283012,0.017774507869035006,0.8382950518280268,9.278468571238818e-08,3.1420744134688607e-08,True,139,263.6294372789562,0,0,0.08988475005870927,0.3549971790942368,outputs/Mach_interpolation/naca0012/iso/hessian/eig/h0.025/M2.60-2.70/drift_null/gmin0.01
eig,0.025,mach,0.0,2.7,2.8,23548,null,0.01,2,0.021162420951916172,0.005920947177049742,0.006154985946095711,2.4045721583733077,2.0625467598438267,2.2954989934173304,nan,nan,nan,0.03118323941785351,0.002935581070613583,0.006179780882266734,0.0089326734569151,0.005766623451982331,0.005640508505206464,0.0021377251554778797,0.00818762129727204,0.008505037288739086,0.07619629039920942,0.010222442158535218,,0.04821480964873946,0.02768547012560233,0.03565749161674555,nan,nan,nan,0.17993068227669318,0.8397993726170435,0.7010005100656226,nan,nan,nan,284.89679357688874,0.43964635813608766,285.3364399350248,28.03628858597949,0.3848664714023471,28.42115505738184,0.0010265400633215904,0.0177228981629014,0.8432667129673064,7.815389713172749e-08,3.2553856810026636e-08,True,154,284.89679357688874,0,0,0.106472700891446,0.43845272261118184,outputs/Mach_interpolation/naca0012/iso/hessian/eig/h0.025/M2.70-2.80/drift_null/gmin0.01
eig,0.025,mach,0.0,2.8,2.9,23548,null,0.01,2,0.019019806091229097,0.0011401969079288044,0.0011402004896989342,2.456520764018161,0.15338668823242152,0.1533859952399088,nan,nan,nan,0.034989123954320175,0.00021030966516705373,0.00021031460665605104,0.0007827009634925395,0.0002895254210978,0.0002895226204764625,0.0005752144679728698,0.0006285290856446224,0.0006284875561276886,0.08017598229587561,0.0006272627035634155,,0.034556528798959096,0.0021178539458038535,0.0021178474944549093,nan,nan,nan,0.13487841846725213,0.9976829462038905,0.9976797369584408,nan,nan,nan,510.17953917197883,0.4668465009890497,510.6463856729679,39.03397911199136,0.40837456699227914,39.442353678983636,0.001101418980397284,0.01912377797998488,0.8954485599533655,7.887894337699208e-08,2.0077075957412867e-08,True,138,510.17953917197883,0,0,0.0888446062427511,0.42348082696902045,outputs/Mach_interpolation/naca0012/iso/hessian/eig/h0.025/M2.80-2.90/drift_null/gmin0.01
eig,0.025,mach,0.0,2.9,3.0,23548,null,0.01,2,0.018485160652070166,0.0010260359102995922,0.0010260400496400522,2.55999327483626,0.1009523868560791,0.1009523868560791,nan,nan,nan,0.033968768754764185,0.00011604677142271357,0.00011605595089467852,0.0010878613639192412,0.00012861765654282253,0.0001286070617238233,0.0008095045481023408,0.0020612118462765166,0.002061165670074375,0.07778761795800776,0.0013492652731903064,,0.03473976778427611,0.001838788359388349,0.0018387932273774528,nan,nan,nan,0.12580672817427246,0.9982885972984042,0.998284815019033,nan,nan,nan,279.2187503967434,0.42949875723570585,279.6482491539791,28.82899060845375,0.5614392263814807,29.39042983483523,0.0011488217860460281,0.017738272435963154,1.0098272422328591,8.481493374290494e-08,2.55441659158977e-08,True,145,279.2187503967434,0,0,0.08759196452727454,0.2488964234156556,outputs/Mach_interpolation/naca0012/iso/hessian/eig/h0.025/M2.90-3.00/drift_null/gmin0.01
eig,0.025,mach,2.0,0.8,0.9,23548,null,0.01,2,0.020735844803553147,0.02487542138029235,0.022217160158254902,0.6217814319341153,0.5464495897293091,0.5948146712423183,nan,nan,nan,0.012136624102549847,0.002176073245361046,0.03079049344649395,0.035390271281438075,0.002849561204956904,0.00910784063184903,0.23495747301616424,0.25399410931522715,0.2526220659499447,0.046312903564739286,0.2535516525864444,,0.041590420770211266,0.06248535257348246,0.018863924984519432,nan,nan,nan,0.9330389313415138,1.0028023593842412,0.5161213919606473,nan,nan,nan,539.9795521339402,0.4750809670658782,540.454633101006,35.23729536100291,0.40750142303295434,35.64479678403586,0.001245209015905857,0.019183992058970034,0.9030137150548398,7.648045752262078e-08,2.2369016594796298e-08,True,145,539.9795521339402,0,0,0.07377377925554884,26961.34179771408,outputs/Mach_interpolation/naca0012/iso/hessian/eig/h0.025/aoa2.00/M0.80-0.90/drift_null/gmin0.01
eig,0.025,mach,2.0,0.9,1.0,23548,null,0.01,2,0.022835734168160815,0.02932747431243988,0.008929658525799808,0.7782270089542991,0.5190495610237122,0.7125921936974744,nan,nan,nan,0.008025513389325998,0.0014281042338068176,0.009514261602819207,0.02915335099805122,0.012242044752471688,0.03359377730861542,0.22907967313483993,0.23871986441730053,0.22997934692152858,0.08851231921516327,0.22379281903556875,,0.04313034982530443,0.06599485057223593,0.026945127207568368,nan,nan,nan,0.8186196315102126,1.0409545619726022,0.7639324797792155,nan,nan,nan,565.9652607109165,0.4733654990559444,566.4386262099724,31.569832728011534,0.40911383309867233,31.978946561110206,0.0016226189909502864,0.019157952978275716,0.9032653840258718,8.549423569093051e-08,3.838267317235723e-08,True,154,565.9652607109165,0,0,0.09076650858314915,45739.399824020424,outputs/Mach_interpolation/naca0012/iso/hessian/eig/h0.025/aoa2.00/M0.90-1.00/drift_null/gmin0.01
eig,0.025,mach,2.0,1.0,1.1,23548,null,0.01,2,0.0276417995329946,0.02952512893783962,0.010854379502364002,0.67539839156378,0.7138084471225739,0.5930076957626014,nan,nan,nan,0.003318729613090927,0.0009183565878316489,0.01132947353622903,0.009620975515356055,0.0009430008845788386,0.016057808322681236,0.17443932938734671,0.1782330045549274,0.1688463281271151,0.10307138012644176,0.1685281076065708,,0.05857152657411155,0.05719874050729459,0.029277940882757383,nan,nan,nan,0.8541225073305053,1.2129613781011988,0.8031082356128274,nan,nan,nan,605.966497971036,0.4891926529817283,606.4556906240177,35.40956242301036,0.42228036402957514,35.83184278703993,0.0011226009810343385,0.019846184004563838,0.932444257021416,8.943836959929286e-08,4.380451145151767e-08,True,174,605.966497971036,0,0,0.03448928899332936,3250113.1141607943,outputs/Mach_interpolation/naca0012/iso/hessian/eig/h0.025/aoa2.00/M1.00-1.10/drift_null/gmin0.01
eig,0.025,mach,2.0,1.1,1.2,23548,null,0.01,2,0.022894918218323877,0.026401132497099238,0.010766440300598987,0.5707971175842546,0.3718847751617431,0.603001248053865,nan,nan,nan,0.004478204681046931,0.00010529726270250746,0.007505604416963387,0.009944455628307045,0.0008710418694749687,0.0108720044140467,0.14764443158859578,0.15505916724897983,0.1480663671158246,0.10074978110746907,0.147850451261338,,0.023872186443042422,0.03637980814104801,0.02247368899748041,nan,nan,nan,0.6230398701634092,1.008742853023684,0.6478833094369035,nan,nan,nan,616.0720228049904,0.4787840936332941,616.5508068986237,32.50435496121645,0.41031911969184875,32.9146740809083,0.001254579983651638,0.01941928081214428,0.9097841894254088,9.622752905613652e-08,5.0794580180063373e-08,True,169,616.0720228049904,0,0,0.0687877644768368,2634718066.564798,outputs/Mach_interpolation/naca0012/iso/hessian/eig/h0.025/aoa2.00/M1.10-1.20/drift_null/gmin0.01
eig,0.025,mach,2.0,1.2,1.3,23548,null,0.01,2,0.022623615543456065,0.022672782106855773,0.010085507926687639,0.620035384273428,0.36341125965118426,0.6292061209377828,nan,nan,nan,0.005273969227794981,0.0001508515897616975,0.007607074993598171,0.013483302429564652,0.00033612007623798964,0.009584431759801178,0.13251434407959264,0.1395486612424047,0.13628730688469212,0.09869635447253826,0.13454213046727162,,0.02447866407964476,0.06889668394924245,0.025445853626629888,nan,nan,nan,0.6688169919483534,0.9981536605338279,0.6750076381869835,nan,nan,nan,400.4224110050127,0.4572796248830855,400.8796906298958,26.196019454859197,0.40376547211781144,26.59978492697701,0.001027819700539112,0.01870176987722516,0.8807782428339124,7.719778238879371e-08,4.004494232805904e-08,True,198,400.4224110050127,0,0,0.07520026717328777,1.6945917561944306e+16,outputs/Mach_interpolation/naca0012/iso/hessian/eig/h0.025/aoa2.00/M1.20-1.30/drift_null/gmin0.01
eig,0.025,mach,2.0,1.3,1.4,23548,null,0.01,2,0.02419008748034984,0.018310647129712396,0.007389103849854015,0.6550769126872509,0.4423632025718689,0.5746739095384622,nan,nan,nan,0.0071506157375794376,9.083434584757077e-05,0.007263902151014592,0.015383500943404108,0.0003036951612451951,0.0071606517953409264,0.11635455175731527,0.1275779680415231,0.12523349191959732,0.09721338762878678,0.1237618771482562,,0.035113410221753856,0.07970310819460054,0.02529721866614482,nan,nan,nan,0.8964360005641709,0.9320298622364944,0.6987893220708915,nan,nan,nan,365.486936757341,0.4429768603295088,365.92991361767054,26.696098783053458,0.38703830912709236,27.08313709218055,0.0011287406086921692,0.017913823947310448,0.8490602793172002,9.02150176784744e-08,4.772635652496657e-08,True,180,365.486936757341,0,0,0.0978480574387341,9149491090.547333,outputs/Mach_interpolation/naca0012/iso/hessian/eig/h0.025/aoa2.00/M1.30-1.40/drift_null/gmin0.01
eig,0.025,mach,2.0,1.4,1.5,23548,null,0.01,2,0.023297715854587907,0.013694445765742247,0.005369946656499514,0.836062291703754,0.5337103366851808,0.4532547706368688,nan,nan,nan,0.01411737205372794,7.14801789675155e-05,0.004148457240193102,0.012072355379895499,0.0002338716901804233,0.006733202998096506,0.11201355031094537,0.11816051544607961,0.11433632419546028,0.09620202198594992,0.11415620227264779,,0.04128518735376978,0.06649721837118795,0.023884309773776265,nan,nan,nan,0.7963995730441387,0.8524743193756179,0.7587563443475266,nan,nan,nan,357.78229816583917,0.4479355728253722,358.23023373866454,27.456396277993917,0.395477841142565,27.851874119136482,0.0010106940753757954,0.018244620878249407,0.8626727270893753,6.073233538295142e-08,2.3860324293750252e-08,True,178,357.78229816583917,0,0,0.08986981392127312,320643755.1169779,outputs/Mach_interpolation/naca0012/iso/hessian/eig/h0.025/aoa2.00/M1.40-1.50/drift_null/gmin0.01
eig,0.025,mach,2.0,1.5,1.6,23548,null,0.01,2,0.023347020461244584,0.010459993010820902,0.004712323566029307,1.1846294791614729,0.42330573797225934,0.48977313491404717,nan,nan,nan,0.020618777099334004,0.00010734423831164507,0.003594809038616753,0.012482265093400072,0.000362136971465256,0.005252841015466957,0.10261999499451167,0.10887631079472557,0.10684733981810288,0.094986439350618,0.10566167711961695,,0.044365873781794685,0.04789191682569834,0.023795533334182134,nan,nan,nan,0.6301398886945804,1.031739010111765,0.7739071713730512,nan,nan,nan,626.2327162600122,0.4926298380596563,626.7253460980719,40.53695770597551,0.429270006949082,40.96622771292459,0.0011699890019372106,0.020384802017360926,0.9434601559769362,8.75748586981473e-08,4.905136212007344e-08,True,171,626.2327162600122,0,0,0.08230730065227602,2507.0688310800456,outputs/Mach_interpolation/naca0012/iso/hessian/eig/h0.025/aoa2.00/M1.50-1.60/drift_null/gmin0.01
eig,0.025,mach,2.0,1.6,1.7,23548,null,0.01,2,0.024879172611014404,0.009962466455761113,0.007445762108578348,1.2707475661126801,1.1230003595352172,1.1427463367307096,nan,nan,nan,0.022309184496849915,0.003241356236484879,0.00312879606741456,0.01753155960235062,0.005158476458906214,0.010005867166734104,0.09482422444164568,0.1013250669012484,0.0987232032745531,0.09042447682030753,0.10222952064712422,,0.061940858501516996,0.04593297796584159,0.04074919905764189,nan,nan,nan,0.5219284594567,0.8977220933440156,0.7371196298115619,nan,nan,nan,548.0506961239735,0.47490486298920587,548.5256009869627,34.583981373987626,0.4093473019893281,34.993328675976954,0.0011077939998358488,0.019097354030236602,0.9044595870072953,9.382550114622745e-08,4.0626115201796695e-08,True,150,548.0506961239735,0,0,0.07578521183113698,1718292.8160634614,outputs/Mach_interpolation/naca0012/iso/hessian/eig/h0.025/aoa2.00/M1.60-1.70/drift_null/gmin0.01
eig,0.025,mach,2.0,1.7,1.8,23548,null,0.01,2,0.022271870483758505,0.0077349693027059675,0.0045184254230070725,1.4669128602752186,0.48794112391769884,0.4509769116004808,nan,nan,nan,0.028891076994903064,0.0018236928894858092,0.001560846933461239,0.012517014198957075,0.0010598630260169944,0.008738171193244375,0.08508709997846915,0.09142931771713046,0.08593932771153596,0.0929698445212187,0.08947056866533067,,0.04837196443710897,0.03475205390788943,0.023358626514205418,nan,nan,nan,0.535775622481394,0.9003384059121554,0.7433844023072167,nan,nan,nan,379.2731778183952,0.4827365344390273,379.7559143528342,28.276053910143673,0.38064756989479065,28.656701480038464,0.0010263770818710327,0.01742898765951395,0.8818416818976402,9.908282638804167e-08,4.370923739220069e-08,True,190,379.2731778183952,0,0,0.08935934817435198,107455.87349531706,outputs/Mach_interpolation/naca0012/iso/hessian/eig/h0.025/aoa2.00/M1.70-1.80/drift_null/gmin0.01
eig,0.025,mach,2.0,1.8,1.9,23548,null,0.01,2,0.02186650655945466,0.006665719217986872,0.003843430891462789,1.757936139045187,0.48552650213241577,0.5894487169500854,nan,nan,nan,0.01973860332494292,0.0004758522250022394,0.0014147510893158244,0.01584953976811409,0.001277736290961713,0.0035447870482517773,0.0795339851544766,0.08590677515330031,0.08495206549915792,0.08523648122131047,0.08523146861963012,,0.04625930591496105,0.02521792321512362,0.0193202974288159,nan,nan,nan,0.33609155642264305,0.8834556490707701,0.6508915614529672,nan,nan,nan,650.0161683261395,0.4754858920350671,650.4916542181745,37.017519942484796,0.4130986100062728,37.43061855249107,0.001181023195385933,0.01955048367381096,0.909321989864111,9.358172348150617e-08,4.138398485732077e-08,True,172,650.0161683261395,0,0,0.09043913579892733,384.437854283106,outputs/Mach_interpolation/naca0012/iso/hessian/eig/h0.025/aoa2.00/M1.80-1.90/drift_null/gmin0.01
eig,0.025,mach,2.0,1.9,2.0,23548,null,0.01,2,0.02050699956716566,0.004786139168248332,0.0028654767923014207,1.873871815375393,0.31333452463150024,0.4578018379465105,nan,nan,nan,0.016169383300840386,8.197371771751566e-05,0.00017819489779809393,0.014180079004871745,0.0002192487407567035,0.0012790120527456743,0.07423543519452631,0.08100056813855426,0.08030647062517267,0.07871285541311167,0.07858738516796132,,0.05066310475636525,0.016443951542314702,0.012637693861224342,nan,nan,nan,0.3809655005511504,0.9947981682973318,0.727230962184135,nan,nan,nan,357.0470272791572,0.4458599132485688,357.49288719240576,27.530613407026976,0.39337253430858254,27.92398594133556,0.0009881891310214996,0.018293147906661034,0.858516588807106,9.879161844139617e-08,4.773576812311402e-08,True,180,357.0470272791572,0,0,0.0882564287537988,192.3535600975694,outputs/Mach_interpolation/naca0012/iso/hessian/eig/h0.025/aoa2.00/M1.90-2.00/drift_null/gmin0.01
eig,0.025,mach,2.0,2.0,2.1,23548,null,0.01,2,0.021572348301191837,0.005973948565935676,0.006499941634738358,1.932287543582929,0.9754075706005099,1.0737055283572752,nan,nan,nan,0.021620075824922327,0.004887494475107884,0.00525532089850692,0.01252670415173076,0.0015070894829231568,0.0015043924103561373,0.06932818983153506,0.07660609283179425,0.07570543658754028,0.07884709744016573,0.07486050414206043,,0.04921141681797066,0.025196223659989466,0.026749938107829732,nan,nan,nan,0.3629308960929201,0.838543741720407,0.7143431315150421,nan,nan,nan,436.116914733313,0.4405120173469186,436.55742675065994,27.391571218147874,0.38625772949308157,27.777828947640955,0.0010230820626020432,0.01783682219684124,0.845632454380393,8.971473253183149e-08,3.952370737722315e-08,True,215,436.116914733313,0,0,0.08161549533959754,45.3887804748464,outputs/Mach_interpolation/naca0012/iso/hessian/eig/h0.025/aoa2.00/M2.00-2.10/drift_null/gmin0.01
eig,0.025,mach,2.0,2.1,2.2,23548,null,0.01,2,0.020339017669968342,0.0040856466500802085,0.0032184518392926755,1.8669602175015751,0.9986584067344666,1.0670182419914755,nan,nan,nan,0.031363885927414695,0.0002753656253236382,0.001393101033398449,0.014180216985486117,0.0015295927208643428,0.0032846562396406176,0.06897498231184915,0.07639497992885894,0.07554106835833696,0.08696294973568151,0.07654752399747672,,0.04648391453664204,0.020614104376690687,0.019275452919069302,nan,nan,nan,0.26968610430743245,0.8752829194343847,0.8126296989113123,nan,nan,nan,322.73031977098435,0.43811223935335875,323.1684320103377,27.919913336634636,0.3869549687951803,28.306868305429816,0.0010458556935191154,0.017822465859353542,0.8439382752403617,8.770506099153863e-08,3.145362159620859e-08,True,163,322.73031977098435,0,0,0.09186374407659106,44.73756134650973,outputs/Mach_interpolation/naca0012/iso/hessian/eig/h0.025/aoa2.00/M2.10-2.20/drift_null/gmin0.01
eig,0.025,mach,2.0,2.2,2.3,23548,null,0.01,2,0.020314274551607815,0.0025692155808657567,0.002494668816861512,1.9517703234162687,0.39345353841781616,0.3467769978477181,nan,nan,nan,0.02905649891623302,0.0002149731936574923,0.0008137737215289514,0.0149939499881092,0.0006874211033934741,0.002908030219090938,0.0659864556365794,0.07428250446437734,0.07309467081512044,0.08463860310257505,0.0749362753259302,,0.04279258869747839,0.006178707874263622,0.010133958401088024,nan,nan,nan,0.23201501454784335,0.9822961354230941,0.8087413078975714,nan,nan,nan,344.8057477623224,0.43463930021971464,345.24038706254214,27.558748552110046,0.38378199376165867,27.942530545871705,0.0010513332672417164,0.017611694987863302,0.8370871371589601,8.221800862351358e-08,3.547447422330898e-08,True,171,344.8057477623224,0,0,0.09344874412308521,3.1239873832019605,outputs/Mach_interpolation/naca0012/iso/hessian/eig/h0.025/aoa2.00/M2.20-2.30/drift_null/gmin0.01
eig,0.025,mach,2.0,2.3,2.4,23548,null,0.01,2,0.019910923871862985,0.0027437829585492766,0.0028142500684191756,2.1330806242886373,0.8146533250808714,0.7152839283409107,nan,nan,nan,0.02933773628944378,0.000587593488046949,0.00032527028210232393,0.01069196133467434,0.003186087965579867,0.0022070961624718393,0.0647516833041638,0.073838096138618,0.07313082202589545,0.08245432882508782,0.06898625104470207,,0.04126492892631825,0.011121186752839253,0.011073202755315373,nan,nan,nan,0.18129477538662078,0.9113764010831606,0.822466315923466,nan,nan,nan,638.4212959259748,0.4698132439516485,638.8911091699265,35.06690512597561,0.4066984530072659,35.473603578982875,0.0004529479774646461,0.019210770027711987,0.8961804829887114,9.722091487418538e-08,3.5469049308229576e-08,True,167,638.4212959259748,0,0,0.08919143585247381,1.7323286188247466,outputs/Mach_interpolation/naca0012/iso/hessian/eig/h0.025/aoa2.00/M2.30-2.40/drift_null/gmin0.01
eig,0.025,mach,2.0,2.4,2.5,23548,null,0.01,2,0.020929229959236892,0.0047135846033301045,0.00505472369227837,2.054498556395655,1.0299310684204102,1.0072852341556935,nan,nan,nan,0.03192979796069992,0.0027934123976160186,0.0010888532354972876,0.015910890824297117,0.004328196926897173,0.012493596091743116,0.05970399334898731,0.06872125742858104,0.06426292512394109,0.08221056923076074,0.06783007892185718,,0.04178858370933089,0.017498590037147807,0.019632414992697602,nan,nan,nan,0.16392016369524698,1.0526386454757133,0.8910361760434913,nan,nan,nan,595.5290127259796,0.475738920038566,596.0047516460181,36.05982374999439,0.4115903400233947,36.47141409001779,0.0011469559976831079,0.01937188400188461,0.9078541910275817,8.505829907079487e-08,2.988941551272564e-08,True,160,595.5290127259796,0,0,0.09255445357133524,2.1267945341227064,outputs/Mach_interpolation/naca0012/iso/hessian/eig/h0.025/aoa2.00/M2.40-2.50/drift_null/gmin0.01
eig,0.025,mach,2.0,2.5,2.6,23548,null,0.01,2,0.02023467215503615,0.0016874377423691082,0.002270259188426076,2.312910953730676,0.19315731525421143,1.0042979528601523,nan,nan,nan,0.03732720085743093,0.00013302077869409445,0.0008821913782992019,0.007558100939428717,0.00016711713010796817,0.0003001533597493751,0.05349955200316461,0.05686667819984526,0.05671862877276062,0.08597280562489862,0.05429848731717086,,0.04290136625311828,0.0042961201012057535,0.01347332037086566,nan,nan,nan,0.1437500998619584,1.0002403993891071,0.6602843299624209,nan,nan,nan,548.3738938393071,0.4733471618965268,548.8472410012037,36.71233285404742,0.409481817856431,37.12181467190385,0.0012934627011418343,0.019307002425193787,0.9034321708604693,9.542051149225017e-08,3.798159434130083e-08,True,148,548.3738938393071,0,0,0.08929212719974526,0.3311159312474445,outputs/Mach_interpolation/naca0012/iso/hessian/eig/h0.025/aoa2.00/M2.50-2.60/drift_null/gmin0.01
eig,0.025,mach,2.0,2.6,2.7,23548,null,0.01,2,0.019824378822816888,0.001299205433026986,0.00172796168825709,2.376604990598939,0.10158257484436062,0.5976326687002149,nan,nan,nan,0.036470836530619444,0.00010314162196327359,0.0017365988862313457,0.006137917293471294,0.00019773598271686602,0.00026935445973592546,0.048543153388949684,0.05120841288781661,0.050945970983072894,0.08413751077269527,0.04995176953340401,,0.03955682618030008,0.0029366050098234044,0.008180506695748838,nan,nan,nan,0.15378128555741785,1.0039563893858003,0.7856824519345286,nan,nan,nan,303.78967746393755,0.4347274671308696,304.2244049310684,28.567645906005055,0.3802695507183671,28.947915456723422,0.0011120056733489037,0.017690321896225214,0.8338029510341585,6.316067668876713e-08,1.778062026844984e-08,True,149,303.78967746393755,0,0,0.08678353164190959,0.29892313392205555,outputs/Mach_interpolation/naca0012/iso/hessian/eig/h0.025/aoa2.00/M2.60-2.70/drift_null/gmin0.01
eig,0.025,mach,2.0,2.7,2.8,23548,null,0.01,2,0.01971914654145203,0.0012522751064992644,0.0019165423115136441,2.3783364220151424,0.5823301792144777,0.5897437750077119,nan,nan,nan,0.03559523870618955,0.00022648585977810061,0.002715048663466244,0.006180064350294809,0.0008123557095437817,0.0004090967297985526,0.04722429739084012,0.05006719951603126,0.04935822734610864,0.0820153128808109,0.04882063241263463,,0.03696071664860878,0.0042095634774460535,0.008079648671857011,nan,nan,nan,0.1637631481426161,1.001845859367781,0.7491096758101294,nan,nan,nan,295.84607793483883,0.4424874261021614,296.288565360941,27.779178539291024,0.38797283405438066,28.167151373345405,0.0009786360897123814,0.018273784779012203,0.849714663811028,8.396997586146426e-08,2.8862345814321856e-08,True,156,295.84607793483883,0,0,0.08724519659984964,0.30658998088728934,outputs/Mach_interpolation/naca0012/iso/hessian/eig/h0.025/aoa2.00/M2.70-2.80/drift_null/gmin0.01
eig,0.025,mach,2.0,2.9,3.0,23548,null,0.01,2,0.018695506606682493,0.0008592397230329104,0.0011225334773219938,2.5406490148232574,0.0836418867111206,0.3225465362155302,nan,nan,nan,0.03381978953427093,4.582574071433026e-05,0.0007850553752515496,0.006528317767048936,8.379457684616081e-05,0.0004150299136782122,0.04449964476073753,0.04705862662332646,0.04686561189436496,0.07757563207635648,0.04629046986161089,,0.034754398671286595,0.0013979666274815845,0.003108931272834601,nan,nan,nan,0.13882360199142277,0.9992539876896599,0.8771042847697805,nan,nan,nan,254.2302660322748,0.4453004840761423,254.67556651635095,28.27162699215114,0.38897967664524913,28.66060666879639,0.001103412825614214,0.01827564788982272,0.8536619856022298,9.402851652851041e-08,2.5473897432841936e-08,True,123,254.2302660322748,0,0,0.08921907483854538,0.7122886912985739,outputs/Mach_interpolation/naca0012/iso/hessian/eig/h0.025/aoa2.00/M2.90-3.00/drift_null/gmin0.01
eig,0.025,aoa,0.0,2.0,2.0,23548,null,0.01,2,0.01967749668723994,0.0004977931285956346,0.0013788877627913282,1.954897320257027,0.115264892578125,0.29630236734690696,nan,nan,nan,0.015768092758842046,6.995395095404613e-05,6.397494941090388e-05,0.0018608651398035496,0.0001416965707170037,0.0013779318563365136,0.030775878556570806,0.031131130836396858,0.030528057819652846,0.07546309114871588,0.015253815339699137,,0.04936967914273446,0.002292568119558395,0.0036600787275866695,nan,nan,nan,0.37889304289580766,0.9981498175446583,0.9654135670334163,nan,nan,nan,288.8153548920527,0.439076435752213,289.2544313278049,28.22740764170885,0.3814859390258789,28.60889358073473,0.000973336398601532,0.017732462845742702,0.8392747454345226,9.421407032306206e-08,3.682741039489844e-08,True,146,288.8153548920527,0,0,0.0841617774978212,1.0851433044284111,outputs/AoA_interpolation/naca0012/iso/hessian/eig/h0.025/M2.00/A0.00-1.00/drift_null/gmin0.01
