hmode,h,axis,aoa,mach0,mach1,n_cells,drift,gamma,n_stages,BaryCDI_l2_mean,Linear_l2_mean,FFD_l2_mean,BaryCDI_linf_max,Linear_linf_max,FFD_linf_max,BaryCDI_w2_mean,Linear_w2_mean,FFD_w2_mean,BaryCDI_cd_err_mean,Linear_cd_err_mean,FFD_cd_err_mean,BaryCDI_cl_err_mean,Linear_cl_err_mean,FFD_cl_err_mean,BaryCDI_cl_abs_max,Linear_cl_abs_max,FFD_cl_abs_max,cd_ref_mean,cl_ref_mean,ffd_backfilled,BaryCDI_l2band_mean,Linear_l2band_mean,FFD_l2band_mean,BaryCDI_dbeta_mean,Linear_dbeta_mean,FFD_dbeta_mean,BaryCDI_sharpness,Linear_sharpness,FFD_sharpness,BaryCDI_rh_mean,Linear_rh_mean,FFD_rh_mean,BaryCDI_offline_s,BaryCDI_recon_s,BaryCDI_total_s,FFD_offline_s,FFD_recon_s,FFD_total_s,Linear_recon_s,interp_setup_s,interp_s,ipfp_res,ipfp_res_l2,ipfp_converged,ipfp_iters,ipfp_time_s,gate_T,gate_S,disp_T,den_T_max,path
eig,0.025,mach,0.0,0.8,0.9,14178,SBsquared_exact+ffd,0.0001,12,0.024098000645439016,0.03029539114395383,0.02175141858527878,0.38439810648134,0.3805096864700319,0.49482318043124385,0.03285605547281366,0.03464476252508611,0.04781160720324229,0.0022490452046835456,0.0007900158322713674,0.003049983700766664,0.01049077741535356,0.014028579431983459,0.031371169679611656,1.9154125477369925,1.9117383741970595,1.9076174081045854,0.018998579180271997,1.7354993160921375,,0.03181667543993624,0.05093174285459476,0.03960032364073092,nan,nan,nan,0.30156397248628297,0.3046713039530414,1.2202603223766764,nan,nan,nan,168.42862190400047,0.27910975700069685,168.70773166100116,0.007084030999976676,0.21970949900423875,0.22679353000421543,0.0006439950011554174,0.010959220999211539,0.5104251469965675,9.894458541381823e-08,4.365718871549925e-08,True,1112,168.42862190400047,0,0,0.028779105125178013,55850.60879922715,outputs/Mach_interpolation/bump/iso/hessian/eig/h0.025/M0.80-0.90/drift_SBsquared_exact+ffd/gmin0.0001
eig,0.025,mach,0.0,0.9,1.0,14178,SBsquared_exact+ffd,0.0001,12,0.031209244174965553,0.035745662517829596,0.020847403375466315,0.5013863080762975,0.4044692397117615,0.449806308560712,0.0584687397506795,0.04890256808027317,0.02983435891599935,0.0015961002906204425,0.00039857639530288574,0.0016182606623810884,0.023983556331227247,0.0037646697947414745,0.02595407597382884,1.551982636664317,1.5423804803499392,1.5447416469016724,0.027041769446186872,1.4503216666114114,,0.07574748350198796,0.0671370797485973,0.03781279795946724,nan,nan,nan,0.671919985721814,0.6908389871532612,1.0073416627806338,nan,nan,nan,162.99364447873086,0.4436073945835233,163.43725187331438,0.00735390093177557,0.4003728525713086,0.4077267535030842,0.0006742998957633972,0.021289237774908543,0.8659484824165702,8.261983097668235e-08,2.9829178274060136e-08,True,859,162.99364447873086,0,0,0.25643375665099305,3.5610765594634444e+16,outputs/Mach_interpolation/bump/iso/hessian/eig/h0.025/M0.90-1.00/drift_SBsquared_exact+ffd/gmin0.0001
eig,0.025,mach,0.0,1.0,1.1,14178,SBsquared_exact+ffd,0.0001,12,0.027910117480100565,0.03700505962621573,0.021824199560647753,0.4282642737551998,0.5451236248016358,0.538814864215196,0.029887034676734474,0.05126256069895143,0.03409727474355621,0.002062012052369538,0.0006946640076017282,0.0007188343284929377,0.002154834458885782,0.00473295693184434,0.014560879445559196,1.3370078786633819,1.3340107180593195,1.3512646308795841,0.025991492717672027,1.2715064258135511,,0.04454068660653613,0.07300496167437066,0.03203033378846705,nan,nan,nan,0.7555052938724263,1.0723491397909035,1.2793581018782996,nan,nan,nan,209.06485767499544,0.2618744740029797,209.32673214899842,0.008317850006278604,0.2208021620172076,0.2291200120234862,0.0006472360109910369,0.010940368985757232,0.494275321951136,9.212199447716785e-08,3.288266189143241e-08,True,1376,209.06485767499544,0,0,0.15885975903047994,535914372241.1966,outputs/Mach_interpolation/bump/iso/hessian/eig/h0.025/M1.00-1.10/drift_SBsquared_exact+ffd/gmin0.0001
eig,0.025,mach,0.0,1.1,1.2,14178,SBsquared_exact+ffd,0.0001,12,0.025850221035711832,0.03247163597739042,0.017598923386764026,0.48583988610263507,0.5417252540588378,0.44476545245678567,0.052100225010464005,0.04220959235919115,0.021910598701914818,0.00023286973345806834,0.0006373860203771697,0.0014053221541577526,0.0018689265087670462,0.0033407280229947015,0.022010434029856068,1.1716666667661877,1.1710032484060273,1.2099007971019773,0.020776967718327023,1.1097159568883825,,0.05392947788960568,0.08985880232467058,0.03857154445340621,nan,nan,nan,0.6970179782986977,0.8793589894569491,1.0658647790663949,nan,nan,nan,181.40504185296595,0.27032120199874043,181.6753630549647,0.007209892035461962,0.2291621370241046,0.23637202905956656,0.000680388999171555,0.01129249599762261,0.5114584490656853,9.78026690745537e-08,2.4437614083770486e-08,True,1494,181.40504185296595,0,0,0.04932621731407923,16814953494.657953,outputs/Mach_interpolation/bump/iso/hessian/eig/h0.025/M1.10-1.20/drift_SBsquared_exact+ffd/gmin0.0001
eig,0.025,mach,0.0,1.2,1.3,14178,SBsquared_exact+ffd,0.0001,12,0.020872298293646355,0.02702835586566296,0.012405185718116498,0.3925849795892773,0.47996468544006343,0.41024400760984836,0.029243652178551502,0.01462275045315479,0.007597151118524082,0.001147653642389467,0.00042709013654366714,0.0008800582339647622,0.003672775308839434,0.0023098187172959023,0.012330567913940568,1.0180455263135229,1.0143047021567924,1.0201976698095465,0.022132467191503778,0.9506009514926039,,0.043922845843744646,0.08025081069945174,0.033450349684004156,nan,nan,nan,0.549411191394033,0.9684457555007435,0.7985012444803101,nan,nan,nan,158.57614746499894,0.2614668000023812,158.83761426500132,0.007247341003676411,0.22240509699622635,0.22965243799990276,0.0008137059994623996,0.010926670998742338,0.49561642199842026,9.874760920070003e-08,3.000155711725698e-08,True,1358,158.57614746499894,0,0,0.10331490085882918,39625741.36019142,outputs/Mach_interpolation/bump/iso/hessian/eig/h0.025/M1.20-1.30/drift_SBsquared_exact+ffd/gmin0.0001
eig,0.025,mach,0.0,1.3,1.4,14178,SBsquared_exact+ffd,0.0001,12,0.017077403017935977,0.022781622390052932,0.01124948417706433,0.3815226557648027,0.49966206550598136,0.3788577170067633,0.026611695760895962,0.019014734471367437,0.013179492622436971,0.0008397851765822437,0.0001627396170270345,0.0007371298764484404,0.003264501244144877,0.00299338169543976,0.003534368640182565,0.8659406823511373,0.8660982042667221,0.868197415421628,0.02068192312900262,0.8195398278460284,,0.025670299541595828,0.06395854199213431,0.024322008451970772,nan,nan,nan,0.6150807480988204,0.6386120701556732,0.928111331756068,nan,nan,nan,165.04467690299498,0.4151371219995781,165.45981402499456,0.007468117000826169,0.37642466300167143,0.3838927800024976,0.0006609689953620546,0.01954386100260308,0.811768959996698,9.34990254108925e-08,2.252445292229128e-08,True,1199,165.04467690299498,0,0,0.12511163396200037,11611.20320453145,outputs/Mach_interpolation/bump/iso/hessian/eig/h0.025/M1.30-1.40/drift_SBsquared_exact+ffd/gmin0.0001
eig,0.025,mach,0.0,1.4,1.5,14178,SBsquared_exact+ffd,0.0001,12,0.013858724904479832,0.017969684489217045,0.008119608411138271,0.34360541696282576,0.42637851238250724,0.38755014951777644,0.015595970193182028,0.016375269971348125,0.00783666504409412,0.0008770187064105765,8.322467856235656e-05,0.00153384106643401,0.0019451015934535871,0.00038949550910880347,0.006271738089915879,0.7457791535662827,0.7474212849965505,0.7501637607901167,0.016716337289495495,0.7054520635007007,,0.026821712197571325,0.05056556924351167,0.02058232626503189,nan,nan,nan,0.7269449378771331,0.9873981320356424,0.8210007960022236,nan,nan,nan,184.16370930802077,0.4419172899797559,184.60562659800053,0.007879909011535347,0.4022328339633532,0.41011274297488853,0.0006881459848955274,0.021131987974513322,0.8659729349892586,9.973121706252641e-08,3.3854509535745904e-08,True,1908,184.16370930802077,0,0,0.05206559973695979,12574556763.958681,outputs/Mach_interpolation/bump/iso/hessian/eig/h0.025/M1.40-1.50/drift_SBsquared_exact+ffd/gmin0.0001
eig,0.025,mach,0.0,1.5,1.6,14178,SBsquared_exact+ffd,0.0001,12,0.011837194672618406,0.013629918946952724,0.007007788058198416,0.2716936201555116,0.25256540775299063,0.297835819377928,0.015852541765321613,0.013173333428219261,0.006127572011662319,0.0008606506428301361,2.3147105276507788e-05,0.0009187421166829668,0.0009297297601288883,0.00011084690928418893,0.002907377907272616,0.6475000618436504,0.6482122688001968,0.6521764787630486,0.01446055605864703,0.6151080673116787,,0.023386328109831447,0.03487639240828002,0.02241613388676257,nan,nan,nan,0.7763350416667305,1.0098096283058111,0.9786495142417014,nan,nan,nan,186.68200240109582,0.45985221897717565,187.141854620073,0.006484589073807001,0.42010310699697584,0.42658769607078284,0.0006969099631533027,0.021922945976257324,0.9025770659791306,9.5522477039367e-08,3.3708687568440036e-08,True,2133,186.68200240109582,0,0,0.02919840480903093,180387827.70863593,outputs/Mach_interpolation/bump/iso/hessian/eig/h0.025/M1.50-1.60/drift_SBsquared_exact+ffd/gmin0.0001
eig,0.025,mach,0.0,1.6,1.7,14178,SBsquared_exact+ffd,0.0001,12,0.007535939592723925,0.009634788045739348,0.0035936623760147914,0.20062224982895138,0.21437619924545293,0.2229253419376951,0.01268391945994389,0.010290482904291652,0.004236674927222791,0.00048135005666814757,1.3032139418354574e-05,0.0006422763080145337,0.0022760459777540795,7.292288365141126e-05,0.003689774956343841,0.5678812515173637,0.5691595332912968,0.5690132332056312,0.012873854992182512,0.5422056239775418,,0.00813180215184745,0.01682274633280276,0.006059428664582473,nan,nan,nan,0.7568792002312758,0.9987104038584945,0.837423945528628,nan,nan,nan,194.57989594700484,0.7922279849954066,195.37212393200025,0.006566497999301646,0.4051821630055201,0.41174866100482177,0.0006777779999538325,0.02103149900358403,1.219122252005036,9.556093516494002e-08,3.153726944124555e-08,True,2736,194.57989594700484,0,0,0.01285899166452783,3858574.6125119566,outputs/Mach_interpolation/bump/iso/hessian/eig/h0.025/M1.60-1.70/drift_SBsquared_exact+ffd/gmin0.0001
eig,0.025,mach,0.0,1.7,1.8,14178,SBsquared_exact+ffd,0.0001,12,0.00547825704069657,0.007108803915660731,0.0020017354221536347,0.1895599921032911,0.17157201766967778,0.15465559706154353,0.009629540375218272,0.008044049474097993,0.004961228952899796,0.00040599316519560134,7.645217826637118e-06,0.00029246773484297367,0.0014291511244713703,2.9380078527251206e-05,0.001306379580023726,0.5037200194296633,0.5045536064955568,0.5038238965396146,0.011671671695359145,0.48224361762463475,,0.006313875841509512,0.012319256342090835,0.0040741138083200635,nan,nan,nan,0.8348469958608713,0.9654431470661549,0.890977157038519,nan,nan,nan,183.74358506686985,0.26820557191967964,184.01179063878953,0.0073187025263905525,0.2266667727380991,0.23398547526448965,0.0007583508267998695,0.012140088714659214,0.5077734589576721,4.249253358068472e-07,1.6496935710748575e-07,False,2555,183.74358506686985,0,0,0.017196311795629193,872935.867518641,outputs/Mach_interpolation/bump/iso/hessian/eig/h0.025/M1.70-1.80/drift_SBsquared_exact+ffd/gmin0.0001
eig,0.025,mach,0.0,1.8,1.9,14178,SBsquared_exact+ffd,0.0001,12,0.003913715305204766,0.005463829302184917,0.0028197718357334343,0.14985751782289092,0.1368711709976198,0.1748470654418981,0.006454818300166539,0.006761177141230359,0.004458387948756232,0.0004175887506984517,3.719715786361146e-06,0.00021367142918755794,0.0010990748227667152,6.128332299462326e-05,0.0013278606601102954,0.4501670254519,0.4508670987140098,0.45132356831543646,0.010719655964195511,0.43208480288219003,,0.004661245995174279,0.009362394978193586,0.003899291046253406,nan,nan,nan,0.8086030554046737,0.9957433901046061,0.9824067762668713,nan,nan,nan,179.33027985994704,0.2689221539767459,179.5992020139238,0.007279932964593172,0.22788233391474932,0.2351622668793425,0.0006606320384889841,0.011217514984309673,0.5086853300454095,4.2551338808038963e-07,1.4680777946902535e-07,False,2900,179.33027985994704,0,0,0.01369650752954455,27203.25514491878,outputs/Mach_interpolation/bump/iso/hessian/eig/h0.025/M1.80-1.90/drift_SBsquared_exact+ffd/gmin0.0001
eig,0.025,mach,0.0,1.9,2.0,14178,SBsquared_exact+ffd,0.0001,12,0.002514989701093102,0.003976337696807014,0.001483122392445283,0.11031611343627468,0.1170452594757081,0.13644584435004492,0.006921615041274777,0.006790140077593037,0.0017691381703992854,0.000359426873164278,6.498119924385659e-06,6.020822439059374e-05,0.0008430683624585038,3.515048382263242e-05,0.0001481785983683475,0.4049916644430218,0.4056580636775138,0.4057158794628215,0.00992707639282046,0.3897114688308166,,0.003987217756585178,0.006898611784779407,0.0025070543069453406,nan,nan,nan,0.882606475098726,0.9984806358594513,0.9576385736675618,nan,nan,nan,181.6439165220363,0.26409308006986976,181.90800960210618,0.008651842013932765,0.22350762493442744,0.2321594669483602,0.0006672140443697572,0.010969518916681409,0.4992395519511774,1.041335708507063e-05,3.924989730366343e-06,False,2906,181.6439165220363,0,0,0.016797037245144922,9295.032810730827,outputs/Mach_interpolation/bump/iso/hessian/eig/h0.025/M1.90-2.00/drift_SBsquared_exact+ffd/gmin0.0001
eig,0.025,mach,0.0,2.0,2.1,14178,SBsquared_exact+ffd,0.0001,12,0.002181691668297118,0.003205290944329914,0.0012146120621287862,0.11749917150023403,0.0929955244064331,0.07961531771146868,0.006299439405602858,0.0052821977704516345,0.0012774901505614906,0.00031575342385641833,4.76902390012219e-06,5.837551207537552e-05,0.0006155529602753291,1.712742905500707e-05,0.00020687950287537647,0.3666061241584634,0.3671603648176373,0.36725950302925514,0.009258008275207326,0.35349380518668766,,0.0037964206281645894,0.0058294988881535045,0.002464542957027376,nan,nan,nan,0.8000012036180506,0.9918152355245781,0.9848365762656621,nan,nan,nan,184.5981391499954,0.26182527700439095,184.8599644269998,0.0075057140056742355,0.22105355499661528,0.2285592690022895,0.0006698960060020909,0.01088326699391473,0.4944357409985969,1.431065751233973e-06,3.4517476609659367e-07,False,2884,184.5981391499954,0,0,0.011869165073063145,11529.74976356855,outputs/Mach_interpolation/bump/iso/hessian/eig/h0.025/M2.00-2.10/drift_SBsquared_exact+ffd/gmin0.0001
eig,0.025,mach,0.0,2.1,2.2,14178,SBsquared_exact+ffd,0.0001,12,0.0017884684934677691,0.0024130463078781395,0.0010249286214736586,0.11994990630613822,0.11605529785156254,0.12600952452477943,0.004553960256938366,0.0023516780991801275,0.000974925124059734,0.00029403043299087474,2.7721757524197917e-06,4.8347973079751315e-05,0.000623429201220882,9.842482249383049e-06,0.00026135875118016294,0.33359396772010314,0.3340775159284971,0.33394723184986075,0.008687248996070674,0.32230150480091474,,0.0032749535180459093,0.004667327440313629,0.0021010061583061125,nan,nan,nan,0.8384365634453302,0.9988959344833792,0.9071947888238697,nan,nan,nan,187.60480566900515,0.4385218159877695,188.04332748499291,0.0100276149896672,0.40015466600016225,0.41018228098982945,0.0007042910001473501,0.020867914005066268,0.8602510210039327,1.3141546162387385e-07,4.501721777790452e-08,False,3340,187.60480566900515,0,0,0.008306690139947183,10207.68008622774,outputs/Mach_interpolation/bump/iso/hessian/eig/h0.025/M2.10-2.20/drift_SBsquared_exact+ffd/gmin0.0001
eig,0.025,mach,0.0,2.2,2.3,14178,SBsquared_exact+ffd,0.0001,12,0.0017340306465486724,0.00191998027338789,0.0009860999750190193,0.1240194613475718,0.07395954132080096,0.08616557559554794,0.004442348704013883,0.000930443835226681,0.0006673971070438294,0.0002561277893078146,2.316354225908143e-06,2.825306498007618e-05,0.0006546585750068377,2.1328833906566728e-05,0.0001793506567745092,0.30500131305923456,0.3054893284491423,0.30557238457990854,0.00819311982047476,0.295237828117928,,0.0031662355146946236,0.004012047445478429,0.002021952820908388,nan,nan,nan,0.8146174453636911,0.998691607530743,0.995387512773562,nan,nan,nan,183.32052385399584,0.259598512086086,183.58012236608192,0.0075859889620915055,0.22044942900538445,0.22803541796747595,0.0006793569773435593,0.011401530005969107,0.4921316229738295,4.022553419247288e-07,1.5974772501018522e-07,False,2905,183.32052385399584,0,0,0.005887252214059418,8292.033460870633,outputs/Mach_interpolation/bump/iso/hessian/eig/h0.025/M2.20-2.30/drift_SBsquared_exact+ffd/gmin0.0001
eig,0.025,mach,0.0,2.3,2.4,14178,SBsquared_exact+ffd,0.0001,12,0.001499500918505646,0.0015378133619101326,0.0009027916323509436,0.12514494324437297,0.07977986335754395,0.10836313691069499,0.004406419983555603,0.0007531456434518159,0.0006260706212376402,0.00023881370556847186,1.553770136461557e-06,1.2679493581509488e-05,0.0006833539748521103,1.0787712995471063e-05,8.434807660077463e-05,0.2801005878572379,0.2806072429983163,0.28064867406948335,0.0077567455712295695,0.27161004546178247,,0.0032651500152139834,0.0031410248263918127,0.001999767576213592,nan,nan,nan,0.8220075030658601,0.9992875179711894,0.9853782580365221,nan,nan,nan,185.56728498998564,0.46644221991300583,186.03372720989864,0.009550899965688586,0.42381035594735295,0.43336125591304153,0.0006941240280866623,0.022636318928562105,0.913585323956795,3.277707623183801e-05,1.2206073889413222e-05,False,3006,185.56728498998564,0,0,0.0059434764722371995,7382.216445809602,outputs/Mach_interpolation/bump/iso/hessian/eig/h0.025/M2.30-2.40/drift_SBsquared_exact+ffd/gmin0.0001
eig,0.025,mach,0.0,2.4,2.5,14178,SBsquared_exact+ffd,0.0001,12,0.00119687245188616,0.0011841660659653048,0.0008407527302371732,0.12720887087690258,0.06284880638122559,0.09772280887966955,0.0037404190401209717,0.000601681114862744,0.00046208028949459574,0.00022980148262204857,7.97072893599633e-07,5.042953604158822e-05,0.0005449745039042461,2.474417495375457e-05,0.00032469372301333066,0.25826850709635796,0.2587145745690062,0.25886677407054626,0.007360093453036782,0.25073711432258056,,0.002660247352975434,0.002244533296832303,0.0023889683693886833,nan,nan,nan,0.8289649528862391,1.0003305238478208,0.9881689708766245,nan,nan,nan,180.8351928720076,0.2641250540036708,181.09931792601128,0.006552460996317677,0.22007082399795763,0.2266232849942753,0.0006471010128734633,0.010884147995966487,0.49572988199361134,2.9777533292474345e-06,1.17498184926644e-06,False,3088,180.8351928720076,0,0,0.005091736657138511,12248.529141067924,outputs/Mach_interpolation/bump/iso/hessian/eig/h0.025/M2.40-2.50/drift_SBsquared_exact+ffd/gmin0.0001
eig,0.025,mach,0.0,2.5,2.6,14178,SBsquared_exact+ffd,0.0001,12,0.0011916520038372706,0.0010469666647234437,0.0007912276504735533,0.1299079648950099,0.07099592685699463,0.10819103552628384,0.0037117621299701383,0.0005288550728742365,0.0005606657864024872,0.0002183975225519742,8.955932579478645e-07,3.194252403000639e-05,0.00053584702382043,1.4237048497277459e-05,4.872524751345056e-05,0.23889880219271423,0.2393323666796562,0.2393026897199693,0.006998826408416757,0.23223658352985732,,0.0024997854343091763,0.0018745160611755693,0.0019547838448895714,nan,nan,nan,0.8311786026244058,0.9908905341863798,0.907552271707641,nan,nan,nan,180.7689657639712,0.45301894191652536,181.22198470588773,0.007764107547700405,0.4128457875922322,0.42060989513993263,0.0007079951465129852,0.02182433381676674,0.8884001867845654,2.0415795631834044e-07,7.911094461430347e-08,False,2761,180.7689657639712,0,0,0.004726392271463452,8189.82605362459,outputs/Mach_interpolation/bump/iso/hessian/eig/h0.025/M2.50-2.60/drift_SBsquared_exact+ffd/gmin0.0001
eig,0.025,mach,0.0,2.6,2.7,14178,SBsquared_exact+ffd,0.0001,12,0.001067070494139006,0.0008895457814639087,0.0007296734962360258,0.1263511795855874,0.05968828201293963,0.09783867572231664,0.003848426595730572,0.0005064616572233421,0.0009750073433809681,0.00018807539118638415,2.0271403975922106e-06,0.00013022462978592997,0.00043622712272289556,2.363299358278886e-05,0.0002234723478947277,0.22165395537580057,0.22206434201382189,0.22193825065743827,0.006663093259941902,0.21573561638144959,,0.002012184060756575,0.001116689935699535,0.0016751867646214874,nan,nan,nan,0.7615601624184986,0.9998103510630519,0.8394336053350391,nan,nan,nan,180.28902914305218,0.2604405829915777,180.54946972604375,0.011517524952068925,0.22121566301211715,0.23273318796418607,0.0006779340328648686,0.011647322913631797,0.49398381798528135,1.9474855882606334e-05,8.06401983399382e-06,False,2924,180.28902914305218,0,0,0.003255766640266551,7638.258121415854,outputs/Mach_interpolation/bump/iso/hessian/eig/h0.025/M2.60-2.70/drift_SBsquared_exact+ffd/gmin0.0001
eig,0.025,mach,0.0,2.7,2.8,14178,SBsquared_exact+ffd,0.0001,12,0.0008508144581508637,0.0007751887747621774,0.0006843212769107307,0.1360058481472306,0.04051101207733154,0.16123443096332135,0.0021742053887738536,0.00042978526335365477,0.0008054612910687013,0.00021862916262681362,9.597017163761038e-07,0.00011726176376280567,0.0007143564901934685,1.3560393586890354e-05,0.0001617478785392374,0.20613595402863674,0.2066711779115191,0.20672035968165453,0.006357354208565533,0.20100540601965214,,0.0017992145276766397,0.0007008935718990738,0.0017270218282870854,nan,nan,nan,0.8482275091409712,0.9992945506092223,0.8966990783630717,nan,nan,nan,179.60952114197426,0.26153605489525944,179.87105719686951,0.009127664030529559,0.22074003401212394,0.2298676980426535,0.0006766520673409104,0.011611551977694035,0.4945667569991201,9.887811946995839e-08,3.9493645702067115e-08,True,1533,179.60952114197426,0,0,0.003738414863443224,5.83438437258298e+17,outputs/Mach_interpolation/bump/iso/hessian/eig/h0.025/M2.70-2.80/drift_SBsquared_exact+ffd/gmin0.0001
eig,0.025,mach,0.0,2.8,2.9,14178,SBsquared_exact+ffd,0.0001,12,0.0013025081173740358,0.0006490333979466774,0.0005542275315441707,0.24834663329374296,0.035631418228149414,0.061195636649319596,0.00612245019177217,0.00037767415883125874,0.00042379185746780446,0.0001239508410342745,4.5006992835826885e-08,2.0710600225840267e-06,0.00012937573726159692,2.3994179483566302e-06,3.661155626381708e-05,0.19282996740240935,0.19286282468136645,0.19288010220410168,0.0060770802906856694,0.18779254015364086,,0.0018306596087675155,0.0005441825444235515,0.0008790483024341436,nan,nan,nan,0.8326036169471955,0.9990783302201607,0.9876954458460915,nan,nan,nan,172.51041320498916,0.2649325630045496,172.7753457679937,0.003936452005291358,0.22235343199281488,0.22628988399810623,0.0006599970074603334,0.011052596004446968,0.499000841009547,9.912534260081429e-08,3.881599158331014e-08,True,1374,172.51041320498916,0,0,0.003953362916698487,290.5561985985829,outputs/Mach_interpolation/bump/iso/hessian/eig/h0.025/M2.80-2.90/drift_SBsquared_exact+ffd/gmin0.0001
eig,0.025,mach,0.0,2.9,3.0,14178,SBsquared_exact+ffd,0.0001,12,0.0007997031176693574,0.0005631676309710462,0.0005854337747190108,0.15586227161020094,0.03626084327697754,0.1325898920498414,0.0018151356124554703,0.0003843123182920577,0.00045951047446682596,0.00020450794930674865,4.1393191487670537e-07,8.260216951276166e-05,0.0007427390757318451,8.26012355244981e-06,5.733897023287181e-05,0.17994090421421394,0.1804718088652875,0.18050212898583878,0.005819543040618468,0.17590499314963315,,0.001809564102547312,0.0005679058265928735,0.0013887587252786793,nan,nan,nan,0.8060093962137651,0.9994366836290776,0.898284204031376,nan,nan,nan,198.22360878699692,0.26147589400352444,198.48508468100044,0.006707868000376038,0.22063436200551223,0.22734223000588827,0.000667252010316588,0.010967013993649743,0.4937466449919157,7.471980634221609e-08,2.706079620832489e-08,True,2081,198.22360878699692,0,0,0.004197160960681146,5.246908306653887e+30,outputs/Mach_interpolation/bump/iso/hessian/eig/h0.025/M2.90-3.00/drift_SBsquared_exact+ffd/gmin0.0001
eig,0.025,mach,0.0,0.8,0.9,14178,SBsquared_exact+ffd,0.001,9,0.024299657530109944,0.03029539114395383,0.02175141858527878,0.4028763280301506,0.3805096864700319,0.49482318043124385,0.0322075595821332,0.03464476252508611,0.04781160720324229,0.0011380101778182552,0.0007900158322713674,0.003049983700766664,0.016012373773790303,0.014028579431983459,0.031371169679611656,1.913895582889917,1.9117383741970595,1.9076174081045854,0.018998579180271997,1.7354993160921375,,0.033849345175760034,0.05093174285459476,0.03960032364073092,nan,nan,nan,0.2561251952684246,0.3046713039530414,1.2202603223766764,nan,nan,nan,144.518529863999,0.3175379489985062,144.8360678129975,0.007880745004513301,0.2713661019952269,0.27924684699974023,0.0002804550022119656,0.013904845996876247,0.6030915040028049,9.822952051763423e-08,3.2592924434658664e-08,True,344,144.518529863999,0,0,0.005937093977288022,18191355.241206747,outputs/Mach_interpolation/bump/iso/hessian/eig/h0.025/M0.80-0.90/drift_SBsquared_exact+ffd/gmin0.001
eig,0.025,mach,0.0,0.9,1.0,14178,SBsquared_exact+ffd,0.001,9,0.034005295000802294,0.035745662517829596,0.020847403375466315,0.5046789681033879,0.4044692397117615,0.449806308560712,0.06939532090269848,0.04890256808027317,0.02983435891599935,0.0017642921508692969,0.00039857639530288574,0.0016182606623810884,0.026925228978778717,0.0037646697947414745,0.02595407597382884,1.5488993755561162,1.5423804803499392,1.5447416469016724,0.027041769446186872,1.4503216666114114,,0.0813540115174368,0.0671370797485973,0.03781279795946724,nan,nan,nan,0.7368872994592042,0.6908389871532612,1.0073416627806338,nan,nan,nan,145.1409112792462,0.26538649294525385,145.40629777219146,0.007619621232151985,0.22206942457705736,0.22968904580920935,0.00025921501219272614,0.011472439393401146,0.4991917619481683,8.593019629188348e-08,3.405646959849718e-08,True,367,145.1409112792462,0,0,0.3874393905094157,5.143146820194113e+23,outputs/Mach_interpolation/bump/iso/hessian/eig/h0.025/M0.90-1.00/drift_SBsquared_exact+ffd/gmin0.001
eig,0.025,mach,0.0,1.0,1.1,14178,SBsquared_exact+ffd,0.001,9,0.030450163146383498,0.03700505962621573,0.021824199560647753,0.44209322429744313,0.5451236248016358,0.538814864215196,0.036759909070387314,0.05126256069895143,0.03409727474355621,0.0011960347437338806,0.0006946640076017282,0.0007188343284929377,0.004548035757293172,0.00473295693184434,0.014560879445559196,1.352230471915437,1.3340107180593195,1.3512646308795841,0.025991492717672027,1.2715064258135511,,0.046849137437949766,0.07300496167437066,0.03203033378846705,nan,nan,nan,0.9016831384468588,1.0723491397909035,1.2793581018782996,nan,nan,nan,169.56952909304528,0.4531088130315766,170.02263790607685,0.00713575299596414,0.41159604903077707,0.4187318020267412,0.0006685560219921172,0.021847197029273957,0.8872228289837949,4.868539704716568e-08,2.2206471126145297e-08,True,560,169.56952909304528,0,0,0.15614264160995583,4.35104361276311e+23,outputs/Mach_interpolation/bump/iso/hessian/eig/h0.025/M1.00-1.10/drift_SBsquared_exact+ffd/gmin0.001
eig,0.025,mach,0.0,1.1,1.2,14178,SBsquared_exact+ffd,0.001,9,0.027491195662200638,0.03247163597739042,0.017598923386764026,0.481922070507634,0.5417252540588378,0.44476545245678567,0.05050460633047863,0.04220959235919115,0.021910598701914818,0.0004164643538489951,0.0006373860203771697,0.0014053221541577526,0.004595268543932847,0.0033407280229947015,0.022010434029856068,1.170629073414958,1.1710032484060273,1.2099007971019773,0.020776967718327023,1.1097159568883825,,0.05601235643518651,0.08985880232467058,0.03857154445340621,nan,nan,nan,0.7157068948496884,0.8793589894569491,1.0658647790663949,nan,nan,nan,155.57188744295854,0.2622768050059676,155.8341642479645,0.007529993075877428,0.2209162019426003,0.22844619501847774,0.0006783349672332406,0.011061500990763307,0.4949354670243338,9.694157654394076e-08,3.622943288210568e-08,True,514,155.57188744295854,0,0,0.040391464914133014,4.470153300340429e+19,outputs/Mach_interpolation/bump/iso/hessian/eig/h0.025/M1.10-1.20/drift_SBsquared_exact+ffd/gmin0.001
eig,0.025,mach,0.0,1.2,1.3,14178,SBsquared_exact+ffd,0.001,9,0.023115126210479398,0.02702835586566296,0.012405185718116498,0.48431523544945543,0.47996468544006343,0.41024400760984836,0.04409565240723728,0.01462275045315479,0.007597151118524082,0.0007010563994303742,0.00042709013654366714,0.0008800582339647622,0.007652768174044613,0.0023098187172959023,0.012330567913940568,1.017690995327574,1.0143047021567924,1.0201976698095465,0.022132467191503778,0.9506009514926039,,0.04618290088601281,0.08025081069945174,0.033450349684004156,nan,nan,nan,0.4925628515750203,0.9684457555007435,0.7985012444803101,nan,nan,nan,138.1840149530035,0.2596224590015481,138.44363741200505,0.007099943999492098,0.22095436599920504,0.22805430999869714,0.0006999620018177666,0.011183529000845738,0.49246467600460164,8.233938331159152e-08,3.172058731533206e-08,True,500,138.1840149530035,0,0,0.1066358765638833,24079299271930.332,outputs/Mach_interpolation/bump/iso/hessian/eig/h0.025/M1.20-1.30/drift_SBsquared_exact+ffd/gmin0.001
eig,0.025,mach,0.0,1.3,1.4,14178,SBsquared_exact+ffd,0.001,9,0.01945307750957022,0.022781622390052932,0.01124948417706433,0.46165738205621765,0.49966206550598136,0.3788577170067633,0.044708337967643716,0.019014734471367437,0.013179492622436971,0.0014846877684310553,0.0001627396170270345,0.0007371298764484404,0.006245913994276419,0.00299338169543976,0.003534368640182565,0.8636624735998073,0.8660982042667221,0.868197415421628,0.02068192312900262,0.8195398278460284,,0.028291955397618338,0.06395854199213431,0.024322008451970772,nan,nan,nan,0.5023666174324106,0.6386120701556732,0.928111331756068,nan,nan,nan,144.4040222380063,0.30066201699810335,144.7046842550044,0.008296719002828468,0.2611973070015665,0.269494026004395,0.00024638199829496443,0.013196749001508579,0.5753045599994948,7.483236430516627e-08,1.990776343240821e-08,True,451,144.4040222380063,0,0,0.12620012563903057,616994729.1452575,outputs/Mach_interpolation/bump/iso/hessian/eig/h0.025/M1.30-1.40/drift_SBsquared_exact+ffd/gmin0.001
eig,0.025,mach,0.0,1.4,1.5,14178,SBsquared_exact+ffd,0.001,9,0.0158990132165153,0.017969684489217045,0.008119608411138271,0.3468508126354952,0.42637851238250724,0.38755014951777644,0.02766995512381218,0.016375269971348125,0.00783666504409412,0.0006854229055519345,8.322467856235656e-05,0.00153384106643401,0.0009968902712246016,0.00038949550910880347,0.006271738089915879,0.7462683515195572,0.7474212849965505,0.7501637607901167,0.016716337289495495,0.7054520635007007,,0.02658290839091661,0.05056556924351167,0.02058232626503189,nan,nan,nan,0.4677616406901402,0.9873981320356424,0.8210007960022236,nan,nan,nan,154.85316254902864,0.26191952801309526,155.11508207704173,0.0067726969718933105,0.22170091001316905,0.22847360698506236,0.0006924319895915687,0.011051810986828059,0.4953668240341358,8.65296101437707e-08,3.1518959427954486e-08,True,526,154.85316254902864,0,0,0.052152570262682954,22161090163576.37,outputs/Mach_interpolation/bump/iso/hessian/eig/h0.025/M1.40-1.50/drift_SBsquared_exact+ffd/gmin0.001
eig,0.025,mach,0.0,1.5,1.6,14178,SBsquared_exact+ffd,0.001,9,0.013464615070988837,0.013629918946952724,0.007007788058198416,0.2699562552123742,0.25256540775299063,0.297835819377928,0.027426723424404408,0.013173333428219261,0.006127572011662319,9.041783418258629e-05,2.3147105276507788e-05,0.0009187421166829668,0.0015650546171993326,0.00011084690928418893,0.002907377907272616,0.6483320065745596,0.6482122688001968,0.6521764787630486,0.01446055605864703,0.6151080673116787,,0.022952568103097662,0.03487639240828002,0.02241613388676257,nan,nan,nan,0.5189860222390222,1.0098096283058111,0.9786495142417014,nan,nan,nan,157.53621297096834,0.2650524970376864,157.80126546800602,0.006527038989588618,0.22318358207121491,0.22971062106080353,0.0006986339576542377,0.011111677973531187,0.5000488959485665,8.104141357989647e-08,2.9620492987310204e-08,True,517,157.53621297096834,0,0,0.033111822285422296,2379779586420.126,outputs/Mach_interpolation/bump/iso/hessian/eig/h0.025/M1.50-1.60/drift_SBsquared_exact+ffd/gmin0.001
eig,0.025,mach,0.0,1.6,1.7,14178,SBsquared_exact+ffd,0.001,9,0.009772012932506787,0.009634788045739348,0.0035936623760147914,0.3329375476181513,0.21437619924545293,0.2229253419376951,0.02182521658056883,0.010290482904291652,0.004236674927222791,0.0007102512834726167,1.3032139418354574e-05,0.0006422763080145337,0.0021193840649976143,7.292288365141126e-05,0.003689774956343841,0.5700578884313783,0.5691595332912968,0.5690132332056312,0.012873854992182512,0.5422056239775418,,0.010194710997352903,0.01682274633280276,0.006059428664582473,nan,nan,nan,1.0460215207948755,0.9987104038584945,0.837423945528628,nan,nan,nan,159.25669791300606,0.28705638500105124,159.54375429800712,0.006672436997178011,0.22460784400027478,0.2312802809974528,0.0002596360063762404,0.01108870100142667,0.5230147510010283,9.992660920943308e-08,4.126890674426869e-08,True,663,159.25669791300606,0,0,0.021321190202207727,3789568950.8528533,outputs/Mach_interpolation/bump/iso/hessian/eig/h0.025/M1.60-1.70/drift_SBsquared_exact+ffd/gmin0.001
eig,0.025,mach,0.0,1.7,1.8,14178,SBsquared_exact+ffd,0.001,9,0.0073654475953383765,0.007108803915660731,0.0020017354221536347,0.34261644310768125,0.17157201766967778,0.15465559706154353,0.019188633543650527,0.008044049474097993,0.004961228952899796,0.0010998965276939414,7.645217826637118e-06,0.00029246773484297367,0.004606233073266815,2.9380078527251206e-05,0.001306379580023726,0.5037380332993983,0.5045536064955568,0.5038238965396146,0.011671671695359145,0.48224361762463475,,0.008639612837216464,0.012319256342090835,0.0040741138083200635,nan,nan,nan,1.2816063373442266,0.9654431470661549,0.890977157038519,nan,nan,nan,154.9287792481482,0.2628431683406234,155.19162241648883,0.007702423259615898,0.22240838129073381,0.2301108045503497,0.0007129460573196411,0.011167095974087715,0.4971340438351035,9.880953300012152e-08,3.721528242663968e-08,True,556,154.9287792481482,0,0,0.022396285132410515,2731550868.206463,outputs/Mach_interpolation/bump/iso/hessian/eig/h0.025/M1.70-1.80/drift_SBsquared_exact+ffd/gmin0.001
eig,0.025,mach,0.0,1.8,1.9,14178,SBsquared_exact+ffd,0.001,9,0.005955330273781587,0.005463829302184917,0.0028197718357334343,0.3495739604105421,0.1368711709976198,0.1748470654418981,0.01719612589225061,0.006761177141230359,0.004458387948756232,0.001052538052614649,3.719715786361146e-06,0.00021367142918755794,0.0035412573075671583,6.128332299462326e-05,0.0013278606601102954,0.45051016273105865,0.4508670987140098,0.45132356831543646,0.010719655964195511,0.43208480288219003,,0.007096269863283114,0.009362394978193586,0.003899291046253406,nan,nan,nan,1.3291205441865732,0.9957433901046061,0.9824067762668713,nan,nan,nan,146.94697917206213,0.2613492839736864,147.20832845603582,0.00805175700224936,0.2209508849773556,0.22900264197960496,0.000646033906377852,0.011043027974665165,0.4939913150155917,8.808666862591963e-08,3.5706814444868e-08,True,514,146.94697917206213,0,0,0.019829672415043246,39521.10462915411,outputs/Mach_interpolation/bump/iso/hessian/eig/h0.025/M1.80-1.90/drift_SBsquared_exact+ffd/gmin0.001
eig,0.025,mach,0.0,1.9,2.0,14178,SBsquared_exact+ffd,0.001,9,0.004796849475083743,0.003976337696807014,0.001483122392445283,0.3636668598361448,0.1170452594757081,0.13644584435004492,0.01794892725038611,0.006790140077593037,0.0017691381703992854,0.0009908491386699072,6.498119924385659e-06,6.020822439059374e-05,0.0026240107474100514,3.515048382263242e-05,0.0001481785983683475,0.40553438785987517,0.4056580636775138,0.4057158794628215,0.00992707639282046,0.3897114688308166,,0.006416914434597687,0.006898611784779407,0.0025070543069453406,nan,nan,nan,1.3099834370623213,0.9984806358594513,0.9576385736675618,nan,nan,nan,149.1544170200359,0.26261778199113905,149.41703480202705,0.0064279650105163455,0.2210521480301395,0.22748011304065585,0.0007040429627522826,0.011075640097260475,0.4954523181077093,9.398413780559167e-08,3.678064980479804e-08,True,464,149.1544170200359,0,0,0.024477235358364893,44.32453886440466,outputs/Mach_interpolation/bump/iso/hessian/eig/h0.025/M1.90-2.00/drift_SBsquared_exact+ffd/gmin0.001
eig,0.025,mach,0.0,2.0,2.1,14178,SBsquared_exact+ffd,0.001,9,0.004397422583393138,0.003205290944329914,0.0012146120621287862,0.3758685359649876,0.0929955244064331,0.07961531771146868,0.017132797108315865,0.0052821977704516345,0.0012774901505614906,0.0008617448489055824,4.76902390012219e-06,5.837551207537552e-05,0.0025568404989253007,1.712742905500707e-05,0.00020687950287537647,0.36722216211978165,0.3671603648176373,0.36725950302925514,0.009258008275207326,0.35349380518668766,,0.006079700396929745,0.0058294988881535045,0.002464542957027376,nan,nan,nan,1.342553363248708,0.9918152355245781,0.9848365762656621,nan,nan,nan,154.03350372098794,0.25937407999299467,154.29287780098093,0.00988785301160533,0.22057264398608822,0.23046049699769355,0.000659736993839033,0.011089573992649093,0.4916981699934695,9.466664963042604e-08,3.9631220665689516e-08,True,521,154.03350372098794,0,0,0.017789253547889468,411.84806117540023,outputs/Mach_interpolation/bump/iso/hessian/eig/h0.025/M2.00-2.10/drift_SBsquared_exact+ffd/gmin0.001
eig,0.025,mach,0.0,2.1,2.2,14178,SBsquared_exact+ffd,0.001,9,0.0037661409897491757,0.0024130463078781395,0.0010249286214736586,0.3853833502585635,0.11605529785156254,0.12600952452477943,0.014372230074728305,0.0023516780991801275,0.000974925124059734,0.0007793132141950176,2.7721757524197917e-06,4.8347973079751315e-05,0.002295232969735544,9.842482249383049e-06,0.00026135875118016294,0.33476942843951174,0.3340775159284971,0.33394723184986075,0.008687248996070674,0.32230150480091474,,0.005750425118393938,0.004667327440313629,0.0021010061583061125,nan,nan,nan,1.3533916043095582,0.9988959344833792,0.9071947888238697,nan,nan,nan,154.11825959400448,0.2610345460125245,154.379294140017,0.00738288598950021,0.22050821100128815,0.22789109699078836,0.0006978580058785155,0.01114268900710158,0.49338598900067154,9.879383533473174e-08,4.0057940545175824e-08,True,624,154.11825959400448,0,0,0.015912747061359995,161.02098014032026,outputs/Mach_interpolation/bump/iso/hessian/eig/h0.025/M2.10-2.20/drift_SBsquared_exact+ffd/gmin0.001
eig,0.025,mach,0.0,2.2,2.3,14178,SBsquared_exact+ffd,0.001,9,0.0031803629681565124,0.00191998027338789,0.0009860999750190193,0.3981661908973795,0.07395954132080096,0.08616557559554794,0.011556775137933713,0.000930443835226681,0.0006673971070438294,0.0007742862538508315,2.316354225908143e-06,2.825306498007618e-05,0.0022832466474662144,2.1328833906566728e-05,0.0001793506567745092,0.30604189067993065,0.3054893284491423,0.30557238457990854,0.00819311982047476,0.295237828117928,,0.005976841312286964,0.004012047445478429,0.002021952820908388,nan,nan,nan,1.2978091526657018,0.998691607530743,0.995387512773562,nan,nan,nan,154.23078990296926,0.2598888329230249,154.4906787358923,0.007027796935290098,0.21929158398415893,0.22631938091944903,0.0006948260124772787,0.011042465921491385,0.4909198939567432,8.780845561773276e-08,3.346648185663898e-08,True,513,154.23078990296926,0,0,0.009932948623687123,1432.747508371163,outputs/Mach_interpolation/bump/iso/hessian/eig/h0.025/M2.20-2.30/drift_SBsquared_exact+ffd/gmin0.001
eig,0.025,mach,0.0,2.3,2.4,14178,SBsquared_exact+ffd,0.001,9,0.002661015353028368,0.0015378133619101326,0.0009027916323509436,0.40959741462202715,0.07977986335754395,0.10836313691069499,0.009907072706068961,0.0007531456434518159,0.0006260706212376402,0.0007027231691815738,1.553770136461557e-06,1.2679493581509488e-05,0.0021672062528573666,1.0787712995471063e-05,8.434807660077463e-05,0.2810419452230558,0.2806072429983163,0.28064867406948335,0.0077567455712295695,0.27161004546178247,,0.00571648820401293,0.0031410248263918127,0.001999767576213592,nan,nan,nan,1.134608028099337,0.9992875179711894,0.9853782580365221,nan,nan,nan,158.15533162700012,0.2595660409424454,158.41489766794257,0.006717876065522432,0.21873612503986806,0.2254540011053905,0.0006641990039497614,0.011070357984863222,0.4900392279960215,9.479158968872525e-08,3.880127341043032e-08,True,623,158.15533162700012,0,0,0.009681696515803879,274.7368403036074,outputs/Mach_interpolation/bump/iso/hessian/eig/h0.025/M2.30-2.40/drift_SBsquared_exact+ffd/gmin0.001
eig,0.025,mach,0.0,2.4,2.5,14178,SBsquared_exact+ffd,0.001,9,0.0023916927647131218,0.0011841660659653048,0.0008407527302371732,0.42524971640930964,0.06284880638122559,0.09772280887966955,0.00927590679900734,0.000601681114862744,0.00046208028949459574,0.0006499306165929333,7.97072893599633e-07,5.042953604158822e-05,0.0019153127631543507,2.474417495375457e-05,0.00032469372301333066,0.258820886991727,0.2587145745690062,0.25886677407054626,0.007360093453036782,0.25073711432258056,,0.005425560189323546,0.002244533296832303,0.0023889683693886833,nan,nan,nan,1.0694402243045475,1.0003305238478208,0.9881689708766245,nan,nan,nan,154.65696382100577,0.4130615860049147,155.0700254070107,0.007454539998434484,0.2226982800057158,0.23015282000415027,0.0002507900062482804,0.011018603996490128,0.6470318650099216,9.580568871569994e-08,3.713768958082702e-08,True,680,154.65696382100577,0,0,0.009861353662118296,69.44615676942927,outputs/Mach_interpolation/bump/iso/hessian/eig/h0.025/M2.40-2.50/drift_SBsquared_exact+ffd/gmin0.001
eig,0.025,mach,0.0,2.5,2.6,14178,SBsquared_exact+ffd,0.001,9,0.002298499909393436,0.0010469666647234437,0.0007912276504735533,0.43667317156991325,0.07099592685699463,0.10819103552628384,0.008879990360220545,0.0005288550728742365,0.0005606657864024872,0.0006035719149134962,8.955932579478645e-07,3.194252403000639e-05,0.0018565255496220063,1.4237048497277459e-05,4.872524751345056e-05,0.23942264255377704,0.2393323666796562,0.2393026897199693,0.006998826408416757,0.23223658352985732,,0.005215574295261781,0.0018745160611755693,0.0019547838448895714,nan,nan,nan,1.055854831757359,0.9908905341863798,0.907552271707641,nan,nan,nan,154.8866842733696,0.2627366567030549,155.14942093007267,0.0068483902141451836,0.22156029101461172,0.2284086812287569,0.0007149297744035721,0.011005649343132973,0.49602051451802254,9.19003326771417e-08,3.60013843318109e-08,True,632,154.8866842733696,0,0,0.00991918478109914,3.6292749949990153,outputs/Mach_interpolation/bump/iso/hessian/eig/h0.025/M2.50-2.60/drift_SBsquared_exact+ffd/gmin0.001
eig,0.025,mach,0.0,2.6,2.7,14178,SBsquared_exact+ffd,0.001,9,0.0021882969451808313,0.0008895457814639087,0.0007296734962360258,0.4602894976131293,0.05968828201293963,0.09783867572231664,0.008845297812824364,0.0005064616572233421,0.0009750073433809681,0.0005342052443791557,2.0271403975922106e-06,0.00013022462978592997,0.0016312361541619136,2.363299358278886e-05,0.0002234723478947277,0.22232869824454626,0.22206434201382189,0.22193825065743827,0.006663093259941902,0.21573561638144959,,0.004886149090199895,0.001116689935699535,0.0016751867646214874,nan,nan,nan,0.9571532558868575,0.9998103510630519,0.8394336053350391,nan,nan,nan,154.7591424480779,0.2598741319961846,155.0190165800741,0.0063756240997463465,0.2194049769314006,0.22578060103114694,0.0006643380038440228,0.011145582073368132,0.4910913730273023,9.825858349188366e-08,3.7286588166385146e-08,True,663,154.7591424480779,0,0,0.009849376532385637,8.886359402081192,outputs/Mach_interpolation/bump/iso/hessian/eig/h0.025/M2.60-2.70/drift_SBsquared_exact+ffd/gmin0.001
eig,0.025,mach,0.0,2.7,2.8,14178,SBsquared_exact+ffd,0.001,9,0.0021018109685981322,0.0007751887747621774,0.0006843212769107307,0.4839327175206396,0.04051101207733154,0.16123443096332135,0.008534482359559238,0.00042978526335365477,0.0008054612910687013,0.0005284792240169602,9.597017163761038e-07,0.00011726176376280567,0.001525398682632872,1.3560393586890354e-05,0.0001617478785392374,0.20675765919737008,0.2066711779115191,0.20672035968165453,0.006357354208565533,0.20100540601965214,,0.004965045069083466,0.0007008935718990738,0.0017270218282870854,nan,nan,nan,0.994096891518577,0.9992945506092223,0.8966990783630717,nan,nan,nan,146.36460648302455,0.43966169003397226,146.80426817305852,0.006644607987254858,0.3958046870538965,0.40244929504115134,0.0006734459893777966,0.021301103057339787,0.8574437500210479,7.609067154135118e-08,2.8649742686321454e-08,True,391,146.36460648302455,0,0,0.009053122976957774,1.7657267711463084e+47,outputs/Mach_interpolation/bump/iso/hessian/eig/h0.025/M2.70-2.80/drift_SBsquared_exact+ffd/gmin0.001
eig,0.025,mach,0.0,2.8,2.9,14178,SBsquared_exact+ffd,0.001,9,0.002070550102496809,0.0006490333979466774,0.0005542275315441707,0.5036079795115329,0.035631418228149414,0.061195636649319596,0.008356160178997492,0.00037767415883125874,0.00042379185746780446,0.0005002934552118748,4.5006992835826885e-08,2.0710600225840267e-06,0.0014694262144960895,2.3994179483566302e-06,3.661155626381708e-05,0.19295552459350923,0.19286282468136645,0.19288010220410168,0.0060770802906856694,0.18779254015364086,,0.004881583198991025,0.0005441825444235515,0.0008790483024341436,nan,nan,nan,0.9415451263908454,0.9990783302201607,0.9876954458460915,nan,nan,nan,140.9214975190116,0.2606716060108738,141.18216912502248,0.003823961000307463,0.21728618000634015,0.2211101410066476,0.0006729820015607402,0.01105944300070405,0.48969225501059555,7.78985906890739e-08,2.1129313392994932e-08,True,358,140.9214975190116,0,0,0.009831570916443221,15.413187732961688,outputs/Mach_interpolation/bump/iso/hessian/eig/h0.025/M2.80-2.90/drift_SBsquared_exact+ffd/gmin0.001
eig,0.025,mach,0.0,2.9,3.0,14178,SBsquared_exact+ffd,0.001,9,0.0020272028551454675,0.0005631676309710462,0.0005854337747190108,0.5310919933446616,0.03626084327697754,0.1325898920498414,0.008170945398436448,0.0003843123182920577,0.00045951047446682596,0.00047122642846016214,4.1393191487670537e-07,8.260216951276166e-05,0.0013969297800754676,8.26012355244981e-06,5.733897023287181e-05,0.18053224552213143,0.1804718088652875,0.18050212898583878,0.005819543040618468,0.17590499314963315,,0.004887547863348571,0.0005679058265928735,0.0013887587252786793,nan,nan,nan,0.9496861504903673,0.9994366836290776,0.898284204031376,nan,nan,nan,145.9403711949999,0.26222880599380005,146.2026000009937,0.006555833999300376,0.21979870900395326,0.22635454300325364,0.0006815680098952726,0.011199301996384747,0.4939111809944734,9.535648604064306e-08,3.9763258816853275e-08,True,379,145.9403711949999,0,0,0.010622783365055859,1.9821511390878297e+82,outputs/Mach_interpolation/bump/iso/hessian/eig/h0.025/M2.90-3.00/drift_SBsquared_exact+ffd/gmin0.001
eig,0.025,mach,0.0,0.8,0.9,14178,SBsquared_exact+ffd,0.01,6,0.02869027214182533,0.03029539114395383,0.02175141858527878,0.4226325478988455,0.3805096864700319,0.49482318043124385,0.04064414173472649,0.03464476252508611,0.04781160720324229,0.002384170516396769,0.0007900158322713674,0.003049983700766664,0.01726566440617234,0.014028579431983459,0.031371169679611656,1.9145639007321973,1.9117383741970595,1.9076174081045854,0.018998579180271997,1.7354993160921375,,0.03712080597831741,0.05093174285459476,0.03960032364073092,nan,nan,nan,0.2087322658426078,0.3046713039530414,1.2202603223766764,nan,nan,nan,132.6561764069993,0.3009697539964691,132.95714616099576,0.00689042400335893,0.25894858699757606,0.265839011000935,0.00024460699933115393,0.013125729994499125,0.5732907829951728,9.949079782245462e-08,6.55784899293432e-08,True,92,132.6561764069993,0,0,0.03339682091645035,19.762357075431005,outputs/Mach_interpolation/bump/iso/hessian/eig/h0.025/M0.80-0.90/drift_SBsquared_exact+ffd/gmin0.01
eig,0.025,mach,0.0,0.9,1.0,14178,SBsquared_exact+ffd,0.01,6,0.03675370486670418,0.035745662517829596,0.020847403375466315,0.5203525948063255,0.4044692397117615,0.449806308560712,0.06414773671128154,0.04890256808027317,0.02983435891599935,0.0025156661802216776,0.00039857639530288574,0.0016182606623810884,0.03736764374621523,0.0037646697947414745,0.02595407597382884,1.5429237278753316,1.5423804803499392,1.5447416469016724,0.027041769446186872,1.4503216666114114,,0.07882257064302427,0.0671370797485973,0.03781279795946724,nan,nan,nan,0.6098740507668603,0.6908389871532612,1.0073416627806338,nan,nan,nan,131.55922434665263,0.25663818046450615,131.81586252711713,0.008349580690264702,0.25907017942517996,0.26741976011544466,0.00025556888431310654,0.010900801979005337,0.5268675154075027,7.306073879220776e-08,3.9056686252267584e-08,True,87,131.55922434665263,0,0,0.3608055837388563,17640.999367011216,outputs/Mach_interpolation/bump/iso/hessian/eig/h0.025/M0.90-1.00/drift_SBsquared_exact+ffd/gmin0.01
eig,0.025,mach,0.0,1.0,1.1,14178,SBsquared_exact+ffd,0.01,6,0.03200241943692526,0.03700505962621573,0.021824199560647753,0.40040959813012744,0.5451236248016358,0.538814864215196,0.05936767951651886,0.05126256069895143,0.03409727474355621,0.0005952190823078225,0.0006946640076017282,0.0007188343284929377,0.004612114049834181,0.00473295693184434,0.014560879445559196,1.342527978380295,1.3340107180593195,1.3512646308795841,0.025991492717672027,1.2715064258135511,,0.039593268861447796,0.07300496167437066,0.03203033378846705,nan,nan,nan,0.9267808767269337,1.0723491397909035,1.2793581018782996,nan,nan,nan,144.80190560105257,0.26077743095811456,145.06268303201068,0.009389651007950306,0.22069276496767998,0.23008241597563028,0.0006831250502727926,0.011107661004643887,0.49326324596768245,8.950612162550442e-08,3.978919260875482e-08,True,111,144.80190560105257,0,0,0.1474025520054898,4184.819117681463,outputs/Mach_interpolation/bump/iso/hessian/eig/h0.025/M1.00-1.10/drift_SBsquared_exact+ffd/gmin0.01
eig,0.025,mach,0.0,1.1,1.2,14178,SBsquared_exact+ffd,0.01,6,0.0331954563011915,0.03247163597739042,0.017598923386764026,0.4705107789162464,0.5417252540588378,0.44476545245678567,0.08885860320063031,0.04220959235919115,0.021910598701914818,0.0012661104286114497,0.0006373860203771697,0.0014053221541577526,0.010605476818230283,0.0033407280229947015,0.022010434029856068,1.1727326803862594,1.1710032484060273,1.2099007971019773,0.020776967718327023,1.1097159568883825,,0.0596630255212386,0.08985880232467058,0.03857154445340621,nan,nan,nan,0.6815943283516178,0.8793589894569491,1.0658647790663949,nan,nan,nan,136.808933782042,0.2636340840253979,137.0725678660674,0.006539632915519178,0.22158952697645873,0.2281291598919779,0.0006846869364380836,0.011087499908171594,0.49699797201901674,6.268887808857926e-08,1.9287700470268306e-08,True,105,136.808933782042,0,0,0.029135066498836015,327.3562978048124,outputs/Mach_interpolation/bump/iso/hessian/eig/h0.025/M1.10-1.20/drift_SBsquared_exact+ffd/gmin0.01
eig,0.025,mach,0.0,1.2,1.3,14178,SBsquared_exact+ffd,0.01,6,0.029193572754537718,0.02702835586566296,0.012405185718116498,0.5018247301995786,0.47996468544006343,0.41024400760984836,0.09108486518390782,0.01462275045315479,0.007597151118524082,0.0015631879851253127,0.00042709013654366714,0.0008800582339647622,0.009750278712988811,0.0023098187172959023,0.012330567913940568,1.0155221716030471,1.0143047021567924,1.0201976698095465,0.022132467191503778,0.9506009514926039,,0.044831497131735454,0.08025081069945174,0.033450349684004156,nan,nan,nan,0.7882102421323164,0.9684457555007435,0.7985012444803101,nan,nan,nan,119.14300897799694,0.26233296300051734,119.40534194099746,0.007392043997242581,0.22257915100635728,0.22997119500359986,0.000684694001392927,0.011094536006567068,0.4966935780030326,7.5926653408942e-08,3.5368614368948494e-08,True,101,119.14300897799694,0,0,0.1342706407060035,23.468592040268856,outputs/Mach_interpolation/bump/iso/hessian/eig/h0.025/M1.20-1.30/drift_SBsquared_exact+ffd/gmin0.01
eig,0.025,mach,0.0,1.3,1.4,14178,SBsquared_exact+ffd,0.01,6,0.02599649022342533,0.022781622390052932,0.01124948417706433,0.5459832299094982,0.49966206550598136,0.3788577170067633,0.15045051439513513,0.019014734471367437,0.013179492622436971,0.0021676683618263065,0.0001627396170270345,0.0007371298764484404,0.005547300350400099,0.00299338169543976,0.003534368640182565,0.8601232119147794,0.8660982042667221,0.868197415421628,0.02068192312900262,0.8195398278460284,,0.029314819733092173,0.06395854199213431,0.024322008451970772,nan,nan,nan,0.5089637670000051,0.6386120701556732,0.928111331756068,nan,nan,nan,127.53847934699297,0.2610820990012144,127.79956144599419,0.008245128999988083,0.22102386499318527,0.22926899399317335,0.0006644099994446151,0.011110486004326958,0.49388274300144985,8.201798529228199e-08,3.029949081199709e-08,True,99,127.53847934699297,0,0,0.15354789032572463,20.644874246459242,outputs/Mach_interpolation/bump/iso/hessian/eig/h0.025/M1.30-1.40/drift_SBsquared_exact+ffd/gmin0.01
eig,0.025,mach,0.0,1.4,1.5,14178,SBsquared_exact+ffd,0.01,6,0.02243165381098578,0.017969684489217045,0.008119608411138271,0.3957867505108794,0.42637851238250724,0.38755014951777644,0.12800849110414472,0.016375269971348125,0.00783666504409412,0.001308332056468937,8.322467856235656e-05,0.00153384106643401,0.007020237550389534,0.00038949550910880347,0.006271738089915879,0.7419061223384644,0.7474212849965505,0.7501637607901167,0.016716337289495495,0.7054520635007007,,0.030304013104015197,0.05056556924351167,0.02058232626503189,nan,nan,nan,0.8364533817069952,0.9873981320356424,0.8210007960022236,nan,nan,nan,136.04653540300205,0.26370221097022295,136.31023761397228,0.006955409015063196,0.22407424001721665,0.23102964903227985,0.0006909000221639872,0.011151574028190225,0.4996210780227557,8.296973419419373e-08,4.122259597992411e-08,True,95,136.04653540300205,0,0,0.07753163783482488,136.22088869992487,outputs/Mach_interpolation/bump/iso/hessian/eig/h0.025/M1.40-1.50/drift_SBsquared_exact+ffd/gmin0.01
eig,0.025,mach,0.0,1.5,1.6,14178,SBsquared_exact+ffd,0.01,6,0.01960799738502371,0.013629918946952724,0.007007788058198416,0.31999415358887795,0.25256540775299063,0.297835819377928,0.11020222539060122,0.013173333428219261,0.006127572011662319,0.0012666007146576396,2.3147105276507788e-05,0.0009187421166829668,0.006975931337644255,0.00011084690928418893,0.002907377907272616,0.6461024215316297,0.6482122688001968,0.6521764787630486,0.01446055605864703,0.6151080673116787,,0.023458999700284446,0.03487639240828002,0.02241613388676257,nan,nan,nan,0.8284846029907724,1.0098096283058111,0.9786495142417014,nan,nan,nan,138.32912530307658,0.4275214149383828,138.75664671801496,0.006744386977516115,0.3870327230542898,0.39377711003180593,0.0006828840123489499,0.020489052054472268,0.8357293080771342,8.090138514660339e-08,2.8233841418614603e-08,True,100,138.32912530307658,0,0,0.06785817932020449,61.04457599801372,outputs/Mach_interpolation/bump/iso/hessian/eig/h0.025/M1.50-1.60/drift_SBsquared_exact+ffd/gmin0.01
eig,0.025,mach,0.0,1.6,1.7,14178,SBsquared_exact+ffd,0.01,6,0.015985732353475068,0.009634788045739348,0.0035936623760147914,0.3238517067485247,0.21437619924545293,0.2229253419376951,0.0928753842769143,0.010290482904291652,0.004236674927222791,0.0012147500123724192,1.3032139418354574e-05,0.0006422763080145337,0.00453489208605356,7.292288365141126e-05,0.003689774956343841,0.5615358064989516,0.5691595332912968,0.5690132332056312,0.012873854992182512,0.5422056239775418,,0.01432579058885296,0.01682274633280276,0.006059428664582473,nan,nan,nan,1.2052864878177507,0.9987104038584945,0.837423945528628,nan,nan,nan,137.59184229599487,0.2999233070004266,137.8917656029953,0.007616905000759289,0.25867843599553453,0.2662953409962938,0.00024476799444528297,0.012977618003787939,0.5718266450057854,5.663941848865761e-08,2.957089145757908e-08,True,103,137.59184229599487,0,0,0.06004607927424674,27.06534450412452,outputs/Mach_interpolation/bump/iso/hessian/eig/h0.025/M1.60-1.70/drift_SBsquared_exact+ffd/gmin0.01
eig,0.025,mach,0.0,1.7,1.8,14178,SBsquared_exact+ffd,0.01,6,0.013745542260424341,0.007108803915660731,0.0020017354221536347,0.322114513657632,0.17157201766967778,0.15465559706154353,0.08720865091238215,0.008044049474097993,0.004961228952899796,0.0008740416406661563,7.645217826637118e-06,0.00029246773484297367,0.003967022101636026,2.9380078527251206e-05,0.001306379580023726,0.5026315638636517,0.5045536064955568,0.5038238965396146,0.011671671695359145,0.48224361762463475,,0.012403126938658297,0.012319256342090835,0.0040741138083200635,nan,nan,nan,1.586134512353386,0.9654431470661549,0.890977157038519,nan,nan,nan,136.2151675634086,0.2623117845505476,136.47747934795916,0.0070318374782800674,0.22284782398492098,0.22987966146320105,0.0006637535989284515,0.011155171319842339,0.49698097724467516,5.126236413133256e-08,2.446603929159639e-08,True,98,136.2151675634086,0,0,0.05461739608896195,21.08367629381213,outputs/Mach_interpolation/bump/iso/hessian/eig/h0.025/M1.70-1.80/drift_SBsquared_exact+ffd/gmin0.01
eig,0.025,mach,0.0,1.8,1.9,14178,SBsquared_exact+ffd,0.01,6,0.012814671250586933,0.005463829302184917,0.0028197718357334343,0.3444622612353827,0.1368711709976198,0.1748470654418981,0.08067036318991871,0.006761177141230359,0.004458387948756232,0.0008770656948997511,3.719715786361146e-06,0.00021367142918755794,0.00356201989112657,6.128332299462326e-05,0.0013278606601102954,0.4495677332955047,0.4508670987140098,0.45132356831543646,0.010719655964195511,0.43208480288219003,,0.011014354682927824,0.009362394978193586,0.003899291046253406,nan,nan,nan,1.7700803119389168,0.9957433901046061,0.9824067762668713,nan,nan,nan,129.96893959701993,0.2629438299918547,130.23188342701178,0.008450484019704163,0.2221932120155543,0.23064369603525847,0.0006921309977769852,0.011105894926004112,0.4969372219638899,4.182194768276304e-08,1.5611519847787746e-08,True,82,129.96893959701993,0,0,0.050364825771784145,4.6676391755867375,outputs/Mach_interpolation/bump/iso/hessian/eig/h0.025/M1.80-1.90/drift_SBsquared_exact+ffd/gmin0.01
eig,0.025,mach,0.0,1.9,2.0,14178,SBsquared_exact+ffd,0.01,6,0.0118529382786118,0.003976337696807014,0.001483122392445283,0.3344934232285328,0.1170452594757081,0.13644584435004492,0.07160766110713923,0.006790140077593037,0.0017691381703992854,0.0007108473788029714,6.498119924385659e-06,6.020822439059374e-05,0.0034666656412266996,3.515048382263242e-05,0.0001481785983683475,0.40045659770593833,0.4056580636775138,0.4057158794628215,0.00992707639282046,0.3897114688308166,,0.010076069978429908,0.006898611784779407,0.0025070543069453406,nan,nan,nan,1.7836113972387662,0.9984806358594513,0.9576385736675618,nan,nan,nan,133.96993036800995,0.3091483210446313,134.2790786890546,0.007249158923514187,0.2704561320133507,0.2777052909368649,0.00025217398069798946,0.013930734945461154,0.5937900480348617,9.16481929791324e-08,5.205722428527893e-08,True,91,133.96993036800995,0,0,0.0679265685070727,2.4639318317369017,outputs/Mach_interpolation/bump/iso/hessian/eig/h0.025/M1.90-2.00/drift_SBsquared_exact+ffd/gmin0.01
eig,0.025,mach,0.0,2.0,2.1,14178,SBsquared_exact+ffd,0.01,6,0.011381499636503006,0.003205290944329914,0.0012146120621287862,0.353178121024067,0.0929955244064331,0.07961531771146868,0.06684237522881963,0.0052821977704516345,0.0012774901505614906,0.0007329284576780247,4.76902390012219e-06,5.837551207537552e-05,0.0031101245817287005,1.712742905500707e-05,0.00020687950287537647,0.3632074354178534,0.3671603648176373,0.36725950302925514,0.009258008275207326,0.35349380518668766,,0.01072496314282927,0.0058294988881535045,0.002464542957027376,nan,nan,nan,2.044952676690269,0.9918152355245781,0.9848365762656621,nan,nan,nan,136.2278794980084,0.2649557020049542,136.49283520001336,0.006447777996072546,0.22257610700035002,0.22902388499642257,0.000778820991399698,0.011192829988431185,0.49950581399025396,4.793974550665325e-08,2.1413007054386487e-08,True,100,136.2278794980084,0,0,0.05117905401787113,2.7861489140410285,outputs/Mach_interpolation/bump/iso/hessian/eig/h0.025/M2.00-2.10/drift_SBsquared_exact+ffd/gmin0.01
eig,0.025,mach,0.0,2.1,2.2,14178,SBsquared_exact+ffd,0.01,6,0.010761903353323604,0.0024130463078781395,0.0010249286214736586,0.357358636720408,0.11605529785156254,0.12600952452477943,0.06367439061880682,0.0023516780991801275,0.000974925124059734,0.0006529364950132848,2.7721757524197917e-06,4.8347973079751315e-05,0.002906862467948252,9.842482249383049e-06,0.00026135875118016294,0.3310927169374979,0.3340775159284971,0.33394723184986075,0.008687248996070674,0.32230150480091474,,0.010025981791777749,0.004667327440313629,0.0021010061583061125,nan,nan,nan,1.931029314499782,0.9988959344833792,0.9071947888238697,nan,nan,nan,134.68383766199986,0.2619551829993725,134.94579284499923,0.007689179001317825,0.22214182899915613,0.22983100800047396,0.000670978995913174,0.01101553800253896,0.4957856730034109,4.8396452179133576e-08,2.0444721867211895e-08,True,97,134.68383766199986,0,0,0.05388085485858563,2.5675232161945427,outputs/Mach_interpolation/bump/iso/hessian/eig/h0.025/M2.10-2.20/drift_SBsquared_exact+ffd/gmin0.01
eig,0.025,mach,0.0,2.2,2.3,14178,SBsquared_exact+ffd,0.01,6,0.010056014105488606,0.00191998027338789,0.0009860999750190193,0.38184891590161163,0.07395954132080096,0.08616557559554794,0.060176662579037185,0.000930443835226681,0.0006673971070438294,0.0005809821051357434,2.316354225908143e-06,2.825306498007618e-05,0.0023914529947143704,2.1328833906566728e-05,0.0001793506567745092,0.3031278053242961,0.3054893284491423,0.30557238457990854,0.00819311982047476,0.295237828117928,,0.009889987506095361,0.004012047445478429,0.002021952820908388,nan,nan,nan,1.8601756228318163,0.998691607530743,0.995387512773562,nan,nan,nan,136.613778310013,0.42237431497778744,137.0361526249908,0.007472465978935361,0.3794323509791866,0.38690481695812196,0.0006997949676588178,0.020242708967998624,0.8227517260238528,8.570381838934882e-08,4.638749870218275e-08,True,101,136.613778310013,0,0,0.03886090626050111,3.113452369904567,outputs/Mach_interpolation/bump/iso/hessian/eig/h0.025/M2.20-2.30/drift_SBsquared_exact+ffd/gmin0.01
eig,0.025,mach,0.0,2.3,2.4,14178,SBsquared_exact+ffd,0.01,6,0.009474408831816024,0.0015378133619101326,0.0009027916323509436,0.3801358733937725,0.07977986335754395,0.10836313691069499,0.0576589910314613,0.0007531456434518159,0.0006260706212376402,0.0005593644228346327,1.553770136461557e-06,1.2679493581509488e-05,0.002352480664312268,1.0787712995471063e-05,8.434807660077463e-05,0.27799410132354063,0.2806072429983163,0.28064867406948335,0.0077567455712295695,0.27161004546178247,,0.009852726919999402,0.0031410248263918127,0.001999767576213592,nan,nan,nan,1.716447734924485,0.9992875179711894,0.9853782580365221,nan,nan,nan,134.9508820999181,0.2614449920365587,135.21232709195465,0.007149841985665262,0.22149005404207855,0.22863989602774382,0.0006689669098705053,0.010931338998489082,0.49453756702132523,8.910324744704212e-08,3.8376176722386e-08,True,96,134.9508820999181,0,0,0.0386131622498009,2.6998404299862644,outputs/Mach_interpolation/bump/iso/hessian/eig/h0.025/M2.30-2.40/drift_SBsquared_exact+ffd/gmin0.01
eig,0.025,mach,0.0,2.4,2.5,14178,SBsquared_exact+ffd,0.01,6,0.009179118358215877,0.0011841660659653048,0.0008407527302371732,0.3884724485998121,0.06284880638122559,0.09772280887966955,0.05652784182835921,0.000601681114862744,0.00046208028949459574,0.0005147533561560118,7.97072893599633e-07,5.042953604158822e-05,0.0021989383773898096,2.474417495375457e-05,0.00032469372301333066,0.25600439475091885,0.2587145745690062,0.25886677407054626,0.007360093453036782,0.25073711432258056,,0.0097061204248577,0.002244533296832303,0.0023889683693886833,nan,nan,nan,1.5576787543642003,1.0003305238478208,0.9881689708766245,nan,nan,nan,132.9406532330031,0.3109126280032797,133.25156586100638,0.006598909996682778,0.2714456919929944,0.2780446019896772,0.000246912008151412,0.01410344299802091,0.5967141339933733,6.827692455857459e-08,2.8928453679798135e-08,True,88,132.9406532330031,0,0,0.04476217289368018,2.3371293198332945,outputs/Mach_interpolation/bump/iso/hessian/eig/h0.025/M2.40-2.50/drift_SBsquared_exact+ffd/gmin0.01
eig,0.025,mach,0.0,2.5,2.6,14178,SBsquared_exact+ffd,0.01,6,0.009011334976734224,0.0010469666647234437,0.0007912276504735533,0.4046026147156008,0.07099592685699463,0.10819103552628384,0.056016948682608265,0.0005288550728742365,0.0005606657864024872,0.0005105814144704131,8.955932579478645e-07,3.194252403000639e-05,0.002960555402413202,1.4237048497277459e-05,4.872524751345056e-05,0.23607214727143547,0.2393323666796562,0.2393026897199693,0.006998826408416757,0.23223658352985732,,0.009332841639373457,0.0018745160611755693,0.0019547838448895714,nan,nan,nan,1.5366270344782003,0.9908905341863798,0.907552271707641,nan,nan,nan,134.5799105297774,0.26130738854408264,134.8412179183215,0.007495393976569176,0.22093445342034101,0.2284298473969102,0.0006671100854873657,0.011158637702465057,0.49406996462494135,7.217077246934878e-08,2.2962517845398266e-08,True,91,134.5799105297774,0,0,0.04759261466072301,1.9847924799627856,outputs/Mach_interpolation/bump/iso/hessian/eig/h0.025/M2.50-2.60/drift_SBsquared_exact+ffd/gmin0.01
eig,0.025,mach,0.0,2.6,2.7,14178,SBsquared_exact+ffd,0.01,6,0.008831180085918811,0.0008895457814639087,0.0007296734962360258,0.4164706456013789,0.05968828201293963,0.09783867572231664,0.056107898965889275,0.0005064616572233421,0.0009750073433809681,0.0005246991226278285,2.0271403975922106e-06,0.00013022462978592997,0.003104578386390111,2.363299358278886e-05,0.0002234723478947277,0.2183025459227925,0.22206434201382189,0.22193825065743827,0.006663093259941902,0.21573561638144959,,0.009539615090713051,0.001116689935699535,0.0016751867646214874,nan,nan,nan,1.3316477283334338,0.9998103510630519,0.8394336053350391,nan,nan,nan,133.81249765201937,0.25916965305805206,134.07166730507743,0.011140138958580792,0.22012424399144948,0.23126438295003027,0.0006807389436289668,0.01105881598778069,0.4910356970503926,8.812235474664476e-08,3.619598941546769e-08,True,86,133.81249765201937,0,0,0.05298151461684781,2.0981205887736856,outputs/Mach_interpolation/bump/iso/hessian/eig/h0.025/M2.60-2.70/drift_SBsquared_exact+ffd/gmin0.01
eig,0.025,mach,0.0,2.7,2.8,14178,SBsquared_exact+ffd,0.01,6,0.008602680988266742,0.0007751887747621774,0.0006843212769107307,0.43207236232778623,0.04051101207733154,0.16123443096332135,0.052353127825160356,0.00042978526335365477,0.0008054612910687013,0.0005357760571677891,9.597017163761038e-07,0.00011726176376280567,0.0028702219840142005,1.3560393586890354e-05,0.0001617478785392374,0.20293587126040497,0.2066711779115191,0.20672035968165453,0.006357354208565533,0.20100540601965214,,0.009945731357120187,0.0007008935718990738,0.0017270218282870854,nan,nan,nan,1.2582586941227718,0.9992945506092223,0.8966990783630717,nan,nan,nan,132.41695330501534,0.26131223200354725,132.6782655370189,0.0102245929883793,0.22079046291764826,0.23101505590602756,0.0006812509382143617,0.011117284069769084,0.4939035450806841,6.739046298775975e-08,1.4101516746927377e-08,True,82,132.41695330501534,0,0,0.04926576551902295,355303.1629699966,outputs/Mach_interpolation/bump/iso/hessian/eig/h0.025/M2.70-2.80/drift_SBsquared_exact+ffd/gmin0.01
eig,0.025,mach,0.0,2.8,2.9,14178,SBsquared_exact+ffd,0.01,6,0.008574438849848527,0.0006490333979466774,0.0005542275315441707,0.4564788767634891,0.035631418228149414,0.061195636649319596,0.052348000082244626,0.00037767415883125874,0.00042379185746780446,0.0004926778219063905,4.5006992835826885e-08,2.0710600225840267e-06,0.002595357572326975,2.3994179483566302e-06,3.661155626381708e-05,0.18921424149896512,0.19286282468136645,0.19288010220410168,0.0060770802906856694,0.18779254015364086,,0.009896104115766418,0.0005441825444235515,0.0008790483024341436,nan,nan,nan,1.0714591908381532,0.9990783302201607,0.9876954458460915,nan,nan,nan,128.71136568600195,0.25950032599212136,128.97086601199408,0.004508445010287687,0.21904470000299625,0.22355314501328394,0.0006704580009682104,0.011077502989792265,0.4902979969920125,8.653786309764655e-08,2.759053124209173e-08,True,77,128.71136568600195,0,0,0.05228459149410203,2.2248251831503554,outputs/Mach_interpolation/bump/iso/hessian/eig/h0.025/M2.80-2.90/drift_SBsquared_exact+ffd/gmin0.01
eig,0.025,mach,0.0,2.9,3.0,14178,SBsquared_exact+ffd,0.01,6,0.008458211088809507,0.0005631676309710462,0.0005854337747190108,0.45855651122199603,0.03626084327697754,0.1325898920498414,0.04899594988595967,0.0003843123182920577,0.00045951047446682596,0.00046869770993803524,4.1393191487670537e-07,8.260216951276166e-05,0.0025681759642939006,8.26012355244981e-06,5.733897023287181e-05,0.17682516160645226,0.1804718088652875,0.18050212898583878,0.005819543040618468,0.17590499314963315,,0.009749040308314484,0.0005679058265928735,0.0013887587252786793,nan,nan,nan,1.0138897423435704,0.9994366836290776,0.898284204031376,nan,nan,nan,132.45688666599744,0.261972277003224,132.71885894300067,0.008061097003519535,0.22035483199579176,0.2284159289993113,0.000669847009703517,0.01111499399121385,0.49411483299627434,6.657399609366621e-08,2.702169847677541e-08,True,80,132.45688666599744,0,0,0.05258122239214001,1953030669316318.8,outputs/Mach_interpolation/bump/iso/hessian/eig/h0.025/M2.90-3.00/drift_SBsquared_exact+ffd/gmin0.01
eig,0.025,mach,0.0,0.8,0.9,14178,ffd,0.0001,12,0.023641966921134863,0.03029539114395383,0.02175141858527878,0.3742439830502571,0.3805096864700319,0.49482318043124385,0.031186711470492415,0.03464476252508611,0.04781160720324229,0.001330993056507172,0.0007900158322713674,0.003049983700766664,0.01157838972313706,0.014028579431983459,0.031371169679611656,1.9113122076494014,1.9117383741970595,1.9076174081045854,0.018998579180271997,1.7354993160921375,,0.0322634994814502,0.05093174285459476,0.03960032364073092,nan,nan,nan,0.3206318591694577,0.3046713039530414,1.2202603223766764,nan,nan,nan,160.2513915160016,0.33071893000305863,160.58211044600466,0.008603693000623025,0.2594410500023514,0.26804474300297443,0.0002516100066713989,0.013485057999787387,0.6038990730012301,9.663800426551461e-08,2.1776040949411314e-08,True,1018,160.2513915160016,0,0,0.05189962186404693,2.1995088822613082e+18,outputs/Mach_interpolation/bump/iso/hessian/eig/h0.025/M0.80-0.90/drift_ffd/gmin0.0001
eig,0.025,mach,0.0,0.9,1.0,14178,ffd,0.0001,12,0.030794647916301415,0.035745662517829596,0.020847403375466315,0.4893878436574668,0.4044692397117615,0.449806308560712,0.048914793555527344,0.04890256808027317,0.02983435891599935,0.0010516550012173121,0.00039857639530288574,0.0016182606623810884,0.027366386703275798,0.0037646697947414745,0.02595407597382884,1.56038025661023,1.5423804803499392,1.5447416469016724,0.027041769446186872,1.4503216666114114,,0.0663729613796104,0.0671370797485973,0.03781279795946724,nan,nan,nan,0.8121717528391644,0.6908389871532612,1.0073416627806338,nan,nan,nan,156.6549758212641,0.30181143060326576,156.95678725186735,0.007387516088783741,0.2604797128587961,0.26786722894757986,0.0005894545465707779,0.013140467926859856,0.5760260755196214,8.973571397064006e-08,2.410902267323222e-08,True,809,156.6549758212641,0,0,0.18163163042731298,2.3278827623765347e+42,outputs/Mach_interpolation/bump/iso/hessian/eig/h0.025/M0.90-1.00/drift_ffd/gmin0.0001
eig,0.025,mach,0.0,1.0,1.1,14178,ffd,0.0001,12,0.029137050676583207,0.03700505962621573,0.021824199560647753,0.4410681183182479,0.5451236248016358,0.538814864215196,0.03417786575641437,0.05126256069895143,0.03409727474355621,0.0014962498303933227,0.0006946640076017282,0.0007188343284929377,0.010043604545475752,0.00473295693184434,0.014560879445559196,1.3436132425103584,1.3340107180593195,1.3512646308795841,0.025991492717672027,1.2715064258135511,,0.05130446800587238,0.07300496167437066,0.03203033378846705,nan,nan,nan,0.9587596564007956,1.0723491397909035,1.2793581018782996,nan,nan,nan,203.19773054216057,0.2627373905852437,203.46046793274581,0.008642500266432762,0.22100636083632708,0.22964886110275984,0.0006870366632938385,0.011144999414682388,0.49557818099856377,8.686797059453966e-08,3.345848531629582e-08,True,1324,203.19773054216057,0,0,0.1452481049810961,3.071265937447998e+47,outputs/Mach_interpolation/bump/iso/hessian/eig/h0.025/M1.00-1.10/drift_ffd/gmin0.0001
eig,0.025,mach,0.0,1.1,1.2,14178,ffd,0.0001,12,0.025956925374036363,0.03247163597739042,0.017598923386764026,0.4841097321001683,0.5417252540588378,0.44476545245678567,0.0424880799469705,0.04220959235919115,0.021910598701914818,0.000341943584181109,0.0006373860203771697,0.0014053221541577526,0.0019851171644713864,0.0033407280229947015,0.022010434029856068,1.1717900731583557,1.1710032484060273,1.2099007971019773,0.020776967718327023,1.1097159568883825,,0.052812473067905714,0.08985880232467058,0.03857154445340621,nan,nan,nan,0.7492482435883543,0.8793589894569491,1.0658647790663949,nan,nan,nan,170.47986557800323,0.26566192804602906,170.74552750604926,0.006971412047278136,0.22327967901946977,0.2302510910667479,0.0006644289824180305,0.011139693961013108,0.5007481449865736,9.780197274267266e-08,2.7963385587660408e-08,True,1710,170.47986557800323,0,0,0.03883047803337709,3.6332858105207446e+66,outputs/Mach_interpolation/bump/iso/hessian/eig/h0.025/M1.10-1.20/drift_ffd/gmin0.0001
eig,0.025,mach,0.0,1.2,1.3,14178,ffd,0.0001,12,0.02124837386967177,0.02702835586566296,0.012405185718116498,0.4017566431688666,0.47996468544006343,0.41024400760984836,0.026336834058183507,0.01462275045315479,0.007597151118524082,0.001082235834130628,0.00042709013654366714,0.0008800582339647622,0.006195672425362157,0.0023098187172959023,0.012330567913940568,1.0160073444938817,1.0143047021567924,1.0201976698095465,0.022132467191503778,0.9506009514926039,,0.045005152758740584,0.08025081069945174,0.033450349684004156,nan,nan,nan,0.46815993147165813,0.9684457555007435,0.7985012444803101,nan,nan,nan,152.28989517399896,0.270099745997868,152.55999491999683,0.0072321730040130205,0.22940967899921816,0.23664185200323118,0.0006735339993610978,0.011482753994641826,0.5116676649995497,9.881938467515283e-08,3.0768951946108515e-08,True,1415,152.28989517399896,0,0,0.10168752072225716,1.0304496797436513e+49,outputs/Mach_interpolation/bump/iso/hessian/eig/h0.025/M1.20-1.30/drift_ffd/gmin0.0001
eig,0.025,mach,0.0,1.3,1.4,14178,ffd,0.0001,12,0.01732410421666071,0.022781622390052932,0.01124948417706433,0.4409461172796205,0.49966206550598136,0.3788577170067633,0.024998583092893913,0.019014734471367437,0.013179492622436971,0.001299691582692335,0.0001627396170270345,0.0007371298764484404,0.005217481934957512,0.00299338169543976,0.003534368640182565,0.8647730157967136,0.8660982042667221,0.868197415421628,0.02068192312900262,0.8195398278460284,,0.02939578515339505,0.06395854199213431,0.024322008451970772,nan,nan,nan,0.5087502412006847,0.6386120701556732,0.928111331756068,nan,nan,nan,168.59307110100053,0.2637353360041743,168.8568064370047,0.007747915995423682,0.224620089000382,0.23236800499580568,0.0002601369997137226,0.01147248000052059,0.5000903460022528,9.360672947877902e-08,2.8796387272486518e-08,True,1560,168.59307110100053,0,0,0.11818151286958102,5.172826010717324e+28,outputs/Mach_interpolation/bump/iso/hessian/eig/h0.025/M1.30-1.40/drift_ffd/gmin0.0001
eig,0.025,mach,0.0,1.4,1.5,14178,ffd,0.0001,12,0.01400453600125167,0.017969684489217045,0.008119608411138271,0.3393035340261188,0.42637851238250724,0.38755014951777644,0.016536498731497224,0.016375269971348125,0.00783666504409412,0.0004153025004999439,8.322467856235656e-05,0.00153384106643401,0.004877815848211687,0.00038949550910880347,0.006271738089915879,0.7479818701231291,0.7474212849965505,0.7501637607901167,0.016716337289495495,0.7054520635007007,,0.026066413368603283,0.05056556924351167,0.02058232626503189,nan,nan,nan,0.6677776189135637,0.9873981320356424,0.8210007960022236,nan,nan,nan,181.539734416001,0.2632700800022576,181.80300449600327,0.00653888400120195,0.22297374800109537,0.22951263200229732,0.0006854259991087019,0.011108482001873199,0.49803981999866664,9.727837380069104e-08,3.046839152217901e-08,True,2039,181.539734416001,0,0,0.05113209460422427,2.6778549832587386e+44,outputs/Mach_interpolation/bump/iso/hessian/eig/h0.025/M1.40-1.50/drift_ffd/gmin0.0001
eig,0.025,mach,0.0,1.5,1.6,14178,ffd,0.0001,12,0.011911484616031677,0.013629918946952724,0.007007788058198416,0.25413988837880996,0.25256540775299063,0.297835819377928,0.01668540299543154,0.013173333428219261,0.006127572011662319,0.0002807787976899722,2.3147105276507788e-05,0.0009187421166829668,0.00171956215805813,0.00011084690928418893,0.002907377907272616,0.6482790115199647,0.6482122688001968,0.6521764787630486,0.01446055605864703,0.6151080673116787,,0.023359926078753812,0.03487639240828002,0.02241613388676257,nan,nan,nan,0.7002642257769451,1.0098096283058111,0.9786495142417014,nan,nan,nan,181.90143673296552,0.26484259800054133,182.16627933096606,0.00790859607513994,0.22337234893348068,0.23128094500862062,0.0007128500146791339,0.011138877016492188,0.5000690669985488,9.396842415299034e-08,3.428386301269785e-08,True,2335,181.90143673296552,0,0,0.023862415265092068,6.3763844470725524e+47,outputs/Mach_interpolation/bump/iso/hessian/eig/h0.025/M1.50-1.60/drift_ffd/gmin0.0001
eig,0.025,mach,0.0,1.6,1.7,14178,ffd,0.0001,12,0.007881177049553914,0.009634788045739348,0.0035936623760147914,0.22459483727296936,0.21437619924545293,0.2229253419376951,0.012924012148112316,0.010290482904291652,0.004236674927222791,0.0005480016715147506,1.3032139418354574e-05,0.0006422763080145337,0.000540979966850097,7.292288365141126e-05,0.003689774956343841,0.568697972833852,0.5691595332912968,0.5690132332056312,0.012873854992182512,0.5422056239775418,,0.008476184320529843,0.01682274633280276,0.006059428664582473,nan,nan,nan,0.7401824674775023,0.9987104038584945,0.837423945528628,nan,nan,nan,177.84183759099687,0.29095337400212884,178.132790964999,0.006980813996051438,0.22898212799918838,0.23596294199523982,0.0007031560016912408,0.011228162002225872,0.531868994999968,9.870120720734121e-08,3.1337289534139864e-08,True,2353,177.84183759099687,0,0,0.014427929401772026,1.3372279872807568e+47,outputs/Mach_interpolation/bump/iso/hessian/eig/h0.025/M1.60-1.70/drift_ffd/gmin0.0001
eig,0.025,mach,0.0,1.7,1.8,14178,ffd,0.0001,12,0.005748271806787186,0.007108803915660731,0.0020017354221536347,0.18365190597001257,0.17157201766967778,0.15465559706154353,0.009853001661587124,0.008044049474097993,0.004961228952899796,0.00023275054786078118,7.645217826637118e-06,0.00029246773484297367,0.00010127028383876629,2.9380078527251206e-05,0.001306379580023726,0.5044873837684462,0.5045536064955568,0.5038238965396146,0.011671671695359145,0.48224361762463475,,0.006065905426145168,0.012319256342090835,0.0040741138083200635,nan,nan,nan,0.8734412825010783,0.9654431470661549,0.890977157038519,nan,nan,nan,177.48267297446728,0.2644000621512532,177.74707303661853,0.007753878831863403,0.22301132138818502,0.23076520022004843,0.0006753960624337196,0.01111244410276413,0.4992017960175872,1.85057118073928e-07,6.993160670509818e-08,False,2669,177.48267297446728,0,0,0.016552101029548686,2.3695238043777595e+42,outputs/Mach_interpolation/bump/iso/hessian/eig/h0.025/M1.70-1.80/drift_ffd/gmin0.0001
eig,0.025,mach,0.0,1.8,1.9,14178,ffd,0.0001,12,0.004109784784975406,0.005463829302184917,0.0028197718357334343,0.22275733669244735,0.1368711709976198,0.1748470654418981,0.007210205476606095,0.006761177141230359,0.004458387948756232,0.0002447140946583846,3.719715786361146e-06,0.00021367142918755794,0.0011784427375587875,6.128332299462326e-05,0.0013278606601102954,0.4507874080714162,0.4508670987140098,0.45132356831543646,0.010719655964195511,0.43208480288219003,,0.005031878170473161,0.009362394978193586,0.003899291046253406,nan,nan,nan,1.0029063292468412,0.9957433901046061,0.9824067762668713,nan,nan,nan,162.7610180703923,0.26372677367180586,163.02474484406412,0.009264737367630005,0.22347434237599373,0.23273907974362373,0.0006765779107809067,0.011226766742765903,0.4991094199940562,9.84355210675858e-08,3.382264525292686e-08,True,2179,162.7610180703923,0,0,0.014176707164528434,4.716210113839118e+27,outputs/Mach_interpolation/bump/iso/hessian/eig/h0.025/M1.80-1.90/drift_ffd/gmin0.0001
eig,0.025,mach,0.0,1.9,2.0,14178,ffd,0.0001,12,0.002721816465468088,0.003976337696807014,0.001483122392445283,0.12314509979676957,0.1170452594757081,0.13644584435004492,0.007266776266231563,0.006790140077593037,0.0017691381703992854,5.920032322532343e-05,6.498119924385659e-06,6.020822439059374e-05,0.0003647754032350465,3.515048382263242e-05,0.0001481785983683475,0.4058255974284259,0.4056580636775138,0.4057158794628215,0.00992707639282046,0.3897114688308166,,0.0035752188651005387,0.006898611784779407,0.0025070543069453406,nan,nan,nan,0.9085443770572164,0.9984806358594513,0.9576385736675618,nan,nan,nan,163.51248838100582,0.26310605998151004,163.77559444098733,0.0075509389862418175,0.2222252010833472,0.22977614006958902,0.0006715230410918593,0.010894026956520975,0.49689919396769255,9.593894390036439e-08,3.6504771149499824e-08,True,2160,163.51248838100582,0,0,0.01598272923104558,662471573722427.9,outputs/Mach_interpolation/bump/iso/hessian/eig/h0.025/M1.90-2.00/drift_ffd/gmin0.0001
eig,0.025,mach,0.0,2.0,2.1,14178,ffd,0.0001,12,0.0023280903517099555,0.003205290944329914,0.0012146120621287862,0.16483636123091117,0.0929955244064331,0.07961531771146868,0.005376746706794992,0.0052821977704516345,0.0012774901505614906,0.00016401710618437504,4.76902390012219e-06,5.837551207537552e-05,0.0009997600578024273,1.712742905500707e-05,0.00020687950287537647,0.3676626817815708,0.3671603648176373,0.36725950302925514,0.009258008275207326,0.35349380518668766,,0.0039748824359321705,0.0058294988881535045,0.002464542957027376,nan,nan,nan,0.9093420151062065,0.9918152355245781,0.9848365762656621,nan,nan,nan,170.15533586899983,0.4484752530042897,170.60381112200412,0.008798819995718077,0.40902241699950537,0.41782123699522344,0.0007548159992438741,0.021613923003314994,0.8798689140021452,9.311177961990325e-08,3.2851032427500636e-08,True,2532,170.15533586899983,0,0,0.011333023325888243,1.932329781869182e+19,outputs/Mach_interpolation/bump/iso/hessian/eig/h0.025/M2.00-2.10/drift_ffd/gmin0.0001
eig,0.025,mach,0.0,2.1,2.2,14178,ffd,0.0001,12,0.001810879076456826,0.0024130463078781395,0.0010249286214736586,0.14647076911321388,0.11605529785156254,0.12600952452477943,0.0024962483697139972,0.0023516780991801275,0.000974925124059734,0.00016775901944280825,2.7721757524197917e-06,4.8347973079751315e-05,0.0005104013725951027,9.842482249383049e-06,0.00026135875118016294,0.33435815069173724,0.3340775159284971,0.33394723184986075,0.008687248996070674,0.32230150480091474,,0.003335267210982149,0.004667327440313629,0.0021010061583061125,nan,nan,nan,0.8963116307253637,0.9988959344833792,0.9071947888238697,nan,nan,nan,171.93859153799713,0.2619632729984005,172.20055481099553,0.010716657001466956,0.22134966000157874,0.2320663170030457,0.0006788640021113679,0.011073706999013666,0.4950677349988837,1.9774753141632573e-06,8.132897550746545e-07,False,2958,171.93859153799713,0,0,0.007334242828809738,2.129931155278909e+17,outputs/Mach_interpolation/bump/iso/hessian/eig/h0.025/M2.10-2.20/drift_ffd/gmin0.0001
eig,0.025,mach,0.0,2.2,2.3,14178,ffd,0.0001,12,0.0014745545380111741,0.00191998027338789,0.0009860999750190193,0.15457866765461992,0.07395954132080096,0.08616557559554794,0.001518379227989804,0.000930443835226681,0.0006673971070438294,0.00010317967633549043,2.316354225908143e-06,2.825306498007618e-05,0.0008882546879585439,2.1328833906566728e-05,0.0001793506567745092,0.3059499861229456,0.3054893284491423,0.30557238457990854,0.00819311982047476,0.295237828117928,,0.0032023082010604795,0.004012047445478429,0.002021952820908388,nan,nan,nan,0.9587129530777081,0.998691607530743,0.995387512773562,nan,nan,nan,173.70401878700068,0.26146060999599285,173.96547939699667,0.007074705994455144,0.22065972599375527,0.22773443198821042,0.0006796740053687245,0.011241525993682444,0.4940438810008345,1.0549413346438996e-05,4.144638744153405e-06,False,3069,173.70401878700068,0,0,0.005247683450162992,2.68989423987854e+21,outputs/Mach_interpolation/bump/iso/hessian/eig/h0.025/M2.20-2.30/drift_ffd/gmin0.0001
eig,0.025,mach,0.0,2.3,2.4,14178,ffd,0.0001,12,0.0012082633643997877,0.0015378133619101326,0.0009027916323509436,0.1099827259742523,0.07977986335754395,0.10836313691069499,0.0011918295791311748,0.0007531456434518159,0.0006260706212376402,6.92620123863009e-05,1.553770136461557e-06,1.2679493581509488e-05,0.0005781165433283565,1.0787712995471063e-05,8.434807660077463e-05,0.2808997984565968,0.2806072429983163,0.28064867406948335,0.0077567455712295695,0.27161004546178247,,0.003143767973217684,0.0031410248263918127,0.001999767576213592,nan,nan,nan,0.9689823969725969,0.9992875179711894,0.9853782580365221,nan,nan,nan,176.43324615200981,0.25899384496733546,176.69223999697715,0.006869178963825107,0.22044338297564536,0.22731256193947047,0.0006744880229234695,0.011088966974057257,0.4912033169530332,1.0126234741392182e-05,4.1221421109118305e-06,False,3068,176.43324615200981,0,0,0.005353280848783419,6.860946018432011e+16,outputs/Mach_interpolation/bump/iso/hessian/eig/h0.025/M2.30-2.40/drift_ffd/gmin0.0001
eig,0.025,mach,0.0,2.4,2.5,14178,ffd,0.0001,12,0.0009206186828503794,0.0011841660659653048,0.0008407527302371732,0.09144782388477868,0.06284880638122559,0.09772280887966955,0.0011348331654339253,0.000601681114862744,0.00046208028949459574,4.081798884643181e-05,7.97072893599633e-07,5.042953604158822e-05,0.00047334703274775253,2.474417495375457e-05,0.00032469372301333066,0.2589421727720213,0.2587145745690062,0.25886677407054626,0.007360093453036782,0.25073711432258056,,0.002243519881544006,0.002244533296832303,0.0023889683693886833,nan,nan,nan,0.9720440092128784,1.0003305238478208,0.9881689708766245,nan,nan,nan,171.83638232800877,0.2888247959926957,172.12520712400146,0.007066753998515196,0.22150745800172444,0.22857421200023964,0.0006684109976049513,0.010910265991697088,0.5219132149941288,6.054232000707316e-05,2.448912250212862e-05,False,2970,171.83638232800877,0,0,0.004541170378804591,94268014489867.34,outputs/Mach_interpolation/bump/iso/hessian/eig/h0.025/M2.40-2.50/drift_ffd/gmin0.0001
eig,0.025,mach,0.0,2.5,2.6,14178,ffd,0.0001,12,0.0009128188536665995,0.0010469666647234437,0.0007912276504735533,0.08628904132392279,0.07099592685699463,0.10819103552628384,0.0011270582968536083,0.0005288550728742365,0.0005606657864024872,3.5111177078736606e-05,8.955932579478645e-07,3.194252403000639e-05,0.0003977101125520466,1.4237048497277459e-05,4.872524751345056e-05,0.23952662523409218,0.2393323666796562,0.2393026897199693,0.006998826408416757,0.23223658352985732,,0.002144580867174676,0.0018745160611755693,0.0019547838448895714,nan,nan,nan,0.9279228232241032,0.9908905341863798,0.907552271707641,nan,nan,nan,171.7993773734197,0.2613824540749192,172.06075982749462,0.007416877895593643,0.22095009312033653,0.22836697101593018,0.0006656479090452194,0.011130616068840027,0.49413130432367325,2.556890977700732e-05,9.50440814834228e-06,False,3086,171.7993773734197,0,0,0.004060799766921743,173462.7888965138,outputs/Mach_interpolation/bump/iso/hessian/eig/h0.025/M2.50-2.60/drift_ffd/gmin0.0001
eig,0.025,mach,0.0,2.6,2.7,14178,ffd,0.0001,12,0.0007940297967827502,0.0008895457814639087,0.0007296734962360258,0.09582932592455418,0.05968828201293963,0.09783867572231664,0.000968289478352836,0.0005064616572233421,0.0009750073433809681,8.091158183627337e-05,2.0271403975922106e-06,0.00013022462978592997,5.866698267261038e-05,2.363299358278886e-05,0.0002234723478947277,0.22208205948689963,0.22206434201382189,0.22193825065743827,0.006663093259941902,0.21573561638144959,,0.001692758163363537,0.001116689935699535,0.0016751867646214874,nan,nan,nan,0.8648647166520291,0.9998103510630519,0.8394336053350391,nan,nan,nan,172.18416162859648,0.2604029206559062,172.4445645492524,0.008553788997232914,0.21995153464376926,0.22850532364100218,0.0006705867126584053,0.011106609366834164,0.49213438481092453,8.728391520662626e-08,3.029488135392062e-08,True,2962,172.18416162859648,0,0,0.0027970998499043703,1348953400.64387,outputs/Mach_interpolation/bump/iso/hessian/eig/h0.025/M2.60-2.70/drift_ffd/gmin0.0001
eig,0.025,mach,0.0,2.7,2.8,14178,ffd,0.0001,12,0.0007383857751691749,0.0007751887747621774,0.0006843212769107307,0.13081565473565426,0.04051101207733154,0.16123443096332135,0.0009754567192715011,0.00042978526335365477,0.0008054612910687013,6.545548771641543e-05,9.597017163761038e-07,0.00011726176376280567,0.00030898733997975863,1.3560393586890354e-05,0.0001617478785392374,0.20682107140410252,0.2066711779115191,0.20672035968165453,0.006357354208565533,0.20100540601965214,,0.0015972954834281782,0.0007008935718990738,0.0017270218282870854,nan,nan,nan,0.9066242329816127,0.9992945506092223,0.8966990783630717,nan,nan,nan,159.21837117697578,0.2638511279365048,159.48222230491228,0.006788088008761406,0.22068735701031983,0.22747544501908123,0.0006519759772345424,0.011069249012507498,0.4962619850412011,0.5792195458205498,0.16745819033605513,False,2331,159.21837117697578,0,0,0.00316741726426404,7.212832269929916e+255,outputs/Mach_interpolation/bump/iso/hessian/eig/h0.025/M2.70-2.80/drift_ffd/gmin0.0001
eig,0.025,mach,0.0,2.8,2.9,14178,ffd,0.0001,12,0.0006738422249901293,0.0006490333979466774,0.0005542275315441707,0.10403486873833234,0.035631418228149414,0.061195636649319596,0.0008838705533091404,0.00037767415883125874,0.00042379185746780446,2.8330765423748805e-05,4.5006992835826885e-08,2.0710600225840267e-06,0.0003376678645049258,2.3994179483566302e-06,3.661155626381708e-05,0.19303210236004872,0.19286282468136645,0.19288010220410168,0.0060770802906856694,0.18779254015364086,,0.0013376598904360458,0.0005441825444235515,0.0008790483024341436,nan,nan,nan,0.9414859057008464,0.9990783302201607,0.9876954458460915,nan,nan,nan,154.03873690099863,0.42191729199839756,154.46065419299703,0.003884524994646199,0.3796523330092896,0.3835368580039358,0.0006587149982806295,0.02024342300137505,0.822474198997952,2.5229100458545872e-05,4.8643036445702466e-06,False,2340,154.03873690099863,0,0,0.0033238456142305117,22870021.682838447,outputs/Mach_interpolation/bump/iso/hessian/eig/h0.025/M2.80-2.90/drift_ffd/gmin0.0001
eig,0.025,mach,0.0,2.9,3.0,14178,ffd,0.0001,12,0.0006605884257431681,0.0005631676309710462,0.0005854337747190108,0.12254162320778672,0.03626084327697754,0.1325898920498414,0.0009004653323718181,0.0003843123182920577,0.00045951047446682596,4.7381172581138215e-05,4.1393191487670537e-07,8.260216951276166e-05,0.00023768101209930805,8.26012355244981e-06,5.733897023287181e-05,0.18059309340111732,0.1804718088652875,0.18050212898583878,0.005819543040618468,0.17590499314963315,,0.001413284698709945,0.0005679058265928735,0.0013887587252786793,nan,nan,nan,0.9039682659285564,0.9994366836290776,0.898284204031376,nan,nan,nan,159.1741041369969,0.2594503860018449,159.43355452299875,0.0068372429959708825,0.2179490580019774,0.22478630099794827,0.0006616409955313429,0.011063300000387244,0.4891264180041617,0.0032763808819709084,0.0007873686153861977,False,2378,159.1741041369969,0,0,0.003722779846242201,2.3488611672585787e+295,outputs/Mach_interpolation/bump/iso/hessian/eig/h0.025/M2.90-3.00/drift_ffd/gmin0.0001
eig,0.025,mach,0.0,0.8,0.9,14178,ffd,0.001,9,0.024299657530109944,0.03029539114395383,0.02175141858527878,0.4028763280301506,0.3805096864700319,0.49482318043124385,0.0322075595821332,0.03464476252508611,0.04781160720324229,0.0011380101778182552,0.0007900158322713674,0.003049983700766664,0.016012373773790303,0.014028579431983459,0.031371169679611656,1.913895582889917,1.9117383741970595,1.9076174081045854,0.018998579180271997,1.7354993160921375,,0.033849345175760034,0.05093174285459476,0.03960032364073092,nan,nan,nan,0.2561251952684246,0.3046713039530414,1.2202603223766764,nan,nan,nan,144.51846876099444,0.2648848479948356,144.78335360898927,0.008000985995749943,0.21830299899738748,0.22630398499313742,0.0006662669984507374,0.011000018996128347,0.4948569080006564,9.822952051763423e-08,3.2592924434658664e-08,True,344,144.51846876099444,0,0,0.005937093977288022,18191355.241206747,outputs/Mach_interpolation/bump/iso/hessian/eig/h0.025/M0.80-0.90/drift_ffd/gmin0.001
eig,0.025,mach,0.0,0.9,1.0,14178,ffd,0.001,9,0.034005295000802294,0.035745662517829596,0.020847403375466315,0.5046789681033879,0.4044692397117615,0.449806308560712,0.06939532090269848,0.04890256808027317,0.02983435891599935,0.0017642921508692969,0.00039857639530288574,0.0016182606623810884,0.026925228978778717,0.0037646697947414745,0.02595407597382884,1.5488993755561162,1.5423804803499392,1.5447416469016724,0.027041769446186872,1.4503216666114114,,0.0813540115174368,0.0671370797485973,0.03781279795946724,nan,nan,nan,0.7368872994592042,0.6908389871532612,1.0073416627806338,nan,nan,nan,145.3104733005166,0.26544184889644384,145.57591514941305,0.008188623934984207,0.22124053910374641,0.22942916303873062,0.0006923675537109375,0.010998652316629887,0.4983766647055745,8.593019629188348e-08,3.405646959849718e-08,True,367,145.3104733005166,0,0,0.3874393905094157,5.143146820194113e+23,outputs/Mach_interpolation/bump/iso/hessian/eig/h0.025/M0.90-1.00/drift_ffd/gmin0.001
eig,0.025,mach,0.0,1.0,1.1,14178,ffd,0.001,9,0.030450163146383498,0.03700505962621573,0.021824199560647753,0.44209322429744313,0.5451236248016358,0.538814864215196,0.036759909070387314,0.05126256069895143,0.03409727474355621,0.0011960347437338806,0.0006946640076017282,0.0007188343284929377,0.004548035757293172,0.00473295693184434,0.014560879445559196,1.352230471915437,1.3340107180593195,1.3512646308795841,0.025991492717672027,1.2715064258135511,,0.046849137437949766,0.07300496167437066,0.03203033378846705,nan,nan,nan,0.9016831384468588,1.0723491397909035,1.2793581018782996,nan,nan,nan,170.00535425916314,0.26120591908693314,170.26656017825007,0.008040081709623337,0.22048173006623983,0.22852181177586317,0.0007061036303639412,0.011128484271466732,0.4935250114649534,4.868539704716568e-08,2.2206471126145297e-08,True,560,170.00535425916314,0,0,0.15614264160995583,4.35104361276311e+23,outputs/Mach_interpolation/bump/iso/hessian/eig/h0.025/M1.00-1.10/drift_ffd/gmin0.001
eig,0.025,mach,0.0,1.1,1.2,14178,ffd,0.001,9,0.027491195662200638,0.03247163597739042,0.017598923386764026,0.481922070507634,0.5417252540588378,0.44476545245678567,0.05050460633047863,0.04220959235919115,0.021910598701914818,0.0004164643538489951,0.0006373860203771697,0.0014053221541577526,0.004595268543932847,0.0033407280229947015,0.022010434029856068,1.170629073414958,1.1710032484060273,1.2099007971019773,0.020776967718327023,1.1097159568883825,,0.05601235643518651,0.08985880232467058,0.03857154445340621,nan,nan,nan,0.7157068948496884,0.8793589894569491,1.0658647790663949,nan,nan,nan,155.4772729310207,0.26405122596770525,155.7413241569884,0.00702213600743562,0.22206095000728965,0.22908308601472527,0.0006935949786566198,0.011071798973716795,0.49787991400808096,9.694157654394076e-08,3.622943288210568e-08,True,514,155.4772729310207,0,0,0.040391464914133014,4.470153300340429e+19,outputs/Mach_interpolation/bump/iso/hessian/eig/h0.025/M1.10-1.20/drift_ffd/gmin0.001
eig,0.025,mach,0.0,1.2,1.3,14178,ffd,0.001,9,0.023115126210479398,0.02702835586566296,0.012405185718116498,0.48431523544945543,0.47996468544006343,0.41024400760984836,0.04409565240723728,0.01462275045315479,0.007597151118524082,0.0007010563994303742,0.00042709013654366714,0.0008800582339647622,0.007652768174044613,0.0023098187172959023,0.012330567913940568,1.017690995327574,1.0143047021567924,1.0201976698095465,0.022132467191503778,0.9506009514926039,,0.04618290088601281,0.08025081069945174,0.033450349684004156,nan,nan,nan,0.4925628515750203,0.9684457555007435,0.7985012444803101,nan,nan,nan,138.12075798899605,0.2622177910016035,138.38297577999765,0.007357205999142025,0.22270384000148624,0.23006104600062827,0.0006635359968640842,0.011185909999767318,0.49677341200003866,8.233938331159152e-08,3.172058731533206e-08,True,500,138.12075798899605,0,0,0.1066358765638833,24079299271930.332,outputs/Mach_interpolation/bump/iso/hessian/eig/h0.025/M1.20-1.30/drift_ffd/gmin0.001
eig,0.025,mach,0.0,1.3,1.4,14178,ffd,0.001,9,0.01945307750957022,0.022781622390052932,0.01124948417706433,0.46165738205621765,0.49966206550598136,0.3788577170067633,0.044708337967643716,0.019014734471367437,0.013179492622436971,0.0014846877684310553,0.0001627396170270345,0.0007371298764484404,0.006245913994276419,0.00299338169543976,0.003534368640182565,0.8636624735998073,0.8660982042667221,0.868197415421628,0.02068192312900262,0.8195398278460284,,0.028291955397618338,0.06395854199213431,0.024322008451970772,nan,nan,nan,0.5023666174324106,0.6386120701556732,0.928111331756068,nan,nan,nan,144.34507733500504,0.26145574899419444,144.60653308399924,0.007030829001450911,0.22140123099961784,0.22843206000106875,0.0006825399977969937,0.010891874000662938,0.4944334979954874,7.483236430516627e-08,1.990776343240821e-08,True,451,144.34507733500504,0,0,0.12620012563903057,616994729.1452575,outputs/Mach_interpolation/bump/iso/hessian/eig/h0.025/M1.30-1.40/drift_ffd/gmin0.001
eig,0.025,mach,0.0,1.4,1.5,14178,ffd,0.001,9,0.0158990132165153,0.017969684489217045,0.008119608411138271,0.3468508126354952,0.42637851238250724,0.38755014951777644,0.02766995512381218,0.016375269971348125,0.00783666504409412,0.0006854229055519345,8.322467856235656e-05,0.00153384106643401,0.0009968902712246016,0.00038949550910880347,0.006271738089915879,0.7462683515195572,0.7474212849965505,0.7501637607901167,0.016716337289495495,0.7054520635007007,,0.02658290839091661,0.05056556924351167,0.02058232626503189,nan,nan,nan,0.4677616406901402,0.9873981320356424,0.8210007960022236,nan,nan,nan,154.31078734799667,0.26086906399723375,154.5716564119939,0.007751457000267692,0.22033419399667764,0.22808565099694533,0.0006772199994884431,0.011051446002966259,0.49293414800195023,8.65296101437707e-08,3.1518959427954486e-08,True,526,154.31078734799667,0,0,0.052152570262682954,22161090163576.37,outputs/Mach_interpolation/bump/iso/hessian/eig/h0.025/M1.40-1.50/drift_ffd/gmin0.001
eig,0.025,mach,0.0,1.5,1.6,14178,ffd,0.001,9,0.013464615070988837,0.013629918946952724,0.007007788058198416,0.2699562552123742,0.25256540775299063,0.297835819377928,0.027426723424404408,0.013173333428219261,0.006127572011662319,9.041783418258629e-05,2.3147105276507788e-05,0.0009187421166829668,0.0015650546171993326,0.00011084690928418893,0.002907377907272616,0.6483320065745596,0.6482122688001968,0.6521764787630486,0.01446055605864703,0.6151080673116787,,0.022952568103097662,0.03487639240828002,0.02241613388676257,nan,nan,nan,0.5189860222390222,1.0098096283058111,0.9786495142417014,nan,nan,nan,157.45819793699775,0.2631186980288476,157.7213166350266,0.006595958024263382,0.22308897390030324,0.22968493192456663,0.0006903280736878514,0.011125743039883673,0.49802614806685597,8.104141357989647e-08,2.9620492987310204e-08,True,517,157.45819793699775,0,0,0.033111822285422296,2379779586420.126,outputs/Mach_interpolation/bump/iso/hessian/eig/h0.025/M1.50-1.60/drift_ffd/gmin0.001
eig,0.025,mach,0.0,1.6,1.7,14178,ffd,0.001,9,0.009772012932506787,0.009634788045739348,0.0035936623760147914,0.3329375476181513,0.21437619924545293,0.2229253419376951,0.02182521658056883,0.010290482904291652,0.004236674927222791,0.0007102512834726167,1.3032139418354574e-05,0.0006422763080145337,0.0021193840649976143,7.292288365141126e-05,0.003689774956343841,0.5700578884313783,0.5691595332912968,0.5690132332056312,0.012873854992182512,0.5422056239775418,,0.010194710997352903,0.01682274633280276,0.006059428664582473,nan,nan,nan,1.0460215207948755,0.9987104038584945,0.837423945528628,nan,nan,nan,159.1912822930026,0.2899241550039733,159.48120644800656,0.007064805002301,0.22102042399637867,0.22808522899867967,0.0006972050032345578,0.010886435993597843,0.5225306349966559,9.992660920943308e-08,4.126890674426869e-08,True,663,159.1912822930026,0,0,0.021321190202207727,3789568950.8528533,outputs/Mach_interpolation/bump/iso/hessian/eig/h0.025/M1.60-1.70/drift_ffd/gmin0.001
eig,0.025,mach,0.0,1.7,1.8,14178,ffd,0.001,9,0.0073654475953383765,0.007108803915660731,0.0020017354221536347,0.34261644310768125,0.17157201766967778,0.15465559706154353,0.019188633543650527,0.008044049474097993,0.004961228952899796,0.0010998965276939414,7.645217826637118e-06,0.00029246773484297367,0.004606233073266815,2.9380078527251206e-05,0.001306379580023726,0.5037380332993983,0.5045536064955568,0.5038238965396146,0.011671671695359145,0.48224361762463475,,0.008639612837216464,0.012319256342090835,0.0040741138083200635,nan,nan,nan,1.2816063373442266,0.9654431470661549,0.890977157038519,nan,nan,nan,155.07147849630564,0.26456228364259005,155.33604077994823,0.00894844625145197,0.22237086948007345,0.23131931573152542,0.0006709471344947815,0.011099033989012241,0.49870571959763765,9.880953300012152e-08,3.721528242663968e-08,True,556,155.07147849630564,0,0,0.022396285132410515,2731550868.206463,outputs/Mach_interpolation/bump/iso/hessian/eig/h0.025/M1.70-1.80/drift_ffd/gmin0.001
eig,0.025,mach,0.0,1.8,1.9,14178,ffd,0.001,9,0.005955330273781587,0.005463829302184917,0.0028197718357334343,0.3495739604105421,0.1368711709976198,0.1748470654418981,0.01719612589225061,0.006761177141230359,0.004458387948756232,0.001052538052614649,3.719715786361146e-06,0.00021367142918755794,0.0035412573075671583,6.128332299462326e-05,0.0013278606601102954,0.45051016273105865,0.4508670987140098,0.45132356831543646,0.010719655964195511,0.43208480288219003,,0.007096269863283114,0.009362394978193586,0.003899291046253406,nan,nan,nan,1.3291205441865732,0.9957433901046061,0.9824067762668713,nan,nan,nan,147.40317052416503,0.2630260158330202,147.66619653999805,0.008126205764710903,0.22270381171256304,0.23083001747727394,0.0006641736254096031,0.011166201904416084,0.4975627874955535,8.808666862591963e-08,3.5706814444868e-08,True,514,147.40317052416503,0,0,0.019829672415043246,39521.10462915411,outputs/Mach_interpolation/bump/iso/hessian/eig/h0.025/M1.80-1.90/drift_ffd/gmin0.001
eig,0.025,mach,0.0,1.9,2.0,14178,ffd,0.001,9,0.004796849475083743,0.003976337696807014,0.001483122392445283,0.3636668598361448,0.1170452594757081,0.13644584435004492,0.01794892725038611,0.006790140077593037,0.0017691381703992854,0.0009908491386699072,6.498119924385659e-06,6.020822439059374e-05,0.0026240107474100514,3.515048382263242e-05,0.0001481785983683475,0.40553438785987517,0.4056580636775138,0.4057158794628215,0.00992707639282046,0.3897114688308166,,0.006416914434597687,0.006898611784779407,0.0025070543069453406,nan,nan,nan,1.3099834370623213,0.9984806358594513,0.9576385736675618,nan,nan,nan,148.9813495320268,0.261871202965267,149.24322073499206,0.0069066500291228294,0.22147430991753936,0.2283809599466622,0.0006701290840283036,0.011048797983676195,0.49506741599179804,9.398413780559167e-08,3.678064980479804e-08,True,464,148.9813495320268,0,0,0.024477235358364893,44.32453886440466,outputs/Mach_interpolation/bump/iso/hessian/eig/h0.025/M1.90-2.00/drift_ffd/gmin0.001
eig,0.025,mach,0.0,2.0,2.1,14178,ffd,0.001,9,0.004397422583393138,0.003205290944329914,0.0012146120621287862,0.3758685359649876,0.0929955244064331,0.07961531771146868,0.017132797108315865,0.0052821977704516345,0.0012774901505614906,0.0008617448489055824,4.76902390012219e-06,5.837551207537552e-05,0.0025568404989253007,1.712742905500707e-05,0.00020687950287537647,0.36722216211978165,0.3671603648176373,0.36725950302925514,0.009258008275207326,0.35349380518668766,,0.006079700396929745,0.0058294988881535045,0.002464542957027376,nan,nan,nan,1.342553363248708,0.9918152355245781,0.9848365762656621,nan,nan,nan,154.0495273150009,0.2612305650036433,154.31075788000453,0.007013131995336153,0.22207323699694825,0.2290863689922844,0.0006826799944974482,0.011125478995381854,0.495114466000814,9.466664963042604e-08,3.9631220665689516e-08,True,521,154.0495273150009,0,0,0.017789253547889468,411.84806117540023,outputs/Mach_interpolation/bump/iso/hessian/eig/h0.025/M2.00-2.10/drift_ffd/gmin0.001
eig,0.025,mach,0.0,2.1,2.2,14178,ffd,0.001,9,0.0037661409897491757,0.0024130463078781395,0.0010249286214736586,0.3853833502585635,0.11605529785156254,0.12600952452477943,0.014372230074728305,0.0023516780991801275,0.000974925124059734,0.0007793132141950176,2.7721757524197917e-06,4.8347973079751315e-05,0.002295232969735544,9.842482249383049e-06,0.00026135875118016294,0.33476942843951174,0.3340775159284971,0.33394723184986075,0.008687248996070674,0.32230150480091474,,0.005750425118393938,0.004667327440313629,0.0021010061583061125,nan,nan,nan,1.3533916043095582,0.9988959344833792,0.9071947888238697,nan,nan,nan,153.97884005699598,0.4420322399964789,154.42087229699246,0.00684765400364995,0.40164842599915573,0.4084960800028057,0.0006643960005021654,0.021522541996091604,0.8658699590014294,9.879383533473174e-08,4.0057940545175824e-08,True,624,153.97884005699598,0,0,0.015912747061359995,161.02098014032026,outputs/Mach_interpolation/bump/iso/hessian/eig/h0.025/M2.10-2.20/drift_ffd/gmin0.001
eig,0.025,mach,0.0,2.2,2.3,14178,ffd,0.001,9,0.0031803629681565124,0.00191998027338789,0.0009860999750190193,0.3981661908973795,0.07395954132080096,0.08616557559554794,0.011556775137933713,0.000930443835226681,0.0006673971070438294,0.0007742862538508315,2.316354225908143e-06,2.825306498007618e-05,0.0022832466474662144,2.1328833906566728e-05,0.0001793506567745092,0.30604189067993065,0.3054893284491423,0.30557238457990854,0.00819311982047476,0.295237828117928,,0.005976841312286964,0.004012047445478429,0.002021952820908388,nan,nan,nan,1.2978091526657018,0.998691607530743,0.995387512773562,nan,nan,nan,153.941039739002,0.43875903500884306,154.37979877401085,0.00658196400036104,0.39734675400541164,0.4039287180057727,0.0006594670121558011,0.02125852700555697,0.8580259570007911,8.780845561773276e-08,3.346648185663898e-08,True,513,153.941039739002,0,0,0.009932948623687123,1432.747508371163,outputs/Mach_interpolation/bump/iso/hessian/eig/h0.025/M2.20-2.30/drift_ffd/gmin0.001
eig,0.025,mach,0.0,2.3,2.4,14178,ffd,0.001,9,0.002661015353028368,0.0015378133619101326,0.0009027916323509436,0.40959741462202715,0.07977986335754395,0.10836313691069499,0.009907072706068961,0.0007531456434518159,0.0006260706212376402,0.0007027231691815738,1.553770136461557e-06,1.2679493581509488e-05,0.0021672062528573666,1.0787712995471063e-05,8.434807660077463e-05,0.2810419452230558,0.2806072429983163,0.28064867406948335,0.0077567455712295695,0.27161004546178247,,0.00571648820401293,0.0031410248263918127,0.001999767576213592,nan,nan,nan,1.134608028099337,0.9992875179711894,0.9853782580365221,nan,nan,nan,158.1424022350693,0.4432409219443798,158.5856431570137,0.007341728894971311,0.403744637966156,0.4110863668611273,0.0006749089807271957,0.021741649019531906,0.8694046440068632,9.479158968872525e-08,3.880127341043032e-08,True,623,158.1424022350693,0,0,0.009681696515803879,274.7368403036074,outputs/Mach_interpolation/bump/iso/hessian/eig/h0.025/M2.30-2.40/drift_ffd/gmin0.001
eig,0.025,mach,0.0,2.4,2.5,14178,ffd,0.001,9,0.0023916927647131218,0.0011841660659653048,0.0008407527302371732,0.42524971640930964,0.06284880638122559,0.09772280887966955,0.00927590679900734,0.000601681114862744,0.00046208028949459574,0.0006499306165929333,7.97072893599633e-07,5.042953604158822e-05,0.0019153127631543507,2.474417495375457e-05,0.00032469372301333066,0.258820886991727,0.2587145745690062,0.25886677407054626,0.007360093453036782,0.25073711432258056,,0.005425560189323546,0.002244533296832303,0.0023889683693886833,nan,nan,nan,1.0694402243045475,1.0003305238478208,0.9881689708766245,nan,nan,nan,154.26780718499504,0.26416564801183995,154.53197283300688,0.0072527320007793605,0.2207203430007212,0.22797307500150055,0.0006374419899657369,0.010972977004712448,0.4964991760061821,9.580568871569994e-08,3.713768958082702e-08,True,680,154.26780718499504,0,0,0.009861353662118296,69.44615676942927,outputs/Mach_interpolation/bump/iso/hessian/eig/h0.025/M2.40-2.50/drift_ffd/gmin0.001
eig,0.025,mach,0.0,2.5,2.6,14178,ffd,0.001,9,0.002298499909393436,0.0010469666647234437,0.0007912276504735533,0.43667317156991325,0.07099592685699463,0.10819103552628384,0.008879990360220545,0.0005288550728742365,0.0005606657864024872,0.0006035719149134962,8.955932579478645e-07,3.194252403000639e-05,0.0018565255496220063,1.4237048497277459e-05,4.872524751345056e-05,0.23942264255377704,0.2393323666796562,0.2393026897199693,0.006998826408416757,0.23223658352985732,,0.005215574295261781,0.0018745160611755693,0.0019547838448895714,nan,nan,nan,1.055854831757359,0.9908905341863798,0.907552271707641,nan,nan,nan,154.8138876957819,0.2640028316527605,155.07789052743465,0.006981260143220425,0.22447437327355146,0.2314556334167719,0.0006728814914822578,0.011371386237442493,0.5005240179598331,9.19003326771417e-08,3.60013843318109e-08,True,632,154.8138876957819,0,0,0.00991918478109914,3.6292749949990153,outputs/Mach_interpolation/bump/iso/hessian/eig/h0.025/M2.50-2.60/drift_ffd/gmin0.001
eig,0.025,mach,0.0,2.6,2.7,14178,ffd,0.001,9,0.0021882969451808313,0.0008895457814639087,0.0007296734962360258,0.4602894976131293,0.05968828201293963,0.09783867572231664,0.008845297812824364,0.0005064616572233421,0.0009750073433809681,0.0005342052443791557,2.0271403975922106e-06,0.00013022462978592997,0.0016312361541619136,2.363299358278886e-05,0.0002234723478947277,0.22232869824454626,0.22206434201382189,0.22193825065743827,0.006663093259941902,0.21573561638144959,,0.004886149090199895,0.001116689935699535,0.0016751867646214874,nan,nan,nan,0.9571532558868575,0.9998103510630519,0.8394336053350391,nan,nan,nan,154.78592267725617,0.30979316402226686,155.09571584127843,0.006699572317302227,0.270202255807817,0.2769018281251192,0.00024053920060396194,0.013776695355772972,0.5940150311216712,9.825858349188366e-08,3.7286588166385146e-08,True,663,154.78592267725617,0,0,0.009849376532385637,8.886359402081192,outputs/Mach_interpolation/bump/iso/hessian/eig/h0.025/M2.60-2.70/drift_ffd/gmin0.001
eig,0.025,mach,0.0,2.7,2.8,14178,ffd,0.001,9,0.0021018109685981322,0.0007751887747621774,0.0006843212769107307,0.4839327175206396,0.04051101207733154,0.16123443096332135,0.008534482359559238,0.00042978526335365477,0.0008054612910687013,0.0005284792240169602,9.597017163761038e-07,0.00011726176376280567,0.001525398682632872,1.3560393586890354e-05,0.0001617478785392374,0.20675765919737008,0.2066711779115191,0.20672035968165453,0.006357354208565533,0.20100540601965214,,0.004965045069083466,0.0007008935718990738,0.0017270218282870854,nan,nan,nan,0.994096891518577,0.9992945506092223,0.8966990783630717,nan,nan,nan,146.17681830201764,0.2612530479673296,146.43807134998497,0.006753807072527707,0.21868292789440602,0.22543673496693373,0.0006576060550287366,0.01108048902824521,0.491676646983251,7.609067154135118e-08,2.8649742686321454e-08,True,391,146.17681830201764,0,0,0.009053122976957774,1.7657267711463084e+47,outputs/Mach_interpolation/bump/iso/hessian/eig/h0.025/M2.70-2.80/drift_ffd/gmin0.001
eig,0.025,mach,0.0,2.8,2.9,14178,ffd,0.001,9,0.002070550102496809,0.0006490333979466774,0.0005542275315441707,0.5036079795115329,0.035631418228149414,0.061195636649319596,0.008356160178997492,0.00037767415883125874,0.00042379185746780446,0.0005002934552118748,4.5006992835826885e-08,2.0710600225840267e-06,0.0014694262144960895,2.3994179483566302e-06,3.661155626381708e-05,0.19295552459350923,0.19286282468136645,0.19288010220410168,0.0060770802906856694,0.18779254015364086,,0.004881583198991025,0.0005441825444235515,0.0008790483024341436,nan,nan,nan,0.9415451263908454,0.9990783302201607,0.9876954458460915,nan,nan,nan,140.92617691899068,0.2628140849992633,141.18899100398994,0.003741666005225852,0.21949723100988194,0.2232388970151078,0.0006651479925494641,0.011223711000639014,0.4942025390046183,7.78985906890739e-08,2.1129313392994932e-08,True,358,140.92617691899068,0,0,0.009831570916443221,15.413187732961688,outputs/Mach_interpolation/bump/iso/hessian/eig/h0.025/M2.80-2.90/drift_ffd/gmin0.001
eig,0.025,mach,0.0,2.9,3.0,14178,ffd,0.001,9,0.0020272028551454675,0.0005631676309710462,0.0005854337747190108,0.5310919933446616,0.03626084327697754,0.1325898920498414,0.008170945398436448,0.0003843123182920577,0.00045951047446682596,0.00047122642846016214,4.1393191487670537e-07,8.260216951276166e-05,0.0013969297800754676,8.26012355244981e-06,5.733897023287181e-05,0.18053224552213143,0.1804718088652875,0.18050212898583878,0.005819543040618468,0.17590499314963315,,0.004887547863348571,0.0005679058265928735,0.0013887587252786793,nan,nan,nan,0.9496861504903673,0.9994366836290776,0.898284204031376,nan,nan,nan,145.81760724599008,0.2596387660014443,146.07724601199152,0.007330816995818168,0.21801256798789836,0.22534338498371653,0.0006974580028327182,0.011113339001894929,0.4894647159962915,9.535648604064306e-08,3.9763258816853275e-08,True,379,145.81760724599008,0,0,0.010622783365055859,1.9821511390878297e+82,outputs/Mach_interpolation/bump/iso/hessian/eig/h0.025/M2.90-3.00/drift_ffd/gmin0.001
eig,0.025,mach,0.0,0.8,0.9,14178,ffd,0.01,6,0.02869027214182533,0.03029539114395383,0.02175141858527878,0.4226325478988455,0.3805096864700319,0.49482318043124385,0.04064414173472649,0.03464476252508611,0.04781160720324229,0.002384170516396769,0.0007900158322713674,0.003049983700766664,0.01726566440617234,0.014028579431983459,0.031371169679611656,1.9145639007321973,1.9117383741970595,1.9076174081045854,0.018998579180271997,1.7354993160921375,,0.03712080597831741,0.05093174285459476,0.03960032364073092,nan,nan,nan,0.2087322658426078,0.3046713039530414,1.2202603223766764,nan,nan,nan,132.56693587799964,0.45089618999918457,133.01783206799882,0.006998550001299009,0.40577967499848455,0.41277822499978356,0.000663001999782864,0.021614771001623012,0.8789557600030093,9.949079782245462e-08,6.55784899293432e-08,True,92,132.56693587799964,0,0,0.03339682091645035,19.762357075431005,outputs/Mach_interpolation/bump/iso/hessian/eig/h0.025/M0.80-0.90/drift_ffd/gmin0.01
eig,0.025,mach,0.0,0.9,1.0,14178,ffd,0.01,6,0.03675370486670418,0.035745662517829596,0.020847403375466315,0.5203525948063255,0.4044692397117615,0.449806308560712,0.06414773671128154,0.04890256808027317,0.02983435891599935,0.0025156661802216776,0.00039857639530288574,0.0016182606623810884,0.03736764374621523,0.0037646697947414745,0.02595407597382884,1.5429237278753316,1.5423804803499392,1.5447416469016724,0.027041769446186872,1.4503216666114114,,0.07882257064302427,0.0671370797485973,0.03781279795946724,nan,nan,nan,0.6098740507668603,0.6908389871532612,1.0073416627806338,nan,nan,nan,131.47624710388482,0.2584878262132406,131.73473493009806,0.007528249174356461,0.22025517001748085,0.2277834191918373,0.0007184762507677078,0.010999663732945919,0.4904633713886142,7.306073879220776e-08,3.9056686252267584e-08,True,87,131.47624710388482,0,0,0.3608055837388563,17640.999367011216,outputs/Mach_interpolation/bump/iso/hessian/eig/h0.025/M0.90-1.00/drift_ffd/gmin0.01
eig,0.025,mach,0.0,1.0,1.1,14178,ffd,0.01,6,0.03200241943692526,0.03700505962621573,0.021824199560647753,0.40040959813012744,0.5451236248016358,0.538814864215196,0.05936767951651886,0.05126256069895143,0.03409727474355621,0.0005952190823078225,0.0006946640076017282,0.0007188343284929377,0.004612114049834181,0.00473295693184434,0.014560879445559196,1.342527978380295,1.3340107180593195,1.3512646308795841,0.025991492717672027,1.2715064258135511,,0.039593268861447796,0.07300496167437066,0.03203033378846705,nan,nan,nan,0.9267808767269337,1.0723491397909035,1.2793581018782996,nan,nan,nan,145.0963805457577,0.30502749141305685,145.40140803717077,0.0075538670644164085,0.2661574138328433,0.2737112808972597,0.0002516917884349823,0.013342795893549919,0.5847815060988069,8.950612162550442e-08,3.978919260875482e-08,True,111,145.0963805457577,0,0,0.1474025520054898,4184.819117681463,outputs/Mach_interpolation/bump/iso/hessian/eig/h0.025/M1.00-1.10/drift_ffd/gmin0.01
eig,0.025,mach,0.0,1.1,1.2,14178,ffd,0.01,6,0.0331954563011915,0.03247163597739042,0.017598923386764026,0.4705107789162464,0.5417252540588378,0.44476545245678567,0.08885860320063031,0.04220959235919115,0.021910598701914818,0.0012661104286114497,0.0006373860203771697,0.0014053221541577526,0.010605476818230283,0.0033407280229947015,0.022010434029856068,1.1727326803862594,1.1710032484060273,1.2099007971019773,0.020776967718327023,1.1097159568883825,,0.0596630255212386,0.08985880232467058,0.03857154445340621,nan,nan,nan,0.6815943283516178,0.8793589894569491,1.0658647790663949,nan,nan,nan,136.64504524198128,0.2652425310225226,136.9102877730038,0.006478084018453956,0.22286834998521954,0.2293464340036735,0.0006680249935016036,0.011128571000881493,0.4999096510000527,6.268887808857926e-08,1.9287700470268306e-08,True,105,136.64504524198128,0,0,0.029135066498836015,327.3562978048124,outputs/Mach_interpolation/bump/iso/hessian/eig/h0.025/M1.10-1.20/drift_ffd/gmin0.01
eig,0.025,mach,0.0,1.2,1.3,14178,ffd,0.01,6,0.029193572754537718,0.02702835586566296,0.012405185718116498,0.5018247301995786,0.47996468544006343,0.41024400760984836,0.09108486518390782,0.01462275045315479,0.007597151118524082,0.0015631879851253127,0.00042709013654366714,0.0008800582339647622,0.009750278712988811,0.0023098187172959023,0.012330567913940568,1.0155221716030471,1.0143047021567924,1.0201976698095465,0.022132467191503778,0.9506009514926039,,0.044831497131735454,0.08025081069945174,0.033450349684004156,nan,nan,nan,0.7882102421323164,0.9684457555007435,0.7985012444803101,nan,nan,nan,119.04866065000533,0.26655740800197236,119.3152180580073,0.007264759995450731,0.2271426410006825,0.23440740099613322,0.0006667109992122278,0.011399307993997354,0.5057682799961185,7.5926653408942e-08,3.5368614368948494e-08,True,101,119.04866065000533,0,0,0.1342706407060035,23.468592040268856,outputs/Mach_interpolation/bump/iso/hessian/eig/h0.025/M1.20-1.30/drift_ffd/gmin0.01
eig,0.025,mach,0.0,1.3,1.4,14178,ffd,0.01,6,0.02599649022342533,0.022781622390052932,0.01124948417706433,0.5459832299094982,0.49966206550598136,0.3788577170067633,0.15045051439513513,0.019014734471367437,0.013179492622436971,0.0021676683618263065,0.0001627396170270345,0.0007371298764484404,0.005547300350400099,0.00299338169543976,0.003534368640182565,0.8601232119147794,0.8660982042667221,0.868197415421628,0.02068192312900262,0.8195398278460284,,0.029314819733092173,0.06395854199213431,0.024322008451970772,nan,nan,nan,0.5089637670000051,0.6386120701556732,0.928111331756068,nan,nan,nan,127.4507881469981,0.4180506550037535,127.86883880200185,0.008371252006327268,0.37961625800380716,0.38798751001013443,0.0006754060013918206,0.02008926800044719,0.8184341929954826,8.201798529228199e-08,3.029949081199709e-08,True,99,127.4507881469981,0,0,0.15354789032572463,20.644874246459242,outputs/Mach_interpolation/bump/iso/hessian/eig/h0.025/M1.30-1.40/drift_ffd/gmin0.01
eig,0.025,mach,0.0,1.4,1.5,14178,ffd,0.01,6,0.02243165381098578,0.017969684489217045,0.008119608411138271,0.3957867505108794,0.42637851238250724,0.38755014951777644,0.12800849110414472,0.016375269971348125,0.00783666504409412,0.001308332056468937,8.322467856235656e-05,0.00153384106643401,0.007020237550389534,0.00038949550910880347,0.006271738089915879,0.7419061223384644,0.7474212849965505,0.7501637607901167,0.016716337289495495,0.7054520635007007,,0.030304013104015197,0.05056556924351167,0.02058232626503189,nan,nan,nan,0.8364533817069952,0.9873981320356424,0.8210007960022236,nan,nan,nan,135.6594188770032,0.26252916699741036,135.9219480440006,0.007079714996507391,0.2225396659996477,0.2296193809961551,0.0006749250023858622,0.011115230998257175,0.49686128400207963,8.296973419419373e-08,4.122259597992411e-08,True,95,135.6594188770032,0,0,0.07753163783482488,136.22088869992487,outputs/Mach_interpolation/bump/iso/hessian/eig/h0.025/M1.40-1.50/drift_ffd/gmin0.01
eig,0.025,mach,0.0,1.5,1.6,14178,ffd,0.01,6,0.01960799738502371,0.013629918946952724,0.007007788058198416,0.31999415358887795,0.25256540775299063,0.297835819377928,0.11020222539060122,0.013173333428219261,0.006127572011662319,0.0012666007146576396,2.3147105276507788e-05,0.0009187421166829668,0.006975931337644255,0.00011084690928418893,0.002907377907272616,0.6461024215316297,0.6482122688001968,0.6521764787630486,0.01446055605864703,0.6151080673116787,,0.023458999700284446,0.03487639240828002,0.02241613388676257,nan,nan,nan,0.8284846029907724,1.0098096283058111,0.9786495142417014,nan,nan,nan,138.21260812296532,0.26334665808826685,138.4759547810536,0.007283129030838609,0.22374037199188024,0.23102350102271885,0.0006766320439055562,0.0111281470162794,0.49889400403480977,8.090138514660339e-08,2.8233841418614603e-08,True,100,138.21260812296532,0,0,0.06785817932020449,61.04457599801372,outputs/Mach_interpolation/bump/iso/hessian/eig/h0.025/M1.50-1.60/drift_ffd/gmin0.01
eig,0.025,mach,0.0,1.6,1.7,14178,ffd,0.01,6,0.015985732353475068,0.009634788045739348,0.0035936623760147914,0.3238517067485247,0.21437619924545293,0.2229253419376951,0.0928753842769143,0.010290482904291652,0.004236674927222791,0.0012147500123724192,1.3032139418354574e-05,0.0006422763080145337,0.00453489208605356,7.292288365141126e-05,0.003689774956343841,0.5615358064989516,0.5691595332912968,0.5690132332056312,0.012873854992182512,0.5422056239775418,,0.01432579058885296,0.01682274633280276,0.006059428664582473,nan,nan,nan,1.2052864878177507,0.9987104038584945,0.837423945528628,nan,nan,nan,137.32032014599827,0.28623773000435904,137.60655787600263,0.00842097500571981,0.22467344599863281,0.23309442100435263,0.0006848720004200004,0.011190641002031043,0.5227890140013187,5.663941848865761e-08,2.957089145757908e-08,True,103,137.32032014599827,0,0,0.06004607927424674,27.06534450412452,outputs/Mach_interpolation/bump/iso/hessian/eig/h0.025/M1.60-1.70/drift_ffd/gmin0.01
eig,0.025,mach,0.0,1.7,1.8,14178,ffd,0.01,6,0.013745542260424341,0.007108803915660731,0.0020017354221536347,0.322114513657632,0.17157201766967778,0.15465559706154353,0.08720865091238215,0.008044049474097993,0.004961228952899796,0.0008740416406661563,7.645217826637118e-06,0.00029246773484297367,0.003967022101636026,2.9380078527251206e-05,0.001306379580023726,0.5026315638636517,0.5045536064955568,0.5038238965396146,0.011671671695359145,0.48224361762463475,,0.012403126938658297,0.012319256342090835,0.0040741138083200635,nan,nan,nan,1.586134512353386,0.9654431470661549,0.890977157038519,nan,nan,nan,136.22636536322534,0.44586188811808825,136.67222725134343,0.009111592546105385,0.4065160537138581,0.4156276462599635,0.0006686728447675705,0.02160633448511362,0.8746557934209704,5.126236413133256e-08,2.446603929159639e-08,True,98,136.22636536322534,0,0,0.05461739608896195,21.08367629381213,outputs/Mach_interpolation/bump/iso/hessian/eig/h0.025/M1.70-1.80/drift_ffd/gmin0.01
eig,0.025,mach,0.0,1.8,1.9,14178,ffd,0.01,6,0.012814671250586933,0.005463829302184917,0.0028197718357334343,0.3444622612353827,0.1368711709976198,0.1748470654418981,0.08067036318991871,0.006761177141230359,0.004458387948756232,0.0008770656948997511,3.719715786361146e-06,0.00021367142918755794,0.00356201989112657,6.128332299462326e-05,0.0013278606601102954,0.4495677332955047,0.4508670987140098,0.45132356831543646,0.010719655964195511,0.43208480288219003,,0.011014354682927824,0.009362394978193586,0.003899291046253406,nan,nan,nan,1.7700803119389168,0.9957433901046061,0.9824067762668713,nan,nan,nan,130.22081554029137,0.2619243487715721,130.48273988906294,0.008060594089329243,0.22225964441895485,0.2303202385082841,0.0008077127858996391,0.011290866881608963,0.49628560803830624,4.182194768276304e-08,1.5611519847787746e-08,True,82,130.22081554029137,0,0,0.050364825771784145,4.6676391755867375,outputs/Mach_interpolation/bump/iso/hessian/eig/h0.025/M1.80-1.90/drift_ffd/gmin0.01
eig,0.025,mach,0.0,1.9,2.0,14178,ffd,0.01,6,0.0118529382786118,0.003976337696807014,0.001483122392445283,0.3344934232285328,0.1170452594757081,0.13644584435004492,0.07160766110713923,0.006790140077593037,0.0017691381703992854,0.0007108473788029714,6.498119924385659e-06,6.020822439059374e-05,0.0034666656412266996,3.515048382263242e-05,0.0001481785983683475,0.40045659770593833,0.4056580636775138,0.4057158794628215,0.00992707639282046,0.3897114688308166,,0.010076069978429908,0.006898611784779407,0.0025070543069453406,nan,nan,nan,1.7836113972387662,0.9984806358594513,0.9576385736675618,nan,nan,nan,133.8647034940077,0.26338811102323234,134.12809160503093,0.007045594044029713,0.22325039701536298,0.2302959910593927,0.0006827829638496041,0.010908544063568115,0.49823232903145254,9.16481929791324e-08,5.205722428527893e-08,True,91,133.8647034940077,0,0,0.0679265685070727,2.4639318317369017,outputs/Mach_interpolation/bump/iso/hessian/eig/h0.025/M1.90-2.00/drift_ffd/gmin0.01
eig,0.025,mach,0.0,2.0,2.1,14178,ffd,0.01,6,0.011381499636503006,0.003205290944329914,0.0012146120621287862,0.353178121024067,0.0929955244064331,0.07961531771146868,0.06684237522881963,0.0052821977704516345,0.0012774901505614906,0.0007329284576780247,4.76902390012219e-06,5.837551207537552e-05,0.0031101245817287005,1.712742905500707e-05,0.00020687950287537647,0.3632074354178534,0.3671603648176373,0.36725950302925514,0.009258008275207326,0.35349380518668766,,0.01072496314282927,0.0058294988881535045,0.002464542957027376,nan,nan,nan,2.044952676690269,0.9918152355245781,0.9848365762656621,nan,nan,nan,136.17504505800025,0.26081631900160573,136.43586137700186,0.007323069999984,0.2210970689993701,0.2284201389993541,0.0006784719953429885,0.011071607994381338,0.49366568199911853,4.793974550665325e-08,2.1413007054386487e-08,True,100,136.17504505800025,0,0,0.05117905401787113,2.7861489140410285,outputs/Mach_interpolation/bump/iso/hessian/eig/h0.025/M2.00-2.10/drift_ffd/gmin0.01
eig,0.025,mach,0.0,2.1,2.2,14178,ffd,0.01,6,0.010761903353323604,0.0024130463078781395,0.0010249286214736586,0.357358636720408,0.11605529785156254,0.12600952452477943,0.06367439061880682,0.0023516780991801275,0.000974925124059734,0.0006529364950132848,2.7721757524197917e-06,4.8347973079751315e-05,0.002906862467948252,9.842482249383049e-06,0.00026135875118016294,0.3310927169374979,0.3340775159284971,0.33394723184986075,0.008687248996070674,0.32230150480091474,,0.010025981791777749,0.004667327440313629,0.0021010061583061125,nan,nan,nan,1.931029314499782,0.9988959344833792,0.9071947888238697,nan,nan,nan,134.61280675799935,0.4343817129993113,135.04718847099866,0.007064136996632442,0.3948620020019007,0.40192613899853313,0.000676538998959586,0.02116313699661987,0.8510871379985474,4.8396452179133576e-08,2.0444721867211895e-08,True,97,134.61280675799935,0,0,0.05388085485858563,2.5675232161945427,outputs/Mach_interpolation/bump/iso/hessian/eig/h0.025/M2.10-2.20/drift_ffd/gmin0.01
eig,0.025,mach,0.0,2.2,2.3,14178,ffd,0.01,6,0.010056014105488606,0.00191998027338789,0.0009860999750190193,0.38184891590161163,0.07395954132080096,0.08616557559554794,0.060176662579037185,0.000930443835226681,0.0006673971070438294,0.0005809821051357434,2.316354225908143e-06,2.825306498007618e-05,0.0023914529947143704,2.1328833906566728e-05,0.0001793506567745092,0.3031278053242961,0.3054893284491423,0.30557238457990854,0.00819311982047476,0.295237828117928,,0.009889987506095361,0.004012047445478429,0.002021952820908388,nan,nan,nan,1.8601756228318163,0.998691607530743,0.995387512773562,nan,nan,nan,136.38145010800508,0.2583623069949681,136.63981241500005,0.0073854140064213425,0.2198867029946996,0.22727211700112093,0.0002448690065648407,0.010837641995749436,0.48933357499481644,8.570381838934882e-08,4.638749870218275e-08,True,101,136.38145010800508,0,0,0.03886090626050111,3.113452369904567,outputs/Mach_interpolation/bump/iso/hessian/eig/h0.025/M2.20-2.30/drift_ffd/gmin0.01
eig,0.025,mach,0.0,2.3,2.4,14178,ffd,0.01,6,0.009474408831816024,0.0015378133619101326,0.0009027916323509436,0.3801358733937725,0.07977986335754395,0.10836313691069499,0.0576589910314613,0.0007531456434518159,0.0006260706212376402,0.0005593644228346327,1.553770136461557e-06,1.2679493581509488e-05,0.002352480664312268,1.0787712995471063e-05,8.434807660077463e-05,0.27799410132354063,0.2806072429983163,0.28064867406948335,0.0077567455712295695,0.27161004546178247,,0.009852726919999402,0.0031410248263918127,0.001999767576213592,nan,nan,nan,1.716447734924485,0.9992875179711894,0.9853782580365221,nan,nan,nan,134.8355142910732,0.261337933014147,135.09685222408734,0.009471742901951075,0.22086622403003275,0.23033796693198383,0.0007995519554242492,0.011050158995203674,0.49405601201578975,8.910324744704212e-08,3.8376176722386e-08,True,96,134.8355142910732,0,0,0.0386131622498009,2.6998404299862644,outputs/Mach_interpolation/bump/iso/hessian/eig/h0.025/M2.30-2.40/drift_ffd/gmin0.01
eig,0.025,mach,0.0,2.4,2.5,14178,ffd,0.01,6,0.009179118358215877,0.0011841660659653048,0.0008407527302371732,0.3884724485998121,0.06284880638122559,0.09772280887966955,0.05652784182835921,0.000601681114862744,0.00046208028949459574,0.0005147533561560118,7.97072893599633e-07,5.042953604158822e-05,0.0021989383773898096,2.474417495375457e-05,0.00032469372301333066,0.25600439475091885,0.2587145745690062,0.25886677407054626,0.007360093453036782,0.25073711432258056,,0.0097061204248577,0.002244533296832303,0.0023889683693886833,nan,nan,nan,1.5576787543642003,1.0003305238478208,0.9881689708766245,nan,nan,nan,132.63794974499615,0.26598887899308465,132.90393862398923,0.006632090007769875,0.22596114200132433,0.2325932320090942,0.0006688420107821003,0.01124919400899671,0.5038705010083504,6.827692455857459e-08,2.8928453679798135e-08,True,88,132.63794974499615,0,0,0.04476217289368018,2.3371293198332945,outputs/Mach_interpolation/bump/iso/hessian/eig/h0.025/M2.40-2.50/drift_ffd/gmin0.01
eig,0.025,mach,0.0,2.5,2.6,14178,ffd,0.01,6,0.009011334976734224,0.0010469666647234437,0.0007912276504735533,0.4046026147156008,0.07099592685699463,0.10819103552628384,0.056016948682608265,0.0005288550728742365,0.0005606657864024872,0.0005105814144704131,8.955932579478645e-07,3.194252403000639e-05,0.002960555402413202,1.4237048497277459e-05,4.872524751345056e-05,0.23607214727143547,0.2393323666796562,0.2393026897199693,0.006998826408416757,0.23223658352985732,,0.009332841639373457,0.0018745160611755693,0.0019547838448895714,nan,nan,nan,1.5366270344782003,0.9908905341863798,0.907552271707641,nan,nan,nan,134.54331503249705,0.2610289780423045,134.80434401053935,0.008027228526771069,0.22070256248116493,0.228729791007936,0.0006743036210536957,0.011311152018606663,0.4937196420505643,7.217077246934878e-08,2.2962517845398266e-08,True,91,134.54331503249705,0,0,0.04759261466072301,1.9847924799627856,outputs/Mach_interpolation/bump/iso/hessian/eig/h0.025/M2.50-2.60/drift_ffd/gmin0.01
eig,0.025,mach,0.0,2.6,2.7,14178,ffd,0.01,6,0.008831180085918811,0.0008895457814639087,0.0007296734962360258,0.4164706456013789,0.05968828201293963,0.09783867572231664,0.056107898965889275,0.0005064616572233421,0.0009750073433809681,0.0005246991226278285,2.0271403975922106e-06,0.00013022462978592997,0.003104578386390111,2.363299358278886e-05,0.0002234723478947277,0.2183025459227925,0.22206434201382189,0.22193825065743827,0.006663093259941902,0.21573561638144959,,0.009539615090713051,0.001116689935699535,0.0016751867646214874,nan,nan,nan,1.3316477283334338,0.9998103510630519,0.8394336053350391,nan,nan,nan,133.8126107500866,0.26324442867189646,134.0758551787585,0.007027464918792248,0.22262453567236662,0.22965200059115887,0.0006813667714595795,0.011241215281188488,0.49779439345002174,8.812235474664476e-08,3.619598941546769e-08,True,86,133.8126107500866,0,0,0.05298151461684781,2.0981205887736856,outputs/Mach_interpolation/bump/iso/hessian/eig/h0.025/M2.60-2.70/drift_ffd/gmin0.01
eig,0.025,mach,0.0,2.7,2.8,14178,ffd,0.01,6,0.008602680988266742,0.0007751887747621774,0.0006843212769107307,0.43207236232778623,0.04051101207733154,0.16123443096332135,0.052353127825160356,0.00042978526335365477,0.0008054612910687013,0.0005357760571677891,9.597017163761038e-07,0.00011726176376280567,0.0028702219840142005,1.3560393586890354e-05,0.0001617478785392374,0.20293587126040497,0.2066711779115191,0.20672035968165453,0.006357354208565533,0.20100540601965214,,0.009945731357120187,0.0007008935718990738,0.0017270218282870854,nan,nan,nan,1.2582586941227718,0.9992945506092223,0.8966990783630717,nan,nan,nan,132.3608839979861,0.4365967799676582,132.79748077795375,0.006884881993755698,0.3950248749461025,0.4019097569398582,0.0006604020018130541,0.021161929005756974,0.8534461989765987,6.739046298775975e-08,1.4101516746927377e-08,True,82,132.3608839979861,0,0,0.04926576551902295,355303.1629699966,outputs/Mach_interpolation/bump/iso/hessian/eig/h0.025/M2.70-2.80/drift_ffd/gmin0.01
eig,0.025,mach,0.0,2.8,2.9,14178,ffd,0.01,6,0.008574438849848527,0.0006490333979466774,0.0005542275315441707,0.4564788767634891,0.035631418228149414,0.061195636649319596,0.052348000082244626,0.00037767415883125874,0.00042379185746780446,0.0004926778219063905,4.5006992835826885e-08,2.0710600225840267e-06,0.002595357572326975,2.3994179483566302e-06,3.661155626381708e-05,0.18921424149896512,0.19286282468136645,0.19288010220410168,0.0060770802906856694,0.18779254015364086,,0.009896104115766418,0.0005441825444235515,0.0008790483024341436,nan,nan,nan,1.0714591908381532,0.9990783302201607,0.9876954458460915,nan,nan,nan,128.7442542189965,0.2644541769986972,129.0087083959952,0.003746596004930325,0.22345895299804397,0.2272055490029743,0.0006660789949819446,0.011277857993263751,0.49986154500220437,8.653786309764655e-08,2.759053124209173e-08,True,77,128.7442542189965,0,0,0.05228459149410203,2.2248251831503554,outputs/Mach_interpolation/bump/iso/hessian/eig/h0.025/M2.80-2.90/drift_ffd/gmin0.01
eig,0.025,mach,0.0,2.9,3.0,14178,ffd,0.01,6,0.008458211088809507,0.0005631676309710462,0.0005854337747190108,0.45855651122199603,0.03626084327697754,0.1325898920498414,0.04899594988595967,0.0003843123182920577,0.00045951047446682596,0.00046869770993803524,4.1393191487670537e-07,8.260216951276166e-05,0.0025681759642939006,8.26012355244981e-06,5.733897023287181e-05,0.17682516160645226,0.1804718088652875,0.18050212898583878,0.005819543040618468,0.17590499314963315,,0.009749040308314484,0.0005679058265928735,0.0013887587252786793,nan,nan,nan,1.0138897423435704,0.9994366836290776,0.898284204031376,nan,nan,nan,132.42039383700467,0.26621616499323864,132.6866100019979,0.009867443004623055,0.2241310270037502,0.23399847000837326,0.0006753369962098077,0.011406400008127093,0.5024311010056408,6.657399609366621e-08,2.702169847677541e-08,True,80,132.42039383700467,0,0,0.05258122239214001,1953030669316318.8,outputs/Mach_interpolation/bump/iso/hessian/eig/h0.025/M2.90-3.00/drift_ffd/gmin0.01
eig,0.025,mach,0.0,0.8,0.9,14178,null,0.0001,12,0.023115623422158598,0.03029539114395383,0.02175141858527878,0.3501731674328654,0.3805096864700319,0.49482318043124385,0.031453587864462874,0.03464476252508611,0.04781160720324229,0.0008278871517724871,0.0007900158322713674,0.003049983700766664,0.006745826984316016,0.014028579431983459,0.031371169679611656,1.9017358306688184,1.9117383741970595,1.9076174081045854,0.018998579180271997,1.7354993160921375,,0.029372210692116225,0.05093174285459476,0.03960032364073092,nan,nan,nan,0.2940563672121519,0.3046713039530414,1.2202603223766764,nan,nan,nan,117.14634952900087,0.2885527620019275,117.4349022910028,0.010183571001107339,0.21988094699918292,0.23006451800029026,0.00024441700224997476,0.01099625200004084,0.519676783005707,9.381230370308913e-08,1.5010803483380896e-08,True,1628,117.14634952900087,0,0,0.09399253094380595,2.9029289154293913e+113,outputs/Mach_interpolation/bump/iso/hessian/eig/h0.025/M0.80-0.90/drift_null/gmin0.0001
eig,0.025,mach,0.0,0.9,1.0,14178,null,0.0001,12,0.038831440948163945,0.035745662517829596,0.020847403375466315,0.5225300605832446,0.4044692397117615,0.449806308560712,0.14934840270554953,0.04890256808027317,0.02983435891599935,0.0036101673845230905,0.00039857639530288574,0.0016182606623810884,0.009788840559123966,0.0037646697947414745,0.02595407597382884,1.5216101388219723,1.5423804803499392,1.5447416469016724,0.027041769446186872,1.4503216666114114,,0.06730616118527438,0.0671370797485973,0.03781279795946724,nan,nan,nan,0.8230417189619589,0.6908389871532612,1.0073416627806338,nan,nan,nan,129.07366406400251,0.2744405160046881,129.3481045800072,0.007833003997802734,0.2276552460025414,0.23548825000034412,0.0002516610038583167,0.011345388993504457,0.5136949939987971,0.49278482219460784,0.043072321873497486,False,2304,129.07366406400251,0,0,0.2540711859583572,1.1224564098463105e+179,outputs/Mach_interpolation/bump/iso/hessian/eig/h0.025/M0.90-1.00/drift_null/gmin0.0001
eig,0.025,mach,0.0,1.0,1.1,14178,null,0.0001,12,0.023333569071960308,0.03700505962621573,0.021824199560647753,0.3802633262472619,0.5451236248016358,0.538814864215196,0.035430739699530533,0.05126256069895143,0.03409727474355621,0.0010947185177133181,0.0006946640076017282,0.0007188343284929377,0.003478437562553961,0.00473295693184434,0.014560879445559196,1.3350888656901874,1.3340107180593195,1.3512646308795841,0.025991492717672027,1.2715064258135511,,0.04129329648333165,0.07300496167437066,0.03203033378846705,nan,nan,nan,1.0389486276205908,1.0723491397909035,1.2793581018782996,nan,nan,nan,118.39237672742456,0.2621047990396619,118.65448152646422,0.006695813499391079,0.22114920150488615,0.22784501500427723,0.000258653424680233,0.01106471661478281,0.4945796364918351,8.799742090559448e-08,2.3084993313478922e-08,True,1645,118.39237672742456,0,0,0.16950880500557935,7.127548673420641e+166,outputs/Mach_interpolation/bump/iso/hessian/eig/h0.025/M1.00-1.10/drift_null/gmin0.0001
eig,0.025,mach,0.0,1.1,1.2,14178,null,0.0001,12,0.02628648588922948,0.03247163597739042,0.017598923386764026,0.482457379339041,0.5417252540588378,0.44476545245678567,0.06117831484813642,0.04220959235919115,0.021910598701914818,0.0013612154892619504,0.0006373860203771697,0.0014053221541577526,0.008784186594236385,0.0033407280229947015,0.022010434029856068,1.168354160776651,1.1710032484060273,1.2099007971019773,0.020776967718327023,1.1097159568883825,,0.0557489904996424,0.08985880232467058,0.03857154445340621,nan,nan,nan,0.7609095251005042,0.8793589894569491,1.0658647790663949,nan,nan,nan,113.80490872700466,0.2597908170428127,114.06469954404747,0.006539887981489301,0.2205751040019095,0.2271149919833988,0.00024915800895541906,0.010887897980865091,0.4915051119751297,9.99637421728039e-08,2.6892016630909495e-08,True,1691,113.80490872700466,0,0,0.04326774460907362,5.7776315722251356e+56,outputs/Mach_interpolation/bump/iso/hessian/eig/h0.025/M1.10-1.20/drift_null/gmin0.0001
eig,0.025,mach,0.0,1.2,1.3,14178,null,0.0001,12,0.01984188454102885,0.02702835586566296,0.012405185718116498,0.4157964358178081,0.47996468544006343,0.41024400760984836,0.030092527704319687,0.01462275045315479,0.007597151118524082,0.0015747250158238794,0.00042709013654366714,0.0008800582339647622,0.002706260240672257,0.0023098187172959023,0.012330567913940568,1.0129391446389993,1.0143047021567924,1.0201976698095465,0.022132467191503778,0.9506009514926039,,0.04292647591946164,0.08025081069945174,0.033450349684004156,nan,nan,nan,0.5658453813153038,0.9684457555007435,0.7985012444803101,nan,nan,nan,111.63522933999775,0.2613332890032325,111.89656262900098,0.009380996998515911,0.22283636200154433,0.23221735900006024,0.00025466700026299804,0.01103214700560784,0.4954585500017856,9.836813319452631e-08,2.904251466291106e-08,True,2113,111.63522933999775,0,0,0.1048187966592377,8.981472535258261e+103,outputs/Mach_interpolation/bump/iso/hessian/eig/h0.025/M1.20-1.30/drift_null/gmin0.0001
eig,0.025,mach,0.0,1.3,1.4,14178,null,0.0001,12,0.01629499595412379,0.022781622390052932,0.01124948417706433,0.4144143248242014,0.49966206550598136,0.3788577170067633,0.023748995751051074,0.019014734471367437,0.013179492622436971,0.0009577937667047047,0.0001627396170270345,0.0007371298764484404,0.0015636123839340124,0.00299338169543976,0.003534368640182565,0.8670721265698839,0.8660982042667221,0.868197415421628,0.02068192312900262,0.8195398278460284,,0.027439863801215204,0.06395854199213431,0.024322008451970772,nan,nan,nan,0.604428586489281,0.6386120701556732,0.928111331756068,nan,nan,nan,113.29173959299806,0.2650826889948803,113.55682228199294,0.006517573005112354,0.2231991970038507,0.22971677000896307,0.0006813479994889349,0.011241984000662342,0.5002074119984172,8.457291755803453e-08,2.9008568918394537e-08,True,2215,113.29173959299806,0,0,0.11140289996049249,2.3729242759638303e+130,outputs/Mach_interpolation/bump/iso/hessian/eig/h0.025/M1.30-1.40/drift_null/gmin0.0001
eig,0.025,mach,0.0,1.4,1.5,14178,null,0.0001,12,0.01372921735598237,0.017969684489217045,0.008119608411138271,0.3359914928456187,0.42637851238250724,0.38755014951777644,0.015775910664126615,0.016375269971348125,0.00783666504409412,0.00033510761806091285,8.322467856235656e-05,0.00153384106643401,0.0019591391500432976,0.00038949550910880347,0.006271738089915879,0.7480806612963659,0.7474212849965505,0.7501637607901167,0.016716337289495495,0.7054520635007007,,0.02695809686308208,0.05056556924351167,0.02058232626503189,nan,nan,nan,0.7452743620070993,0.9873981320356424,0.8210007960022236,nan,nan,nan,128.27350226399722,0.26234984600159805,128.5358521099988,0.006880232998810243,0.22401302900107112,0.23089326199988136,0.0002418529984424822,0.010994920005032327,0.4976019330060808,9.730406702601613e-08,3.06271302921631e-08,True,2952,128.27350226399722,0,0,0.053091823490803165,1.0633383411861303e+51,outputs/Mach_interpolation/bump/iso/hessian/eig/h0.025/M1.40-1.50/drift_null/gmin0.0001
eig,0.025,mach,0.0,1.5,1.6,14178,null,0.0001,12,0.011667109109052888,0.013629918946952724,0.007007788058198416,0.23690500838141215,0.25256540775299063,0.297835819377928,0.015155685218419833,0.013173333428219261,0.006127572011662319,0.00030947517335306457,2.3147105276507788e-05,0.0009187421166829668,0.001293127750884218,0.00011084690928418893,0.002907377907272616,0.6486684849533884,0.6482122688001968,0.6521764787630486,0.01446055605864703,0.6151080673116787,,0.024597464399417557,0.03487639240828002,0.02241613388676257,nan,nan,nan,0.7516940879485012,1.0098096283058111,0.9786495142417014,nan,nan,nan,122.1800074520288,0.26313917292281985,122.44314662495162,0.007402262999676168,0.22440962900873274,0.2318118920084089,0.00023663497995585203,0.011059534037485719,0.4988473360426724,8.916779847822909e-08,3.482759442326111e-08,True,2747,122.1800074520288,0,0,0.02661895463279371,7.920072056492661e+33,outputs/Mach_interpolation/bump/iso/hessian/eig/h0.025/M1.50-1.60/drift_null/gmin0.0001
eig,0.025,mach,0.0,1.6,1.7,14178,null,0.0001,12,0.007967987574720177,0.009634788045739348,0.0035936623760147914,0.21119477973124479,0.21437619924545293,0.2229253419376951,0.013537138489615737,0.010290482904291652,0.004236674927222791,0.00018593334466168962,1.3032139418354574e-05,0.0006422763080145337,0.000700252088506301,7.292288365141126e-05,0.003689774956343841,0.5694884877283303,0.5691595332912968,0.5690132332056312,0.012873854992182512,0.5422056239775418,,0.00925075616308562,0.01682274633280276,0.006059428664582473,nan,nan,nan,0.7684440373964372,0.9987104038584945,0.837423945528628,nan,nan,nan,122.9412751619966,0.2864166430008481,123.22769180499745,0.008744206999836024,0.22229453399631893,0.23103874099615496,0.00026671899831853807,0.011144736003188882,0.5201253179984633,8.713810082383588e-06,3.5717041331391824e-06,False,2723,122.9412751619966,0,0,0.014302708512880352,9.42599865786142e+24,outputs/Mach_interpolation/bump/iso/hessian/eig/h0.025/M1.60-1.70/drift_null/gmin0.0001
eig,0.025,mach,0.0,1.7,1.8,14178,null,0.0001,12,0.005627767597651611,0.007108803915660731,0.0020017354221536347,0.19329669054031529,0.17157201766967778,0.15465559706154353,0.009714797751908373,0.008044049474097993,0.004961228952899796,0.00016047745787704638,7.645217826637118e-06,0.00029246773484297367,0.0007162485586502183,2.9380078527251206e-05,0.001306379580023726,0.5049015706036678,0.5045536064955568,0.5038238965396146,0.011671671695359145,0.48224361762463475,,0.006514828080603462,0.012319256342090835,0.0040741138083200635,nan,nan,nan,0.8864170892648995,0.9654431470661549,0.890977157038519,nan,nan,nan,120.94967029899999,0.26379682299739216,121.21346712199738,0.021561034001933876,0.22325779600214446,0.24481883000407834,0.00024516899429727346,0.010995771997841075,0.4982982829969842,1.552928005921217e-05,6.447700548010175e-06,False,2602,120.94967029899999,0,0,0.01852663890974151,4.490005061471976e+30,outputs/Mach_interpolation/bump/iso/hessian/eig/h0.025/M1.70-1.80/drift_null/gmin0.0001
eig,0.025,mach,0.0,1.8,1.9,14178,null,0.0001,12,0.003971104218740537,0.005463829302184917,0.0028197718357334343,0.15035546210974382,0.1368711709976198,0.1748470654418981,0.006883765297853136,0.006761177141230359,0.004458387948756232,0.00012757554172428248,3.719715786361146e-06,0.00021367142918755794,0.0006594836296139266,6.128332299462326e-05,0.0013278606601102954,0.45116682278667847,0.4508670987140098,0.45132356831543646,0.010719655964195511,0.43208480288219003,,0.004622956264988293,0.009362394978193586,0.003899291046253406,nan,nan,nan,0.9358127350531156,0.9957433901046061,0.9824067762668713,nan,nan,nan,120.33751570433378,0.2691893186420202,120.6067050229758,0.007081938907504082,0.23093059845268726,0.23801253736019135,0.0002482859417796135,0.011503295041620731,0.5118760773912072,2.7126297581503422e-06,1.248038616087333e-06,False,2679,120.33751570433378,0,0,0.01727671573203361,2.0212219368606983e+32,outputs/Mach_interpolation/bump/iso/hessian/eig/h0.025/M1.80-1.90/drift_null/gmin0.0001
eig,0.025,mach,0.0,1.9,2.0,14178,null,0.0001,12,0.0026733352546499532,0.003976337696807014,0.001483122392445283,0.10852421438373017,0.1170452594757081,0.13644584435004492,0.006524267607913511,0.006790140077593037,0.0017691381703992854,0.00011000230760765005,6.498119924385659e-06,6.020822439059374e-05,0.000723615808628829,3.515048382263242e-05,0.0001481785983683475,0.40599724498355216,0.4056580636775138,0.4057158794628215,0.00992707639282046,0.3897114688308166,,0.003969441371580399,0.006898611784779407,0.0025070543069453406,nan,nan,nan,0.9191508254441982,0.9984806358594513,0.9576385736675618,nan,nan,nan,119.313259062008,0.2694655889645219,119.58272465097252,0.010413462994620204,0.23142245295457542,0.24183591594919562,0.00024773599579930305,0.011464077979326248,0.5126023810589686,2.2509367170187033e-07,9.309906092907969e-08,False,2728,119.313259062008,0,0,0.01709843605641402,5.533114382132809e+44,outputs/Mach_interpolation/bump/iso/hessian/eig/h0.025/M1.90-2.00/drift_null/gmin0.0001
eig,0.025,mach,0.0,2.0,2.1,14178,null,0.0001,12,0.0022352403454534,0.003205290944329914,0.0012146120621287862,0.09572031977487061,0.0929955244064331,0.07961531771146868,0.005111507131991617,0.0052821977704516345,0.0012774901505614906,8.638179586032282e-05,4.76902390012219e-06,5.837551207537552e-05,0.0006347142877783991,1.712742905500707e-05,0.00020687950287537647,0.36747798389763714,0.3671603648176373,0.36725950302925514,0.009258008275207326,0.35349380518668766,,0.003513902374551512,0.0058294988881535045,0.002464542957027376,nan,nan,nan,0.9018406994838093,0.9918152355245781,0.9848365762656621,nan,nan,nan,121.78843800599861,0.26376054800493876,122.05219855400355,0.007595573995786253,0.22306677500455407,0.23066234900034033,0.0007054129964672029,0.011273981996055227,0.49880896199465496,4.630571481811785e-07,1.5861324841626893e-07,False,3017,121.78843800599861,0,0,0.012695152576844733,2.8080900686793093e+26,outputs/Mach_interpolation/bump/iso/hessian/eig/h0.025/M2.00-2.10/drift_null/gmin0.0001
eig,0.025,mach,0.0,2.1,2.2,14178,null,0.0001,12,0.001717768082917433,0.0024130463078781395,0.0010249286214736586,0.12312741942655991,0.11605529785156254,0.12600952452477943,0.002160166013152647,0.0023516780991801275,0.000974925124059734,6.06850384058955e-05,2.7721757524197917e-06,4.8347973079751315e-05,0.0005119240369701399,9.842482249383049e-06,0.00026135875118016294,0.3343412502545485,0.3340775159284971,0.33394723184986075,0.008687248996070674,0.32230150480091474,,0.0032433612093664076,0.004667327440313629,0.0021010061583061125,nan,nan,nan,0.92194810608884,0.9988959344833792,0.9071947888238697,nan,nan,nan,122.40929761699226,0.2618737020093249,122.67117131900159,0.010046066992799751,0.22201471599692013,0.23206078298971988,0.000671920002787374,0.010960765008348972,0.49552353800390847,1.4203196343487434e-06,5.382351883309127e-07,False,2883,122.40929761699226,0,0,0.00837708140973693,113476103290002.12,outputs/Mach_interpolation/bump/iso/hessian/eig/h0.025/M2.10-2.20/drift_null/gmin0.0001
eig,0.025,mach,0.0,2.2,2.3,14178,null,0.0001,12,0.0014005267959426185,0.00191998027338789,0.0009860999750190193,0.0830829328029199,0.07395954132080096,0.08616557559554794,0.0013602867527645875,0.000930443835226681,0.0006673971070438294,5.1671751513130325e-05,2.316354225908143e-06,2.825306498007618e-05,0.0005366738268413483,2.1328833906566728e-05,0.0001793506567745092,0.3057541555018222,0.3054893284491423,0.30557238457990854,0.00819311982047476,0.295237828117928,,0.002894372673192725,0.004012047445478429,0.002021952820908388,nan,nan,nan,0.962942248905469,0.998691607530743,0.995387512773562,nan,nan,nan,128.67437794800207,0.26240355700429063,128.93678150500637,0.010673025011783466,0.2220083950087428,0.23268142002052628,0.00025350498617626727,0.011000248006894253,0.49566809000680223,3.587559064044399e-06,1.556707686588827e-06,False,2920,128.67437794800207,0,0,0.005622783517050664,9533152965.343245,outputs/Mach_interpolation/bump/iso/hessian/eig/h0.025/M2.20-2.30/drift_null/gmin0.0001
eig,0.025,mach,0.0,2.3,2.4,14178,null,0.0001,12,0.0011275792572816646,0.0015378133619101326,0.0009027916323509436,0.08916120297133645,0.07977986335754395,0.10836313691069499,0.0011084638659825407,0.0007531456434518159,0.0006260706212376402,4.596329371604381e-05,1.553770136461557e-06,1.2679493581509488e-05,0.0004869290095803922,1.0787712995471063e-05,8.434807660077463e-05,0.28085315213214107,0.2806072429983163,0.28064867406948335,0.0077567455712295695,0.27161004546178247,,0.0026251676934408185,0.0031410248263918127,0.001999767576213592,nan,nan,nan,0.9709849498698807,0.9992875179711894,0.9853782580365221,nan,nan,nan,129.67214994400274,0.2613707249984145,129.93352066900115,0.007536506978794932,0.22176063898950815,0.22929714596830308,0.00026851496659219265,0.011029600049369037,0.494432112085633,9.36875938606363e-07,3.755774796242313e-07,False,2662,129.67214994400274,0,0,0.005400148771550915,280603717.4809229,outputs/Mach_interpolation/bump/iso/hessian/eig/h0.025/M2.30-2.40/drift_null/gmin0.0001
eig,0.025,mach,0.0,2.4,2.5,14178,null,0.0001,12,0.0009051023916110401,0.0011841660659653048,0.0008407527302371732,0.08610713430184491,0.06284880638122559,0.09772280887966955,0.001015802948087257,0.000601681114862744,0.00046208028949459574,3.76655083500139e-05,7.97072893599633e-07,5.042953604158822e-05,0.0004623828875696401,2.474417495375457e-05,0.00032469372301333066,0.25893661250401906,0.2587145745690062,0.25886677407054626,0.007360093453036782,0.25073711432258056,,0.002274602010823405,0.002244533296832303,0.0023889683693886833,nan,nan,nan,0.9730647132936593,1.0003305238478208,0.9881689708766245,nan,nan,nan,138.23406252301356,0.8193129669962218,139.05337549000978,0.007218086000648327,0.23030575099983253,0.23752383700048085,0.0006751839973730966,0.011718280002241954,1.0620150969916722,0.0001874705828530665,7.900640084158345e-05,False,3278,138.23406252301356,0,0,0.0045265976912008486,115454813.84626302,outputs/Mach_interpolation/bump/iso/hessian/eig/h0.025/M2.40-2.50/drift_null/gmin0.0001
eig,0.025,mach,0.0,2.5,2.6,14178,null,0.0001,12,0.0008889108036673903,0.0010469666647234437,0.0007912276504735533,0.08658039892281444,0.07099592685699463,0.10819103552628384,0.0010473849596775134,0.0005288550728742365,0.0005606657864024872,3.298609924055722e-05,8.955932579478645e-07,3.194252403000639e-05,0.0004011426371039246,1.4237048497277459e-05,4.872524751345056e-05,0.23952836367172828,0.2393323666796562,0.2393026897199693,0.006998826408416757,0.23223658352985732,,0.002080714451970068,0.0018745160611755693,0.0019547838448895714,nan,nan,nan,0.9376437024030472,0.9908905341863798,0.907552271707641,nan,nan,nan,131.37805985400337,0.3339376639924012,131.71199751799577,0.006615077989408746,0.22871128999395296,0.2353263679833617,0.0002535149978939444,0.011467300995718688,0.5743728439992992,1.9475372603494634e-07,7.304037414671647e-08,False,2922,131.37805985400337,0,0,0.004553986600961848,96153938041385.11,outputs/Mach_interpolation/bump/iso/hessian/eig/h0.025/M2.50-2.60/drift_null/gmin0.0001
eig,0.025,mach,0.0,2.6,2.7,14178,null,0.0001,12,0.0007764002680899707,0.0008895457814639087,0.0007296734962360258,0.17283338998450404,0.05968828201293963,0.09783867572231664,0.0009513400173299717,0.0005064616572233421,0.0009750073433809681,2.844917838942045e-05,2.0271403975922106e-06,0.00013022462978592997,0.00039745620143761325,2.363299358278886e-05,0.0002234723478947277,0.2222534874855487,0.22206434201382189,0.22193825065743827,0.006663093259941902,0.21573561638144959,,0.0015870052275870987,0.001116689935699535,0.0016751867646214874,nan,nan,nan,0.9432195326362427,0.9998103510630519,0.8394336053350391,nan,nan,nan,133.41391475126147,0.2619295371696353,133.6758442884311,0.007490174844861031,0.22234753891825676,0.2298377137631178,0.00026558712124824524,0.011113956570625305,0.4956597648561001,8.183018291418875e-06,3.2798446081509095e-06,False,2833,133.41391475126147,0,0,0.002886464893454995,2088343.574567118,outputs/Mach_interpolation/bump/iso/hessian/eig/h0.025/M2.60-2.70/drift_null/gmin0.0001
eig,0.025,mach,0.0,2.7,2.8,14178,null,0.0001,12,0.0006913837836712975,0.0007751887747621774,0.0006843212769107307,0.09341728280324535,0.04051101207733154,0.16123443096332135,0.0008676287536669015,0.00042978526335365477,0.0008054612910687013,2.782648967673742e-05,9.597017163761038e-07,0.00011726176376280567,0.0003565132458403601,1.3560393586890354e-05,0.0001617478785392374,0.2068450937327768,0.2066711779115191,0.20672035968165453,0.006357354208565533,0.20100540601965214,,0.001367642919816002,0.0007008935718990738,0.0017270218282870854,nan,nan,nan,0.939903535175883,0.9992945506092223,0.8966990783630717,nan,nan,nan,118.95832912507467,0.2595026110066101,119.21783173608128,0.006911270902492106,0.22058967896737158,0.2275009498698637,0.0006751290056854486,0.011116695939563215,0.4918868379900232,8.276109497273865e-06,3.62555253137382e-06,False,2139,118.95832912507467,0,0,0.0032258407596067445,1.0418836556496992e+280,outputs/Mach_interpolation/bump/iso/hessian/eig/h0.025/M2.70-2.80/drift_null/gmin0.0001
eig,0.025,mach,0.0,2.8,2.9,14178,null,0.0001,12,0.0007237182038528824,0.0006490333979466774,0.0005542275315441707,0.10099012777703065,0.035631418228149414,0.061195636649319596,0.0104611402844235,0.00037767415883125874,0.00042379185746780446,2.4110643618460446e-05,4.5006992835826885e-08,2.0710600225840267e-06,0.0003272778099825556,2.3994179483566302e-06,3.661155626381708e-05,0.193026856074506,0.19286282468136645,0.19288010220410168,0.0060770802906856694,0.18779254015364086,,0.0013031377291475776,0.0005441825444235515,0.0008790483024341436,nan,nan,nan,0.9430361101109276,0.9990783302201607,0.9876954458460915,nan,nan,nan,120.41204499200103,0.2621200930007035,120.67416508500173,0.0037789560010423884,0.22379079899110366,0.22756975499214604,0.0006957550067454576,0.011407251004129648,0.49801633300376125,0.011414396100690283,0.0010748900711218853,False,2251,120.41204499200103,0,0,0.0035391559328762697,2.8307940316759043e-05,outputs/Mach_interpolation/bump/iso/hessian/eig/h0.025/M2.80-2.90/drift_null/gmin0.0001
eig,0.025,mach,0.0,2.9,3.0,14178,null,0.0001,12,0.0006356612900372629,0.0005631676309710462,0.0005854337747190108,0.09926408375577189,0.03626084327697754,0.1325898920498414,0.0008828559565223002,0.0003843123182920577,0.00045951047446682596,2.4822411936066815e-05,4.1393191487670537e-07,8.260216951276166e-05,0.00028189414414549966,8.26012355244981e-06,5.733897023287181e-05,0.18061539680096847,0.1804718088652875,0.18050212898583878,0.005819543040618468,0.17590499314963315,,0.0012711133251755529,0.0005679058265928735,0.0013887587252786793,nan,nan,nan,0.9324972879545919,0.9994366836290776,0.898284204031376,nan,nan,nan,119.37554061699484,0.27778509000199847,119.65332570699684,0.004100076999748126,0.23748543100373354,0.24158550800348166,0.000229461002163589,0.011964272998739034,0.5274669290083693,0.00016368975717995227,5.6383464308965955e-05,False,2553,119.37554061699484,0,0,0.0037072291075028706,2.075955301632225e+278,outputs/Mach_interpolation/bump/iso/hessian/eig/h0.025/M2.90-3.00/drift_null/gmin0.0001
eig,0.025,mach,0.0,0.8,0.9,14178,null,0.001,9,0.02293509490761496,0.03029539114395383,0.02175141858527878,0.30823825774743074,0.3805096864700319,0.49482318043124385,0.03078088084879304,0.03464476252508611,0.04781160720324229,0.00046363109498181814,0.0007900158322713674,0.003049983700766664,0.0023039284042186813,0.014028579431983459,0.031371169679611656,1.903944371353678,1.9117383741970595,1.9076174081045854,0.018998579180271997,1.7354993160921375,,0.029183119550700545,0.05093174285459476,0.03960032364073092,nan,nan,nan,0.2952054765312341,0.3046713039530414,1.2202603223766764,nan,nan,nan,110.41578890100209,0.27036916299402947,110.68615806399612,0.006849188001069706,0.22523547699529445,0.23208466499636415,0.0006632119984715246,0.011537938000401482,0.5078078440055833,9.462496564083267e-08,4.679198532197079e-08,True,476,110.41578890100209,0,0,0.10220722002590947,2.753424000702987e+32,outputs/Mach_interpolation/bump/iso/hessian/eig/h0.025/M0.80-0.90/drift_null/gmin0.001
eig,0.025,mach,0.0,0.9,1.0,14178,null,0.001,9,0.03305185306234873,0.035745662517829596,0.020847403375466315,0.5392130536846267,0.4044692397117615,0.449806308560712,0.06526441931187622,0.04890256808027317,0.02983435891599935,0.004719778264843957,0.00039857639530288574,0.0016182606623810884,0.011129702927058997,0.0037646697947414745,0.02595407597382884,1.5271840519927913,1.5423804803499392,1.5447416469016724,0.027041769446186872,1.4503216666114114,,0.07786604660936693,0.0671370797485973,0.03781279795946724,nan,nan,nan,0.7871442974492951,0.6908389871532612,1.0073416627806338,nan,nan,nan,119.48915724600374,0.29324075399927096,119.78239800000301,0.007782666994899046,0.2211761340004159,0.22895880099531496,0.0006880270011606626,0.011296573000436183,0.5264036119988305,9.83004468935178e-08,3.134496696406946e-08,True,592,119.48915724600374,0,0,0.4086804244200717,5.475630325858705e+62,outputs/Mach_interpolation/bump/iso/hessian/eig/h0.025/M0.90-1.00/drift_null/gmin0.001
eig,0.025,mach,0.0,1.0,1.1,14178,null,0.001,9,0.023469878819305068,0.03700505962621573,0.021824199560647753,0.5253948270465159,0.5451236248016358,0.538814864215196,0.03698322553233703,0.05126256069895143,0.03409727474355621,0.0017214039630090326,0.0006946640076017282,0.0007188343284929377,0.004038679375426642,0.00473295693184434,0.014560879445559196,1.3413240506941404,1.3340107180593195,1.3512646308795841,0.025991492717672027,1.2715064258135511,,0.04155750457483865,0.07300496167437066,0.03203033378846705,nan,nan,nan,1.198824825756965,1.0723491397909035,1.2793581018782996,nan,nan,nan,111.10027826018631,0.26522747054696083,111.36550573073328,0.008230911567807198,0.22397912945598364,0.23221004102379084,0.0006825989112257957,0.011369282379746437,0.5012611234560609,9.886491625366034e-08,3.4838842871127674e-08,True,513,111.10027826018631,0,0,0.17803254923729883,3.6387530711268734e+49,outputs/Mach_interpolation/bump/iso/hessian/eig/h0.025/M1.00-1.10/drift_null/gmin0.001
eig,0.025,mach,0.0,1.1,1.2,14178,null,0.001,9,0.02741386674587025,0.03247163597739042,0.017598923386764026,0.47778461407492345,0.5417252540588378,0.44476545245678567,0.06353122722930639,0.04220959235919115,0.021910598701914818,0.0004930181093302349,0.0006373860203771697,0.0014053221541577526,0.008143988257317868,0.0033407280229947015,0.022010434029856068,1.1705740590677394,1.1710032484060273,1.2099007971019773,0.020776967718327023,1.1097159568883825,,0.0573915130696399,0.08985880232467058,0.03857154445340621,nan,nan,nan,0.7885759220050635,0.8793589894569491,1.0658647790663949,nan,nan,nan,106.84225386398612,0.26401102199452,107.10626488598064,0.007393451989628375,0.22232186695327982,0.2297153189429082,0.0007109559956006706,0.011265579028986394,0.4983115670038387,8.962868136563884e-08,2.7233630645877494e-08,True,508,106.84225386398612,0,0,0.04090483106577344,86611521144434.7,outputs/Mach_interpolation/bump/iso/hessian/eig/h0.025/M1.10-1.20/drift_null/gmin0.001
eig,0.025,mach,0.0,1.2,1.3,14178,null,0.001,9,0.02177146640152169,0.02702835586566296,0.012405185718116498,0.4463464104206145,0.47996468544006343,0.41024400760984836,0.03813381208591862,0.01462275045315479,0.007597151118524082,0.001146988322983533,0.00042709013654366714,0.0008800582339647622,0.0017395986620413935,0.0023098187172959023,0.012330567913940568,1.0146250484353585,1.0143047021567924,1.0201976698095465,0.022132467191503778,0.9506009514926039,,0.043479416254683115,0.08025081069945174,0.033450349684004156,nan,nan,nan,0.5105510710471882,0.9684457555007435,0.7985012444803101,nan,nan,nan,103.00626096400083,0.2640935170056764,103.2703544810065,0.006578099993930664,0.22589067700027954,0.2324687769942102,0.0006907839997438714,0.011403785996662918,0.50208133799606,9.036020287567226e-08,3.142053592292287e-08,True,552,103.00626096400083,0,0,0.11049385718998861,3.016203265264466e+26,outputs/Mach_interpolation/bump/iso/hessian/eig/h0.025/M1.20-1.30/drift_null/gmin0.001
eig,0.025,mach,0.0,1.3,1.4,14178,null,0.001,9,0.018508948272658213,0.022781622390052932,0.01124948417706433,0.4324178811468804,0.49966206550598136,0.3788577170067633,0.035724868901552444,0.019014734471367437,0.013179492622436971,0.0008064052027046902,0.0001627396170270345,0.0007371298764484404,0.0018604109839788219,0.00299338169543976,0.003534368640182565,0.8668384955133628,0.8660982042667221,0.868197415421628,0.02068192312900262,0.8195398278460284,,0.028626810828109226,0.06395854199213431,0.024322008451970772,nan,nan,nan,0.543633866638364,0.6386120701556732,0.928111331756068,nan,nan,nan,103.55278896700474,0.26323007800237974,103.81601904500712,0.0063956939993659034,0.22226588399644243,0.22866157799580833,0.0006908659997861832,0.011281270999461412,0.49747059299988905,9.836752923320091e-08,4.009078872439173e-08,True,535,103.55278896700474,0,0,0.1210158041808009,1.4642203030890025e+34,outputs/Mach_interpolation/bump/iso/hessian/eig/h0.025/M1.30-1.40/drift_null/gmin0.001
eig,0.025,mach,0.0,1.4,1.5,14178,null,0.001,9,0.01556580678655007,0.017969684489217045,0.008119608411138271,0.37160858518065365,0.42637851238250724,0.38755014951777644,0.025839592977961942,0.016375269971348125,0.00783666504409412,0.0011966382576863296,8.322467856235656e-05,0.00153384106643401,0.0036360325257195716,0.00038949550910880347,0.006271738089915879,0.7444980095049722,0.7474212849965505,0.7501637607901167,0.016716337289495495,0.7054520635007007,,0.028341213518587524,0.05056556924351167,0.02058232626503189,nan,nan,nan,0.6604883915796221,0.9873981320356424,0.8210007960022236,nan,nan,nan,114.57498864300578,0.26967278799565975,114.84466143100144,0.011431068000092637,0.2287915630004136,0.24022263100050623,0.0006463519966928288,0.011649968000710942,0.5107628559999284,9.843071602233522e-08,4.082676894487265e-08,True,667,114.57498864300578,0,0,0.056327583852951404,2125995053.902054,outputs/Mach_interpolation/bump/iso/hessian/eig/h0.025/M1.40-1.50/drift_null/gmin0.001
eig,0.025,mach,0.0,1.5,1.6,14178,null,0.001,9,0.013319016644640086,0.013629918946952724,0.007007788058198416,0.27754585695980305,0.25256540775299063,0.297835819377928,0.02520130110334415,0.013173333428219261,0.006127572011662319,0.0011303369178635669,2.3147105276507788e-05,0.0009187421166829668,0.004503042830204652,0.00011084690928418893,0.002907377907272616,0.6464350763162537,0.6482122688001968,0.6521764787630486,0.01446055605864703,0.6151080673116787,,0.025239726785332452,0.03487639240828002,0.02241613388676257,nan,nan,nan,0.7818475448583581,1.0098096283058111,0.9786495142417014,nan,nan,nan,109.53837944194674,0.27211290202103555,109.81049234396778,0.008567854994907975,0.23118123493622988,0.23974908993113786,0.0006754100322723389,0.011679504066705704,0.5156515850685537,9.365449393783365e-08,3.728797691062983e-08,True,578,109.53837944194674,0,0,0.03509843414674633,220976.89120686406,outputs/Mach_interpolation/bump/iso/hessian/eig/h0.025/M1.50-1.60/drift_null/gmin0.001
eig,0.025,mach,0.0,1.6,1.7,14178,null,0.001,9,0.009652587220325262,0.009634788045739348,0.0035936623760147914,0.3221705522811287,0.21437619924545293,0.2229253419376951,0.02152224918118427,0.010290482904291652,0.004236674927222791,0.001237040915588536,1.3032139418354574e-05,0.0006422763080145337,0.003743537124593324,7.292288365141126e-05,0.003689774956343841,0.5676427307140511,0.5691595332912968,0.5690132332056312,0.012873854992182512,0.5422056239775418,,0.011784587961124348,0.01682274633280276,0.006059428664582473,nan,nan,nan,1.0287715496454102,0.9987104038584945,0.837423945528628,nan,nan,nan,111.20741084899782,0.2977876790027949,111.50519852800062,0.007516313999076374,0.2220322689972818,0.22954858299635816,0.000686096005665604,0.011220038002647925,0.5317284280026797,9.709803894253355e-08,3.520669339868081e-08,True,647,111.20741084899782,0,0,0.02434755977305376,5556.09597616898,outputs/Mach_interpolation/bump/iso/hessian/eig/h0.025/M1.60-1.70/drift_null/gmin0.001
eig,0.025,mach,0.0,1.7,1.8,14178,null,0.001,9,0.007244755277728176,0.007108803915660731,0.0020017354221536347,0.31710972908796276,0.17157201766967778,0.15465559706154353,0.018852729945238993,0.008044049474097993,0.004961228952899796,0.001043170019799552,7.645217826637118e-06,0.00029246773484297367,0.004407839648897577,2.9380078527251206e-05,0.001306379580023726,0.5039561263814536,0.5045536064955568,0.5038238965396146,0.011671671695359145,0.48224361762463475,,0.00862550556076431,0.012319256342090835,0.0040741138083200635,nan,nan,nan,1.167467847989422,0.9654431470661549,0.890977157038519,nan,nan,nan,109.26358143700054,0.3027339429972926,109.56631537999783,0.0069219709985191,0.2334151910035871,0.2403371620021062,0.0007636379959876649,0.011915866001800168,0.5488314440008253,9.831664882220537e-08,3.948308791604296e-08,True,509,109.26358143700054,0,0,0.025659128425254467,26943.82346629724,outputs/Mach_interpolation/bump/iso/hessian/eig/h0.025/M1.70-1.80/drift_null/gmin0.001
eig,0.025,mach,0.0,1.8,1.9,14178,null,0.001,9,0.005746549082322139,0.005463829302184917,0.0028197718357334343,0.33882725509974376,0.1368711709976198,0.1748470654418981,0.016982744088837615,0.006761177141230359,0.004458387948756232,0.001015909346342303,3.719715786361146e-06,0.00021367142918755794,0.003460041350893376,6.128332299462326e-05,0.0013278606601102954,0.45037290596627816,0.4508670987140098,0.45132356831543646,0.010719655964195511,0.43208480288219003,,0.007162917961031158,0.009362394978193586,0.003899291046253406,nan,nan,nan,1.2546283623663521,0.9957433901046061,0.9824067762668713,nan,nan,nan,108.47282149270177,0.27770040929317474,108.75052190199494,0.008335297927260399,0.23825702257454395,0.24659232050180435,0.0006807548925280571,0.012205960229039192,0.5288464315235615,8.940698936754643e-08,3.40317094101396e-08,True,579,108.47282149270177,0,0,0.023956372233444583,6227.701466906501,outputs/Mach_interpolation/bump/iso/hessian/eig/h0.025/M1.80-1.90/drift_null/gmin0.001
eig,0.025,mach,0.0,1.9,2.0,14178,null,0.001,9,0.004670135559199293,0.003976337696807014,0.001483122392445283,0.3587592090781673,0.1170452594757081,0.13644584435004492,0.01723464262619121,0.006790140077593037,0.0017691381703992854,0.0007965183538802431,6.498119924385659e-06,6.020822439059374e-05,0.0038097887607945933,3.515048382263242e-05,0.0001481785983683475,0.4055263393577904,0.4056580636775138,0.4057158794628215,0.00992707639282046,0.3897114688308166,,0.006163998206625382,0.006898611784779407,0.0025070543069453406,nan,nan,nan,1.2258131532538217,0.9984806358594513,0.9576385736675618,nan,nan,nan,107.04362449306063,0.2628405879950151,107.30646508105565,0.009646613034419715,0.22277832694817334,0.23242493998259306,0.0006947460351511836,0.011273229029029608,0.4975893039954826,9.354414576279169e-08,3.8246182837755914e-08,True,561,107.04362449306063,0,0,0.026009942759872177,257464.12354163438,outputs/Mach_interpolation/bump/iso/hessian/eig/h0.025/M1.90-2.00/drift_null/gmin0.001
eig,0.025,mach,0.0,2.0,2.1,14178,null,0.001,9,0.0042987575428287406,0.003205290944329914,0.0012146120621287862,0.3746442925465403,0.0929955244064331,0.07961531771146868,0.016674147987140453,0.0052821977704516345,0.0012774901505614906,0.0008653797491724193,4.76902390012219e-06,5.837551207537552e-05,0.002893501890467202,1.712742905500707e-05,0.00020687950287537647,0.36676559999143216,0.3671603648176373,0.36725950302925514,0.009258008275207326,0.35349380518668766,,0.006459463446307316,0.0058294988881535045,0.002464542957027376,nan,nan,nan,1.497866969190215,0.9918152355245781,0.9848365762656621,nan,nan,nan,107.93600276300276,0.26319150200288277,108.19919426500564,0.006003087997669354,0.22353432099771453,0.22953740899538388,0.0006942620020709,0.011228978000872303,0.4986514670017641,9.797473499162379e-08,3.766526603789596e-08,True,615,107.93600276300276,0,0,0.01979245621384403,610.7283675777584,outputs/Mach_interpolation/bump/iso/hessian/eig/h0.025/M2.00-2.10/drift_null/gmin0.001
eig,0.025,mach,0.0,2.1,2.2,14178,null,0.001,9,0.0036805780814476363,0.0024130463078781395,0.0010249286214736586,0.3861115236590207,0.11605529785156254,0.12600952452477943,0.01399878957784045,0.0023516780991801275,0.000974925124059734,0.0008044264097589486,2.7721757524197917e-06,4.8347973079751315e-05,0.002287480418565382,9.842482249383049e-06,0.00026135875118016294,0.3339832303952489,0.3340775159284971,0.33394723184986075,0.008687248996070674,0.32230150480091474,,0.006094254245190018,0.004667327440313629,0.0021010061583061125,nan,nan,nan,1.3609375402493398,0.9988959344833792,0.9071947888238697,nan,nan,nan,110.47046698899067,0.2612552840000717,110.73172227299074,0.007094093001796864,0.22172151099948678,0.22881560400128365,0.000716121998266317,0.011288069988950156,0.4949828309909208,9.62534563164752e-08,3.4998070203291497e-08,True,675,110.47046698899067,0,0,0.01740183729496503,16.10514276184727,outputs/Mach_interpolation/bump/iso/hessian/eig/h0.025/M2.10-2.20/drift_null/gmin0.001
eig,0.025,mach,0.0,2.2,2.3,14178,null,0.001,9,0.0031242827116460033,0.00191998027338789,0.0009860999750190193,0.3974675723661476,0.07395954132080096,0.08616557559554794,0.01136283549968918,0.000930443835226681,0.0006673971070438294,0.0007676624647315408,2.316354225908143e-06,2.825306498007618e-05,0.002009484595379116,2.1328833906566728e-05,0.0001793506567745092,0.3056354368162961,0.3054893284491423,0.30557238457990854,0.00819311982047476,0.295237828117928,,0.005946933085459135,0.004012047445478429,0.002021952820908388,nan,nan,nan,1.2740230628586442,0.998691607530743,0.995387512773562,nan,nan,nan,116.41579733799153,0.2674566719942959,116.68325400998583,0.006921700012753718,0.22768298200389836,0.23460468201665208,0.0007332649984164163,0.011643263002042659,0.5075187769980403,9.434526404561439e-08,3.9131650504437254e-08,True,580,116.41579733799153,0,0,0.010647888732277719,7.231383108927815,outputs/Mach_interpolation/bump/iso/hessian/eig/h0.025/M2.20-2.30/drift_null/gmin0.001
eig,0.025,mach,0.0,2.3,2.4,14178,null,0.001,9,0.002633539704735282,0.0015378133619101326,0.0009027916323509436,0.40914655483487916,0.07977986335754395,0.10836313691069499,0.00982158909746171,0.0007531456434518159,0.0006260706212376402,0.0007091480242775124,1.553770136461557e-06,1.2679493581509488e-05,0.002034731708692123,1.0787712995471063e-05,8.434807660077463e-05,0.28084182523584605,0.2806072429983163,0.28064867406948335,0.0077567455712295695,0.27161004546178247,,0.005898729545424659,0.0031410248263918127,0.001999767576213592,nan,nan,nan,1.1286571961380916,0.9992875179711894,0.9853782580365221,nan,nan,nan,118.32878277194686,0.2643442590488121,118.59312703099567,0.007173515041358769,0.22178284300025553,0.2289563580416143,0.0007018690230324864,0.011280394974164665,0.49811173195485026,9.606594630895415e-08,3.6346801318112376e-08,True,591,118.32878277194686,0,0,0.010227435689371204,4.9691916597294234,outputs/Mach_interpolation/bump/iso/hessian/eig/h0.025/M2.30-2.40/drift_null/gmin0.001
eig,0.025,mach,0.0,2.4,2.5,14178,null,0.001,9,0.0023471504684706075,0.0011841660659653048,0.0008407527302371732,0.42412542252067187,0.06284880638122559,0.09772280887966955,0.009032370876663807,0.000601681114862744,0.00046208028949459574,0.0006561089392170193,7.97072893599633e-07,5.042953604158822e-05,0.0019552129869159773,2.474417495375457e-05,0.00032469372301333066,0.25883258360569283,0.2587145745690062,0.25886677407054626,0.007360093453036782,0.25073711432258056,,0.005422584842634422,0.002244533296832303,0.0023889683693886833,nan,nan,nan,1.0671411919646396,1.0003305238478208,0.9881689708766245,nan,nan,nan,124.24183107999852,0.28836426899943035,124.53019534899795,0.00756946399633307,0.2207993530028034,0.22836881699913647,0.0006741219985997304,0.011176392989000306,0.5210166909964755,9.813295953620127e-08,4.024788980230906e-08,True,776,124.24183107999852,0,0,0.010200459672115712,3.6859496947799735,outputs/Mach_interpolation/bump/iso/hessian/eig/h0.025/M2.40-2.50/drift_null/gmin0.001
eig,0.025,mach,0.0,2.5,2.6,14178,null,0.001,9,0.002276508771692016,0.0010469666647234437,0.0007912276504735533,0.44256327461225586,0.07099592685699463,0.10819103552628384,0.008646465519245068,0.0005288550728742365,0.0005606657864024872,0.0006199801402220159,8.955932579478645e-07,3.194252403000639e-05,0.0017698044817588627,1.4237048497277459e-05,4.872524751345056e-05,0.2393760685345682,0.2393323666796562,0.2393026897199693,0.006998826408416757,0.23223658352985732,,0.005338385301120121,0.0018745160611755693,0.0019547838448895714,nan,nan,nan,1.1137150382666416,0.9908905341863798,0.907552271707641,nan,nan,nan,117.80707346799318,0.2638120780029567,118.07088554599613,0.007406196993542835,0.22174451500177383,0.22915071199531667,0.0006697630014969036,0.011313273993437178,0.4975420539994957,9.918460186497668e-08,4.107637381866774e-08,True,630,117.80707346799318,0,0,0.010613813770931003,14.775017796037725,outputs/Mach_interpolation/bump/iso/hessian/eig/h0.025/M2.50-2.60/drift_null/gmin0.001
eig,0.025,mach,0.0,2.6,2.7,14178,null,0.001,9,0.0021641853328939194,0.0008895457814639087,0.0007296734962360258,0.45594784333427185,0.05968828201293963,0.09783867572231664,0.00871569488668205,0.0005064616572233421,0.0009750073433809681,0.0005904023877189255,2.0271403975922106e-06,0.00013022462978592997,0.0016287034482442534,2.363299358278886e-05,0.0002234723478947277,0.22216609605344542,0.22206434201382189,0.22193825065743827,0.006663093259941902,0.21573561638144959,,0.005111756180740811,0.001116689935699535,0.0016751867646214874,nan,nan,nan,1.0305673688515276,0.9998103510630519,0.8394336053350391,nan,nan,nan,120.73350133094937,0.25968947261571884,120.99319080356508,0.007688366807997227,0.2201549895107746,0.22784335631877184,0.0007005129009485245,0.011184598319232464,0.4917321763932705,9.863581684754763e-08,3.9922553504349535e-08,True,581,120.73350133094937,0,0,0.010000851361745115,2.5794499268079467,outputs/Mach_interpolation/bump/iso/hessian/eig/h0.025/M2.60-2.70/drift_null/gmin0.001
eig,0.025,mach,0.0,2.7,2.8,14178,null,0.001,9,0.0020782009169216706,0.0007751887747621774,0.0006843212769107307,0.47438914254727926,0.04051101207733154,0.16123443096332135,0.00834720878625173,0.00042978526335365477,0.0008054612910687013,0.0005380353349040376,9.597017163761038e-07,0.00011726176376280567,0.001411885402121082,1.3560393586890354e-05,0.0001617478785392374,0.20673949936878358,0.2066711779115191,0.20672035968165453,0.006357354208565533,0.20100540601965214,,0.00505174614436171,0.0007008935718990738,0.0017270218282870854,nan,nan,nan,1.00010289819478,0.9992945506092223,0.8966990783630717,nan,nan,nan,109.7897241570754,0.2625704649835825,110.05229462205898,0.007423873990774155,0.22091444698162377,0.22833832097239792,0.0006954250857234001,0.011257044970989227,0.4954395859967917,9.321918525984074e-08,2.4116087565502572e-08,True,392,109.7897241570754,0,0,0.009189479223827667,1.9992215800447272e+46,outputs/Mach_interpolation/bump/iso/hessian/eig/h0.025/M2.70-2.80/drift_null/gmin0.001
eig,0.025,mach,0.0,2.8,2.9,14178,null,0.001,9,0.002034808941341428,0.0006490333979466774,0.0005542275315441707,0.5061135093534572,0.035631418228149414,0.061195636649319596,0.008111967682171393,0.00037767415883125874,0.00042379185746780446,0.000489685983308011,4.5006992835826885e-08,2.0710600225840267e-06,0.0015055072568760251,2.3994179483566302e-06,3.661155626381708e-05,0.192857016837241,0.19286282468136645,0.19288010220410168,0.0060770802906856694,0.18779254015364086,,0.004788058142140617,0.0005441825444235515,0.0008790483024341436,nan,nan,nan,0.9359396051192352,0.9990783302201607,0.9876954458460915,nan,nan,nan,110.47420207200048,0.2652708840032574,110.73947295600374,0.003969223005697131,0.22270237599150278,0.2266715989971999,0.0006465319893322885,0.011480474000563845,0.5001026099926094,8.529953277047753e-08,2.7923938862959598e-08,True,408,110.47420207200048,0,0,0.01043941999834152,3.512103190389731,outputs/Mach_interpolation/bump/iso/hessian/eig/h0.025/M2.80-2.90/drift_null/gmin0.001
eig,0.025,mach,0.0,2.9,3.0,14178,null,0.001,9,0.0019945622520684053,0.0005631676309710462,0.0005854337747190108,0.5241002181346999,0.03626084327697754,0.1325898920498414,0.008066566602660644,0.0003843123182920577,0.00045951047446682596,0.00046099589377136184,4.1393191487670537e-07,8.260216951276166e-05,0.0014056650184244785,8.26012355244981e-06,5.733897023287181e-05,0.18050338460961843,0.1804718088652875,0.18050212898583878,0.005819543040618468,0.17590499314963315,,0.004783718168643171,0.0005679058265928735,0.0013887587252786793,nan,nan,nan,0.9035855872425952,0.9994366836290776,0.898284204031376,nan,nan,nan,108.32565069399425,0.258155853007338,108.58380654700159,0.0038039619976188987,0.2193283040105598,0.2231322660081787,0.0006831509963376448,0.011211921999347396,0.489381505001802,6.153695331079234e-08,2.000872191317396e-08,True,398,108.32565069399425,0,0,0.010721189473685895,3.888284463052737e+81,outputs/Mach_interpolation/bump/iso/hessian/eig/h0.025/M2.90-3.00/drift_null/gmin0.001
eig,0.025,mach,0.0,0.8,0.9,14178,null,0.01,6,0.025821800058660697,0.03029539114395383,0.02175141858527878,0.3503041999165546,0.3805096864700319,0.49482318043124385,0.03772093218007787,0.03464476252508611,0.04781160720324229,0.0009120342403602098,0.0007900158322713674,0.003049983700766664,0.016690728789453966,0.014028579431983459,0.031371169679611656,1.9086799296038224,1.9117383741970595,1.9076174081045854,0.018998579180271997,1.7354993160921375,,0.03156048232167345,0.05093174285459476,0.03960032364073092,nan,nan,nan,0.355497871409308,0.3046713039530414,1.2202603223766764,nan,nan,nan,97.97766240499914,0.2706900509947445,98.24835245599388,0.007194637000793591,0.22685638199618552,0.2340510189969791,0.000636686003417708,0.01140405399928568,0.5095915519996197,5.806658798235276e-08,1.9251379730904713e-08,True,89,97.97766240499914,0,0,0.08866728423140766,1566.634734300057,outputs/Mach_interpolation/bump/iso/hessian/eig/h0.025/M0.80-0.90/drift_null/gmin0.01
eig,0.025,mach,0.0,0.9,1.0,14178,null,0.01,6,0.03651050005652052,0.035745662517829596,0.020847403375466315,0.5251548870848195,0.4044692397117615,0.449806308560712,0.08256079658459087,0.04890256808027317,0.02983435891599935,0.004793531827724538,0.00039857639530288574,0.0016182606623810884,0.027285405456223735,0.0037646697947414745,0.02595407597382884,1.5393063020905573,1.5423804803499392,1.5447416469016724,0.027041769446186872,1.4503216666114114,,0.07889360327169767,0.0671370797485973,0.03781279795946724,nan,nan,nan,0.6696489511830036,0.6908389871532612,1.0073416627806338,nan,nan,nan,102.19270806699933,0.2979187669989187,102.49062683399825,0.006877887004520744,0.22347384799650172,0.23035173500102246,0.0006766560036339797,0.011100998002802953,0.5331725220021326,3.804662007667048e-08,1.4278926833850303e-08,True,100,102.19270806699933,0,0,0.3517546611693394,154813397.19699124,outputs/Mach_interpolation/bump/iso/hessian/eig/h0.025/M0.90-1.00/drift_null/gmin0.01
eig,0.025,mach,0.0,1.0,1.1,14178,null,0.01,6,0.026667504406703974,0.03700505962621573,0.021824199560647753,0.609942115553157,0.5451236248016358,0.538814864215196,0.05135821223133087,0.05126256069895143,0.03409727474355621,0.001033801591742638,0.0006946640076017282,0.0007188343284929377,0.011589480473777478,0.00473295693184434,0.014560879445559196,1.3539370792271874,1.3340107180593195,1.3512646308795841,0.025991492717672027,1.2715064258135511,,0.030353677963311856,0.07300496167437066,0.03203033378846705,nan,nan,nan,1.1517534187643914,1.0723491397909035,1.2793581018782996,nan,nan,nan,98.0719420351088,0.26427148189395666,98.33621351700276,0.007203776389360428,0.2219597203657031,0.22916349675506353,0.0006819684058427811,0.011472093872725964,0.4983883071690798,7.986831507267311e-08,3.0700761928908434e-08,True,109,98.0719420351088,0,0,0.16735955581614131,246301.84021021493,outputs/Mach_interpolation/bump/iso/hessian/eig/h0.025/M1.00-1.10/drift_null/gmin0.01
eig,0.025,mach,0.0,1.1,1.2,14178,null,0.01,6,0.033585337270491865,0.03247163597739042,0.017598923386764026,0.47936614751815787,0.5417252540588378,0.44476545245678567,0.091140408240767,0.04220959235919115,0.021910598701914818,0.0005184288386857819,0.0006373860203771697,0.0014053221541577526,0.0067016636146836435,0.0033407280229947015,0.022010434029856068,1.1757723227285446,1.1710032484060273,1.2099007971019773,0.020776967718327023,1.1097159568883825,,0.061105773000412054,0.08985880232467058,0.03857154445340621,nan,nan,nan,0.7966817270525134,0.8793589894569491,1.0658647790663949,nan,nan,nan,92.04960617399774,0.26535769598558545,92.31496386998333,0.007613337016664445,0.2224160800105892,0.23002941702725366,0.0006748079904355109,0.01126252202084288,0.49971348099643365,8.42296623559946e-08,4.629909323609844e-08,True,95,92.04960617399774,0,0,0.029716744000193872,10.690170654905293,outputs/Mach_interpolation/bump/iso/hessian/eig/h0.025/M1.10-1.20/drift_null/gmin0.01
eig,0.025,mach,0.0,1.2,1.3,14178,null,0.01,6,0.028856971508487064,0.02702835586566296,0.012405185718116498,0.5261203611641099,0.47996468544006343,0.41024400760984836,0.09148050053541308,0.01462275045315479,0.007597151118524082,0.002100986201366543,0.00042709013654366714,0.0008800582339647622,0.003895208842130978,0.0023098187172959023,0.012330567913940568,1.014983245079183,1.0143047021567924,1.0201976698095465,0.022132467191503778,0.9506009514926039,,0.04600851894811193,0.08025081069945174,0.033450349684004156,nan,nan,nan,0.717319357065317,0.9684457555007435,0.7985012444803101,nan,nan,nan,88.80087234500388,0.2601420799983316,89.06101442500221,0.007585982995806262,0.22213150799507275,0.22971749099087901,0.0006433960006688721,0.010891550002270378,0.49381136000010883,9.955131831038133e-08,4.304174719399037e-08,True,96,88.80087234500388,0,0,0.13971201999153052,157.8965238778399,outputs/Mach_interpolation/bump/iso/hessian/eig/h0.025/M1.20-1.30/drift_null/gmin0.01
eig,0.025,mach,0.0,1.3,1.4,14178,null,0.01,6,0.02567174686543577,0.022781622390052932,0.01124948417706433,0.45147816860291623,0.49966206550598136,0.3788577170067633,0.1363647283968342,0.019014734471367437,0.013179492622436971,0.0024520744947400088,0.0001627396170270345,0.0007371298764484404,0.009997589647461965,0.00299338169543976,0.003534368640182565,0.8672594034175405,0.8660982042667221,0.868197415421628,0.02068192312900262,0.8195398278460284,,0.032027307788529163,0.06395854199213431,0.024322008451970772,nan,nan,nan,0.5953415975427779,0.6386120701556732,0.928111331756068,nan,nan,nan,89.4630988009958,0.265605943997798,89.72870474499359,0.009167010997771285,0.2240979390044231,0.23326495000219438,0.0006951239993213676,0.011323195998556912,0.501724795998598,9.16780187321109e-08,3.310915297935476e-08,True,97,89.4630988009958,0,0,0.15156341163388953,1947.8848661371326,outputs/Mach_interpolation/bump/iso/hessian/eig/h0.025/M1.30-1.40/drift_null/gmin0.01
eig,0.025,mach,0.0,1.4,1.5,14178,null,0.01,6,0.021951298064539382,0.017969684489217045,0.008119608411138271,0.42706970364605623,0.42637851238250724,0.38755014951777644,0.13137863881083128,0.016375269971348125,0.00783666504409412,0.00165306395148368,8.322467856235656e-05,0.00153384106643401,0.0066001211793807035,0.00038949550910880347,0.006271738089915879,0.7379196956439854,0.7474212849965505,0.7501637607901167,0.016716337289495495,0.7054520635007007,,0.03211175939390762,0.05056556924351167,0.02058232626503189,nan,nan,nan,1.0348113662429523,0.9873981320356424,0.8210007960022236,nan,nan,nan,97.36721272700379,0.26151186200149823,97.62872458900529,0.007045774000289384,0.22390206400450552,0.2309478380047949,0.0005971100035822019,0.01099805100238882,0.4970131240042974,7.93602072945987e-08,3.7950899551123963e-08,True,104,97.36721272700379,0,0,0.08151160445060752,3.8793232896875036,outputs/Mach_interpolation/bump/iso/hessian/eig/h0.025/M1.40-1.50/drift_null/gmin0.01
eig,0.025,mach,0.0,1.5,1.6,14178,null,0.01,6,0.019858932309102705,0.013629918946952724,0.007007788058198416,0.3215758592705886,0.25256540775299063,0.297835819377928,0.11352957434032507,0.013173333428219261,0.006127572011662319,0.0010371728417755504,2.3147105276507788e-05,0.0009187421166829668,0.0046848169978552295,0.00011084690928418893,0.002907377907272616,0.6358463330402722,0.6482122688001968,0.6521764787630486,0.01446055605864703,0.6151080673116787,,0.028303422278344204,0.03487639240828002,0.02241613388676257,nan,nan,nan,1.0638218433637088,1.0098096283058111,0.9786495142417014,nan,nan,nan,93.73171518801246,0.27093486301600933,94.00265005102847,0.008734298986382782,0.23124722600914538,0.23998152499552816,0.0006861200090497732,0.011625410988926888,0.5144956429721788,9.842345355393078e-08,4.1479056044835884e-08,True,91,93.73171518801246,0,0,0.06966705217641235,1.3071655660206642,outputs/Mach_interpolation/bump/iso/hessian/eig/h0.025/M1.50-1.60/drift_null/gmin0.01
eig,0.025,mach,0.0,1.6,1.7,14178,null,0.01,6,0.01629281618332986,0.009634788045739348,0.0035936623760147914,0.3227556031683765,0.21437619924545293,0.2229253419376951,0.09616647436265079,0.010290482904291652,0.004236674927222791,0.00106752259731972,1.3032139418354574e-05,0.0006422763080145337,0.004124029987370381,7.292288365141126e-05,0.003689774956343841,0.5649477767819976,0.5691595332912968,0.5690132332056312,0.012873854992182512,0.5422056239775418,,0.015072172193003072,0.01682274633280276,0.006059428664582473,nan,nan,nan,1.2928752157980727,0.9987104038584945,0.837423945528628,nan,nan,nan,95.40984071999992,0.26221661300223786,95.67205733300216,0.0064725999982329085,0.22456008099834435,0.23103268099657726,0.0004014809965156019,0.011036638003133703,0.4982173390017124,9.01007863873815e-08,4.624074110990101e-08,True,94,95.40984071999992,0,0,0.06616241912902722,0.9419029080170046,outputs/Mach_interpolation/bump/iso/hessian/eig/h0.025/M1.60-1.70/drift_null/gmin0.01
eig,0.025,mach,0.0,1.7,1.8,14178,null,0.01,6,0.014108912375894277,0.007108803915660731,0.0020017354221536347,0.32687683559320213,0.17157201766967778,0.15465559706154353,0.0880063606932791,0.008044049474097993,0.004961228952899796,0.0009279537911517438,7.645217826637118e-06,0.00029246773484297367,0.004105413585011597,2.9380078527251206e-05,0.001306379580023726,0.5034969513181256,0.5045536064955568,0.5038238965396146,0.011671671695359145,0.48224361762463475,,0.012599308497579353,0.012319256342090835,0.0040741138083200635,nan,nan,nan,1.5415328775398351,0.9654431470661549,0.890977157038519,nan,nan,nan,95.76381953400414,0.48294501499913167,96.24676454900327,0.007401451999612618,0.22383435499796178,0.2312358069975744,0.0006741719989804551,0.011274349002633244,0.7187304260005476,9.965116964938403e-08,5.094858453368997e-08,True,92,95.76381953400414,0,0,0.05980004002601403,0.9879462615495481,outputs/Mach_interpolation/bump/iso/hessian/eig/h0.025/M1.70-1.80/drift_null/gmin0.01
eig,0.025,mach,0.0,1.8,1.9,14178,null,0.01,6,0.012876562426629901,0.005463829302184917,0.0028197718357334343,0.34544832383126334,0.1368711709976198,0.1748470654418981,0.08290775852863379,0.006761177141230359,0.004458387948756232,0.0008447103943513212,3.719715786361146e-06,0.00021367142918755794,0.0036315785114976215,6.128332299462326e-05,0.0013278606601102954,0.4486205358389574,0.4508670987140098,0.45132356831543646,0.010719655964195511,0.43208480288219003,,0.011174334000004602,0.009362394978193586,0.003899291046253406,nan,nan,nan,1.6941181507237069,0.9957433901046061,0.9824067762668713,nan,nan,nan,93.24519834294915,0.2646749261766672,93.50987326912582,0.007140650413930416,0.2243439257144928,0.23148457612842321,0.0007035480812191963,0.011480571702122688,0.5012055467814207,7.358649542488216e-08,1.976948104847385e-08,True,87,93.24519834294915,0,0,0.057395123140914286,0.9840921745382819,outputs/Mach_interpolation/bump/iso/hessian/eig/h0.025/M1.80-1.90/drift_null/gmin0.01
eig,0.025,mach,0.0,1.9,2.0,14178,null,0.01,6,0.012007586367520256,0.003976337696807014,0.001483122392445283,0.35897476705504516,0.1170452594757081,0.13644584435004492,0.07412335513743126,0.006790140077593037,0.0017691381703992854,0.0007758803342341142,6.498119924385659e-06,6.020822439059374e-05,0.004119343507303752,3.515048382263242e-05,0.0001481785983683475,0.4042841194397624,0.4056580636775138,0.4057158794628215,0.00992707639282046,0.3897114688308166,,0.01061931273819301,0.006898611784779407,0.0025070543069453406,nan,nan,nan,1.743781879652202,0.9984806358594513,0.9576385736675618,nan,nan,nan,92.54910889500752,0.26080831699073315,92.80991721199825,0.0072406219551339746,0.2219597219955176,0.22920034395065159,0.00029489491134881973,0.011014984920620918,0.49407980195246637,5.5890564176763746e-08,2.4981633548772232e-08,True,85,92.54910889500752,0,0,0.07073641111973608,1.2163771200544478,outputs/Mach_interpolation/bump/iso/hessian/eig/h0.025/M1.90-2.00/drift_null/gmin0.01
eig,0.025,mach,0.0,2.0,2.1,14178,null,0.01,6,0.011493065074916372,0.003205290944329914,0.0012146120621287862,0.3509552528684976,0.0929955244064331,0.07961531771146868,0.06829890447853083,0.0052821977704516345,0.0012774901505614906,0.0007451047089914022,4.76902390012219e-06,5.837551207537552e-05,0.0037715402088551297,1.712742905500707e-05,0.00020687950287537647,0.36685291409439175,0.3671603648176373,0.36725950302925514,0.009258008275207326,0.35349380518668766,,0.010735266607610554,0.0058294988881535045,0.002464542957027376,nan,nan,nan,1.9962878728227995,0.9918152355245781,0.9848365762656621,nan,nan,nan,93.81867794799473,0.26246295700548217,94.08114090500021,0.00886356399860233,0.22538305600028252,0.23424661999888485,0.00023701399913989007,0.011072836998209823,0.49915830900135916,4.4201643234487165e-08,1.8288092523446146e-08,True,88,93.81867794799473,0,0,0.05483605064948277,0.7985714715370046,outputs/Mach_interpolation/bump/iso/hessian/eig/h0.025/M2.00-2.10/drift_null/gmin0.01
eig,0.025,mach,0.0,2.1,2.2,14178,null,0.01,6,0.01084527630325851,0.0024130463078781395,0.0010249286214736586,0.3641244198228515,0.11605529785156254,0.12600952452477943,0.06416993426208725,0.0023516780991801275,0.000974925124059734,0.0006192367941208111,2.7721757524197917e-06,4.8347973079751315e-05,0.0025366054542017014,9.842482249383049e-06,0.00026135875118016294,0.3311833390639453,0.3340775159284971,0.33394723184986075,0.008687248996070674,0.32230150480091474,,0.0103492564591049,0.004667327440313629,0.0021010061583061125,nan,nan,nan,1.9434106933946562,0.9988959344833792,0.9071947888238697,nan,nan,nan,94.17789617499511,0.267258435007534,94.44515461000265,0.007344661993556656,0.2283305170130916,0.23567517900664825,0.0005624549958156422,0.011573373005376197,0.5077270229958231,3.8648977351840585e-08,1.3695567023924679e-08,True,90,94.17789617499511,0,0,0.056085883787620035,0.6684432143217284,outputs/Mach_interpolation/bump/iso/hessian/eig/h0.025/M2.10-2.20/drift_null/gmin0.01
eig,0.025,mach,0.0,2.2,2.3,14178,null,0.01,6,0.010119149437987652,0.00191998027338789,0.0009860999750190193,0.3803985430681287,0.07395954132080096,0.08616557559554794,0.060011362678759665,0.000930443835226681,0.0006673971070438294,0.0005846829809139013,2.316354225908143e-06,2.825306498007618e-05,0.0025285657476197205,2.1328833906566728e-05,0.0001793506567745092,0.3027280531848207,0.3054893284491423,0.30557238457990854,0.00819311982047476,0.295237828117928,,0.010131957944426527,0.004012047445478429,0.002021952820908388,nan,nan,nan,1.862218427116693,0.998691607530743,0.995387512773562,nan,nan,nan,101.03425789100584,0.2627455350011587,101.297003426007,0.00735853701189626,0.22215114400023594,0.2295096810121322,0.0006795939989387989,0.01123590899806004,0.4968152189976536,9.150902968713126e-08,3.9581883110751115e-08,True,89,101.03425789100584,0,0,0.040041226567681464,0.6549258202831516,outputs/Mach_interpolation/bump/iso/hessian/eig/h0.025/M2.20-2.30/drift_null/gmin0.01
eig,0.025,mach,0.0,2.3,2.4,14178,null,0.01,6,0.009534641621881128,0.0015378133619101326,0.0009027916323509436,0.3800638402914309,0.07977986335754395,0.10836313691069499,0.057351624471572854,0.0007531456434518159,0.0006260706212376402,0.0005690005514039001,1.553770136461557e-06,1.2679493581509488e-05,0.0022148262851098216,1.0787712995471063e-05,8.434807660077463e-05,0.27829132910381016,0.2806072429983163,0.28064867406948335,0.0077567455712295695,0.27161004546178247,,0.00997968229174877,0.0031410248263918127,0.001999767576213592,nan,nan,nan,1.6892901386789256,0.9992875179711894,0.9853782580365221,nan,nan,nan,102.72700881701894,0.26131285005249083,102.98832166707143,0.007661340059712529,0.22118446801323444,0.22884580807294697,0.0007065880345180631,0.011061472934670746,0.49426771397702396,9.144101920099956e-08,2.9738789158984545e-08,True,91,102.72700881701894,0,0,0.04014557043192601,0.6418097624057494,outputs/Mach_interpolation/bump/iso/hessian/eig/h0.025/M2.30-2.40/drift_null/gmin0.01
eig,0.025,mach,0.0,2.4,2.5,14178,null,0.01,6,0.009230080993481745,0.0011841660659653048,0.0008407527302371732,0.3887203610940353,0.06284880638122559,0.09772280887966955,0.056244574393773256,0.000601681114862744,0.00046208028949459574,0.0005381945152002443,7.97072893599633e-07,5.042953604158822e-05,0.0025906871798447,2.474417495375457e-05,0.00032469372301333066,0.2559413502172331,0.2587145745690062,0.25886677407054626,0.007360093453036782,0.25073711432258056,,0.009603238195516426,0.002244533296832303,0.0023889683693886833,nan,nan,nan,1.484838576644001,1.0003305238478208,0.9881689708766245,nan,nan,nan,105.23766492900177,0.3203256349952426,105.55799056399701,0.007800726998539176,0.22357263599405997,0.23137336299259914,0.0007065319950925186,0.011018137003702577,0.5556257360003656,7.411600133622187e-08,3.5403375661954667e-08,True,105,105.23766492900177,0,0,0.045860829788303456,0.6642668679211138,outputs/Mach_interpolation/bump/iso/hessian/eig/h0.025/M2.40-2.50/drift_null/gmin0.01
eig,0.025,mach,0.0,2.5,2.6,14178,null,0.01,6,0.009051532267278008,0.0010469666647234437,0.0007912276504735533,0.40041787995719735,0.07099592685699463,0.10819103552628384,0.05587094673108475,0.0005288550728742365,0.0005606657864024872,0.0005166592463631924,8.955932579478645e-07,3.194252403000639e-05,0.0026364519170826222,1.4237048497277459e-05,4.872524751345056e-05,0.2359721971618334,0.2393323666796562,0.2393026897199693,0.006998826408416757,0.23223658352985732,,0.009384311775969602,0.0018745160611755693,0.0019547838448895714,nan,nan,nan,1.4778868717479667,0.9908905341863798,0.907552271707641,nan,nan,nan,102.61939536999853,0.26189178599452134,102.88128715599305,0.010371117998147383,0.22307741300028283,0.23344853099843021,0.0007506450056098402,0.011218182000447996,0.4969420440029353,8.317186317441383e-08,3.105689716542518e-08,True,90,102.61939536999853,0,0,0.04898293959300229,0.6867057138187973,outputs/Mach_interpolation/bump/iso/hessian/eig/h0.025/M2.50-2.60/drift_null/gmin0.01
eig,0.025,mach,0.0,2.6,2.7,14178,null,0.01,6,0.008878936058248113,0.0008895457814639087,0.0007296734962360258,0.432529280611317,0.05968828201293963,0.09783867572231664,0.05615709140472615,0.0005064616572233421,0.0009750073433809681,0.0005447062921321026,2.0271403975922106e-06,0.00013022462978592997,0.003175028153034282,2.363299358278886e-05,0.0002234723478947277,0.21828077329384327,0.22206434201382189,0.22193825065743827,0.006663093259941902,0.21573561638144959,,0.00964784948804933,0.001116689935699535,0.0016751867646214874,nan,nan,nan,1.3979204578017492,0.9998103510630519,0.8394336053350391,nan,nan,nan,103.5070745749399,0.2611188106238842,103.76819338556379,0.007418040186166763,0.2202846510335803,0.22770269121974707,0.0006960928440093994,0.011400432325899601,0.493505097925663,8.126727912838305e-08,2.409525384787246e-08,True,98,103.5070745749399,0,0,0.05368111886375751,0.6748660276069604,outputs/Mach_interpolation/bump/iso/hessian/eig/h0.025/M2.60-2.70/drift_null/gmin0.01
eig,0.025,mach,0.0,2.7,2.8,14178,null,0.01,6,0.008653383201218232,0.0007751887747621774,0.0006843212769107307,0.4463629331891714,0.04051101207733154,0.16123443096332135,0.052259670054101946,0.00042978526335365477,0.0008054612910687013,0.0005341037452722097,9.597017163761038e-07,0.00011726176376280567,0.0029001183053586283,1.3560393586890354e-05,0.0001617478785392374,0.2029209621733509,0.2066711779115191,0.20672035968165453,0.006357354208565533,0.20100540601965214,,0.010087822869111363,0.0007008935718990738,0.0017270218282870854,nan,nan,nan,1.2624853883183245,0.9992945506092223,0.8966990783630717,nan,nan,nan,99.38021796103567,0.2602073409361765,99.64042530197185,0.0067305120173841715,0.22284703108016402,0.2295775430975482,0.00025453802663832903,0.011101532028988004,0.49441290798131377,9.10897419714729e-08,2.0915444435220333e-08,True,79,99.38021796103567,0,0,0.05007731987716588,88742.06229541803,outputs/Mach_interpolation/bump/iso/hessian/eig/h0.025/M2.70-2.80/drift_null/gmin0.01
eig,0.025,mach,0.0,2.8,2.9,14178,null,0.01,6,0.008620946619033447,0.0006490333979466774,0.0005542275315441707,0.45584924166500773,0.035631418228149414,0.061195636649319596,0.05185674200355576,0.00037767415883125874,0.00042379185746780446,0.0005223038966714183,4.5006992835826885e-08,2.0710600225840267e-06,0.0026929050344718652,2.3994179483566302e-06,3.661155626381708e-05,0.18956820713846279,0.19286282468136645,0.19288010220410168,0.0060770802906856694,0.18779254015364086,,0.00987724755495079,0.0005441825444235515,0.0008790483024341436,nan,nan,nan,1.123161359120782,0.9990783302201607,0.9876954458460915,nan,nan,nan,100.12068489700323,0.26150271999358665,100.38218761699682,0.0037896160065429285,0.22147801298706327,0.2252676289936062,0.0006765090074623004,0.011238926002988592,0.4948985210066894,9.288971281051772e-08,2.289773053655094e-08,True,83,100.12068489700323,0,0,0.05360824205941291,0.6696086551593613,outputs/Mach_interpolation/bump/iso/hessian/eig/h0.025/M2.80-2.90/drift_null/gmin0.01
eig,0.025,mach,0.0,2.9,3.0,14178,null,0.01,6,0.00850064293171268,0.0005631676309710462,0.0005854337747190108,0.45816380847970617,0.03626084327697754,0.1325898920498414,0.0488228213149451,0.0003843123182920577,0.00045951047446682596,0.0004980950730770968,4.1393191487670537e-07,8.260216951276166e-05,0.0027019915440411233,8.26012355244981e-06,5.733897023287181e-05,0.1767411262235138,0.1804718088652875,0.18050212898583878,0.005819543040618468,0.17590499314963315,,0.009713528137229026,0.0005679058265928735,0.0013887587252786793,nan,nan,nan,1.0162654794464174,0.9994366836290776,0.898284204031376,nan,nan,nan,98.77643396001076,0.2565283120056847,99.03296227201645,0.004496629000641406,0.22074629900453147,0.22524292800517287,0.0004561649984680116,0.010986109991790727,0.48871949200110976,5.614349873894753e-08,3.315568193080065e-08,True,77,98.77643396001076,0,0,0.05320455110669473,514343729510441.9,outputs/Mach_interpolation/bump/iso/hessian/eig/h0.025/M2.90-3.00/drift_null/gmin0.01
